date_scraped,flight_date,route,departure_time,arrival_time,duration_mins,airline,stops,price_usd,price_kes,source
2026-06-28 07:46,2026-07-05,NBO→MBA,19:20,20:35,75,Jambojet,0,62.0,8060,html_scrape
2026-06-28 07:46,2026-07-05,NBO→MBA,17:30,18:45,75,Jambojet,0,68.0,8840,html_scrape
2026-06-28 07:46,2026-07-05,NBO→MBA,16:00,17:00,60,Unknown,0,82.0,10660,html_scrape
2026-06-28 07:46,2026-07-05,NBO→MBA,21:10,22:25,75,Jambojet,0,68.0,8840,html_scrape
2026-06-28 07:46,2026-07-05,NBO→MBA,13:35,14:50,75,Jambojet,0,89.0,11570,html_scrape
2026-06-28 07:46,2026-07-05,NBO→MBA,08:25,09:40,75,Jambojet,0,75.0,9750,html_scrape
2026-06-28 07:46,2026-07-05,NBO→MBA,06:05,07:20,75,Jambojet,0,68.0,8840,html_scrape
2026-06-28 07:46,2026-07-05,NBO→MBA,09:40,10:55,75,Jambojet,0,89.0,11570,html_scrape
2026-06-28 07:46,2026-07-05,NBO→MBA,19:10,20:10,60,Unknown,0,93.0,12090,html_scrape
2026-06-28 07:46,2026-07-05,NBO→MBA,20:50,21:50,60,Unknown,0,93.0,12090,html_scrape
2026-06-28 07:48,2026-07-05,NBO→KIS,17:10,18:10,60,Jambojet,0,68.0,8840,html_scrape
2026-06-28 07:48,2026-07-05,NBO→KIS,12:50,13:50,60,Jambojet,0,75.0,9750,html_scrape
2026-06-28 07:48,2026-07-05,NBO→KIS,15:30,16:30,60,Jambojet,0,75.0,9750,html_scrape
2026-06-28 07:48,2026-07-05,NBO→KIS,09:10,10:10,60,Jambojet,0,68.0,8840,html_scrape
2026-06-28 07:48,2026-07-05,NBO→KIS,17:20,18:10,50,Unknown,0,86.0,11180,html_scrape
2026-06-28 07:48,2026-07-05,NBO→KIS,06:30,07:30,60,Jambojet,0,68.0,8840,html_scrape
2026-06-28 07:48,2026-07-05,NBO→KIS,18:00,18:50,50,Safarilink,0,105.0,13650,html_scrape
2026-06-28 07:48,2026-07-05,NBO→KIS,06:00,07:00,60,Jambojet,0,68.0,8840,html_scrape
2026-06-28 07:48,2026-07-05,NBO→KIS,19:20,20:10,50,Safarilink,0,105.0,13650,html_scrape
2026-06-28 07:48,2026-07-05,NBO→KIS,11:45,12:35,50,Unknown,0,127.0,16510,html_scrape
2026-06-28 07:50,2026-07-05,NBO→EDL,17:00,17:40,40,Unknown,0,72.0,9360,html_scrape
2026-06-28 07:50,2026-07-05,NBO→EDL,16:00,17:00,60,Jambojet,0,68.0,8840,html_scrape
2026-06-28 07:50,2026-07-05,NBO→EDL,18:30,19:30,60,Jambojet,0,68.0,8840,html_scrape
2026-06-28 07:50,2026-07-05,NBO→EDL,12:10,13:10,60,Jambojet,0,75.0,9750,html_scrape
2026-06-28 07:50,2026-07-05,NBO→EDL,09:30,10:30,60,Jambojet,0,82.0,10660,html_scrape
2026-06-28 07:50,2026-07-05,NBO→EDL,08:25,12:00,215,Unknown,1,305.0,39650,html_scrape
2026-06-28 07:50,2026-07-05,NBO→EDL,06:05,12:00,355,Unknown,1,305.0,39650,html_scrape
2026-06-28 07:50,2026-07-05,NBO→EDL,21:10,12:00,890,Jambojet,1,244.0,31720,html_scrape
2026-06-28 07:50,2026-07-05,NBO→EDL,23:59,12:00,721,Unknown,1,269.0,34970,html_scrape
2026-06-28 07:50,2026-07-05,NBO→EDL,20:30,12:00,930,Unknown,1,297.0,38610,html_scrape
2026-06-28 17:02,2026-07-05,NBO→MBA,06:05,07:20,75,Jambojet,0,75.0,9750,html_scrape
2026-06-28 17:06,2026-07-05,NBO→EDL,17:00,17:40,40,Unknown,0,53.0,6890,html_scrape
2026-06-28 17:06,2026-07-05,NBO→EDL,08:25,12:00,215,Unknown,1,314.0,40820,html_scrape
2026-06-29 08:53,2026-07-05,NBO→MBA,13:35,14:50,75,Jambojet,0,96.0,12480,html_scrape
2026-06-29 08:53,2026-07-05,NBO→MBA,08:25,09:40,75,Jambojet,0,82.0,10660,html_scrape
2026-06-29 08:53,2026-07-06,NBO→MBA,19:20,20:35,75,Jambojet,0,62.0,8060,html_scrape
2026-06-29 08:53,2026-07-06,NBO→MBA,18:15,19:30,75,Jambojet,0,68.0,8840,html_scrape
2026-06-29 08:53,2026-07-06,NBO→MBA,13:35,14:50,75,Jambojet,0,75.0,9750,html_scrape
2026-06-29 08:53,2026-07-06,NBO→MBA,21:10,22:25,75,Jambojet,0,62.0,8060,html_scrape
2026-06-29 08:53,2026-07-06,NBO→MBA,15:00,16:00,60,Unknown,0,88.0,11440,html_scrape
2026-06-29 08:53,2026-07-06,NBO→MBA,17:30,18:45,75,Jambojet,0,82.0,10660,html_scrape
2026-06-29 08:53,2026-07-06,NBO→MBA,13:00,14:00,60,Unknown,0,94.0,12220,html_scrape
2026-06-29 08:53,2026-07-06,NBO→MBA,19:10,20:10,60,Unknown,0,88.0,11440,html_scrape
2026-06-29 08:53,2026-07-06,NBO→MBA,08:25,09:40,75,Jambojet,0,82.0,10660,html_scrape
2026-06-29 08:53,2026-07-06,NBO→MBA,06:05,07:20,75,Jambojet,0,75.0,9750,html_scrape
2026-06-29 08:55,2026-07-06,NBO→KIS,13:10,14:10,60,Jambojet,0,68.0,8840,html_scrape
2026-06-29 08:55,2026-07-06,NBO→KIS,15:30,16:30,60,Jambojet,0,68.0,8840,html_scrape
2026-06-29 08:55,2026-07-06,NBO→KIS,17:10,18:10,60,Jambojet,0,68.0,8840,html_scrape
2026-06-29 08:55,2026-07-06,NBO→KIS,09:20,10:20,60,Jambojet,0,75.0,9750,html_scrape
2026-06-29 08:55,2026-07-06,NBO→KIS,17:20,18:10,50,Unknown,0,81.0,10530,html_scrape
2026-06-29 08:55,2026-07-06,NBO→KIS,06:30,07:30,60,Jambojet,0,68.0,8840,html_scrape
2026-06-29 08:55,2026-07-06,NBO→KIS,06:00,07:00,60,Jambojet,0,75.0,9750,html_scrape
2026-06-29 08:55,2026-07-06,NBO→KIS,19:20,20:10,50,Safarilink,0,105.0,13650,html_scrape
2026-06-29 08:55,2026-07-06,NBO→KIS,06:50,07:40,50,Safarilink,0,105.0,13650,html_scrape
2026-06-29 08:55,2026-07-06,NBO→KIS,08:25,12:55,270,Unknown,1,327.0,42510,html_scrape
2026-06-29 08:56,2026-07-05,NBO→EDL,09:30,10:30,60,Jambojet,0,79.0,10270,html_scrape
2026-06-29 08:56,2026-07-05,NBO→EDL,08:25,12:00,215,Unknown,1,325.0,42250,html_scrape
2026-06-29 08:56,2026-07-05,NBO→EDL,20:30,12:00,930,Unknown,1,286.0,37180,html_scrape
2026-06-29 08:56,2026-07-06,NBO→EDL,17:00,17:40,40,Unknown,0,53.0,6890,html_scrape
2026-06-29 08:56,2026-07-06,NBO→EDL,18:30,19:30,60,Jambojet,0,62.0,8060,html_scrape
2026-06-29 08:56,2026-07-06,NBO→EDL,16:10,17:10,60,Jambojet,0,68.0,8840,html_scrape
2026-06-29 08:56,2026-07-06,NBO→EDL,09:30,10:30,60,Jambojet,0,75.0,9750,html_scrape
2026-06-29 08:56,2026-07-06,NBO→EDL,12:20,13:20,60,Jambojet,0,82.0,10660,html_scrape
2026-06-29 08:56,2026-07-06,NBO→EDL,06:20,07:20,60,Jambojet,0,68.0,8840,html_scrape
2026-06-29 08:56,2026-07-06,NBO→EDL,08:25,12:00,215,Unknown,1,327.0,42510,html_scrape
2026-06-29 08:56,2026-07-06,NBO→EDL,06:05,12:00,355,Unknown,1,314.0,40820,html_scrape
2026-06-29 08:56,2026-07-06,NBO→EDL,21:10,12:00,890,Unknown,1,286.0,37180,html_scrape
2026-06-29 08:56,2026-07-06,NBO→EDL,19:20,12:00,1000,Unknown,1,286.0,37180,html_scrape
2026-06-29 18:05,2026-07-05,NBO→MBA,16:00,17:00,60,Unknown,0,53.0,6890,html_scrape
2026-06-29 18:05,2026-07-05,NBO→MBA,17:30,18:45,75,Unknown,0,73.0,9490,html_scrape
2026-06-29 18:05,2026-07-05,NBO→MBA,21:10,22:25,75,Unknown,0,62.0,8060,html_scrape
2026-06-29 18:05,2026-07-05,NBO→MBA,09:40,10:55,75,Unknown,0,96.0,12480,html_scrape
2026-06-29 18:05,2026-07-05,NBO→MBA,08:00,09:00,60,Unknown,0,93.0,12090,html_scrape
2026-06-29 18:06,2026-07-06,NBO→MBA,18:15,19:30,75,Unknown,0,62.0,8060,html_scrape
2026-06-29 18:06,2026-07-06,NBO→MBA,07:00,08:00,60,Unknown,0,53.0,6890,html_scrape
2026-06-29 18:06,2026-07-06,NBO→MBA,13:35,14:50,75,Unknown,0,82.0,10660,html_scrape
2026-06-29 18:06,2026-07-06,NBO→MBA,06:05,07:20,75,Unknown,0,82.0,10660,html_scrape
2026-06-29 18:07,2026-07-05,NBO→KIS,17:20,18:10,50,Unknown,0,104.0,13520,html_scrape
2026-06-29 18:08,2026-07-06,NBO→KIS,13:10,14:10,60,Unknown,0,75.0,9750,html_scrape
2026-06-29 18:09,2026-07-05,NBO→EDL,16:00,17:00,60,Unknown,0,72.0,9360,html_scrape
2026-06-29 18:09,2026-07-05,NBO→EDL,21:10,12:00,890,Unknown,1,286.0,37180,html_scrape
2026-06-29 18:09,2026-07-06,NBO→EDL,18:30,19:30,60,Unknown,0,68.0,8840,html_scrape
2026-06-29 18:09,2026-07-06,NBO→EDL,09:30,10:30,60,Unknown,0,72.0,9360,html_scrape
2026-06-29 18:09,2026-07-06,NBO→EDL,12:20,13:20,60,Unknown,0,85.0,11050,html_scrape
2026-06-30 07:45,2026-07-05,NBO→MBA,17:30,18:45,75,Unknown,0,75.0,9750,html_scrape
2026-06-30 07:45,2026-07-05,NBO→MBA,08:25,09:40,75,Unknown,0,89.0,11570,html_scrape
2026-06-30 07:45,2026-07-07,NBO→MBA,17:05,18:20,75,Unknown,0,62.0,8060,html_scrape
2026-06-30 07:45,2026-07-07,NBO→MBA,17:30,18:45,75,Unknown,0,62.0,8060,html_scrape
2026-06-30 07:45,2026-07-07,NBO→MBA,19:20,20:35,75,Unknown,0,62.0,8060,html_scrape
2026-06-30 07:45,2026-07-07,NBO→MBA,21:10,22:25,75,Unknown,0,62.0,8060,html_scrape
2026-06-30 07:45,2026-07-07,NBO→MBA,08:25,09:40,75,Unknown,0,68.0,8840,html_scrape
2026-06-30 07:45,2026-07-07,NBO→MBA,13:30,14:45,75,Unknown,0,89.0,11570,html_scrape
2026-06-30 07:45,2026-07-07,NBO→MBA,06:00,07:15,75,Unknown,0,62.0,8060,html_scrape
2026-06-30 07:45,2026-07-07,NBO→MBA,09:35,10:50,75,Unknown,0,89.0,11570,html_scrape
2026-06-30 07:45,2026-07-07,NBO→MBA,19:10,20:10,60,Unknown,0,88.0,11440,html_scrape
2026-06-30 07:45,2026-07-07,NBO→MBA,07:00,08:00,60,Unknown,0,82.0,10660,html_scrape
2026-06-30 07:47,2026-07-05,NBO→KIS,17:10,18:10,60,Unknown,0,75.0,9750,html_scrape
2026-06-30 07:47,2026-07-05,NBO→KIS,15:30,16:30,60,Unknown,0,82.0,10660,html_scrape
2026-06-30 07:47,2026-07-07,NBO→KIS,15:30,16:30,60,Unknown,0,68.0,8840,html_scrape
2026-06-30 07:47,2026-07-07,NBO→KIS,18:50,19:50,60,Unknown,0,68.0,8840,html_scrape
2026-06-30 07:47,2026-07-07,NBO→KIS,11:40,12:30,50,Unknown,0,81.0,10530,html_scrape
2026-06-30 07:47,2026-07-07,NBO→KIS,09:20,10:20,60,Unknown,0,75.0,9750,html_scrape
2026-06-30 07:47,2026-07-07,NBO→KIS,17:20,18:10,50,Unknown,0,81.0,10530,html_scrape
2026-06-30 07:47,2026-07-07,NBO→KIS,06:30,07:30,60,Unknown,0,62.0,8060,html_scrape
2026-06-30 07:47,2026-07-07,NBO→KIS,06:00,07:00,60,Unknown,0,62.0,8060,html_scrape
2026-06-30 07:47,2026-07-07,NBO→KIS,19:20,20:10,50,Unknown,0,105.0,13650,html_scrape
2026-06-30 07:47,2026-07-07,NBO→KIS,06:50,07:40,50,Unknown,0,105.0,13650,html_scrape
2026-06-30 07:47,2026-07-07,NBO→KIS,08:25,12:55,270,Unknown,1,305.0,39650,html_scrape
2026-06-30 07:48,2026-07-05,NBO→EDL,08:25,12:00,215,Unknown,1,327.0,42510,html_scrape
2026-06-30 07:48,2026-07-05,NBO→EDL,23:59,12:00,721,Unknown,1,204.0,26520,html_scrape
2026-06-30 07:48,2026-07-05,NBO→EDL,16:00,10:30,1110,Unknown,2,200.0,26000,html_scrape
2026-06-30 07:49,2026-07-06,NBO→EDL,07:00,12:00,300,Unknown,1,164.0,21320,html_scrape
2026-06-30 07:49,2026-07-06,NBO→EDL,06:05,12:00,355,Unknown,1,325.0,42250,html_scrape
2026-06-30 07:49,2026-07-07,NBO→EDL,17:00,17:40,40,Unknown,0,53.0,6890,html_scrape
2026-06-30 07:49,2026-07-07,NBO→EDL,12:20,13:20,60,Unknown,0,68.0,8840,html_scrape
2026-06-30 07:49,2026-07-07,NBO→EDL,15:50,16:50,60,Unknown,0,68.0,8840,html_scrape
2026-06-30 07:49,2026-07-07,NBO→EDL,09:30,10:30,60,Unknown,0,68.0,8840,html_scrape
2026-06-30 07:49,2026-07-07,NBO→EDL,18:30,19:30,60,Unknown,0,72.0,9360,html_scrape
2026-06-30 07:49,2026-07-07,NBO→EDL,06:20,07:20,60,Unknown,0,68.0,8840,html_scrape
2026-06-30 07:49,2026-07-07,NBO→EDL,08:25,12:00,215,Unknown,1,305.0,39650,html_scrape
2026-06-30 07:49,2026-07-07,NBO→EDL,06:00,12:00,360,Unknown,1,286.0,37180,html_scrape
2026-06-30 07:49,2026-07-07,NBO→EDL,21:10,12:00,890,Unknown,1,286.0,37180,html_scrape
2026-06-30 07:49,2026-07-07,NBO→EDL,19:20,12:00,1000,Unknown,1,286.0,37180,html_scrape
2026-06-30 17:49,2026-07-05,NBO→MBA,21:10,22:25,75,Jambojet,0,65.0,8450,html_scrape
2026-06-30 17:49,2026-07-05,NBO→MBA,17:30,18:45,75,Jambojet,0,80.0,10400,html_scrape
2026-06-30 17:49,2026-07-05,NBO→MBA,06:05,07:20,75,Jambojet,0,80.0,10400,html_scrape
2026-06-30 17:49,2026-07-05,NBO→MBA,14:45,15:50,65,Safarilink,0,121.0,15730,html_scrape
2026-06-30 17:49,2026-07-05,NBO→MBA,14:00,15:10,70,Safarilink,0,121.0,15730,html_scrape
2026-06-30 17:49,2026-07-05,NBO→MBA,19:20,20:35,75,Jambojet,0,119.0,15470,html_scrape
2026-06-30 17:49,2026-07-06,NBO→MBA,18:15,19:30,75,Jambojet,0,65.0,8450,html_scrape
2026-06-30 17:49,2026-07-06,NBO→MBA,19:20,20:35,75,Jambojet,0,65.0,8450,html_scrape
2026-06-30 17:49,2026-07-06,NBO→MBA,21:10,22:25,75,Jambojet,0,65.0,8450,html_scrape
2026-06-30 17:49,2026-07-06,NBO→MBA,17:30,18:45,75,Jambojet,0,80.0,10400,html_scrape
2026-06-30 17:49,2026-07-06,NBO→MBA,13:35,14:50,75,Jambojet,0,95.0,12350,html_scrape
2026-06-30 17:49,2026-07-06,NBO→MBA,08:25,09:40,75,Jambojet,0,102.0,13260,html_scrape
2026-06-30 17:49,2026-07-07,NBO→MBA,17:05,18:20,75,Jambojet,0,65.0,8450,html_scrape
2026-06-30 17:49,2026-07-07,NBO→MBA,17:30,18:45,75,Jambojet,0,65.0,8450,html_scrape
2026-06-30 17:49,2026-07-07,NBO→MBA,07:00,08:00,60,Unknown,0,53.0,6890,html_scrape
2026-06-30 17:49,2026-07-07,NBO→MBA,21:10,22:25,75,Jambojet,0,65.0,8450,html_scrape
2026-06-30 17:49,2026-07-07,NBO→MBA,19:20,20:35,75,Jambojet,0,73.0,9490,html_scrape
2026-06-30 17:49,2026-07-07,NBO→MBA,08:25,09:40,75,Jambojet,0,73.0,9490,html_scrape
2026-06-30 17:49,2026-07-07,NBO→MBA,13:30,14:45,75,Jambojet,0,95.0,12350,html_scrape
2026-06-30 17:49,2026-07-07,NBO→MBA,09:35,10:50,75,Jambojet,0,95.0,12350,html_scrape
2026-06-30 17:49,2026-07-07,NBO→MBA,06:00,07:15,75,Jambojet,0,73.0,9490,html_scrape
2026-06-30 17:50,2026-07-05,NBO→KIS,12:50,13:50,60,Jambojet,0,80.0,10400,html_scrape
2026-06-30 17:50,2026-07-05,NBO→KIS,09:10,10:10,60,Jambojet,0,73.0,9490,html_scrape
2026-06-30 17:50,2026-07-05,NBO→KIS,17:10,18:10,60,Jambojet,0,80.0,10400,html_scrape
2026-06-30 17:50,2026-07-05,NBO→KIS,15:30,16:30,60,Jambojet,0,88.0,11440,html_scrape
2026-06-30 17:50,2026-07-05,NBO→KIS,06:30,07:30,60,Jambojet,0,73.0,9490,html_scrape
2026-06-30 17:50,2026-07-05,NBO→KIS,06:00,07:00,60,Jambojet,0,73.0,9490,html_scrape
2026-06-30 17:51,2026-07-06,NBO→KIS,15:30,16:30,60,Jambojet,0,73.0,9490,html_scrape
2026-06-30 17:51,2026-07-06,NBO→KIS,17:10,18:10,60,Jambojet,0,73.0,9490,html_scrape
2026-06-30 17:51,2026-07-06,NBO→KIS,13:10,14:10,60,Jambojet,0,80.0,10400,html_scrape
2026-06-30 17:51,2026-07-06,NBO→KIS,09:20,10:20,60,Jambojet,0,80.0,10400,html_scrape
2026-06-30 17:51,2026-07-06,NBO→KIS,06:30,07:30,60,Jambojet,0,80.0,10400,html_scrape
2026-06-30 17:51,2026-07-06,NBO→KIS,06:00,07:00,60,Jambojet,0,80.0,10400,html_scrape
2026-06-30 17:51,2026-07-06,NBO→KIS,08:25,12:55,270,Unknown,1,344.0,44720,html_scrape
2026-06-30 17:51,2026-07-07,NBO→KIS,18:50,19:50,60,Jambojet,0,73.0,9490,html_scrape
2026-06-30 17:51,2026-07-07,NBO→KIS,09:20,10:20,60,Jambojet,0,80.0,10400,html_scrape
2026-06-30 17:51,2026-07-07,NBO→KIS,15:30,16:30,60,Jambojet,0,95.0,12350,html_scrape
2026-06-30 17:51,2026-07-07,NBO→KIS,06:00,07:00,60,Jambojet,0,65.0,8450,html_scrape
2026-06-30 17:51,2026-07-07,NBO→KIS,06:30,07:30,60,Jambojet,0,73.0,9490,html_scrape
2026-06-30 17:52,2026-07-05,NBO→EDL,16:00,17:00,60,Jambojet,0,80.0,10400,html_scrape
2026-06-30 17:52,2026-07-05,NBO→EDL,12:10,13:10,60,Jambojet,0,84.0,10920,html_scrape
2026-06-30 17:52,2026-07-05,NBO→EDL,18:30,19:30,60,Jambojet,0,80.0,10400,html_scrape
2026-06-30 17:52,2026-07-05,NBO→EDL,09:30,10:30,60,Jambojet,0,84.0,10920,html_scrape
2026-06-30 17:52,2026-07-05,NBO→EDL,08:25,12:00,215,Unknown,1,355.0,46150,html_scrape
2026-06-30 17:52,2026-07-05,NBO→EDL,06:05,12:00,355,Unknown,1,314.0,40820,html_scrape
2026-06-30 17:52,2026-07-05,NBO→EDL,21:10,12:00,890,Unknown,1,297.0,38610,html_scrape
2026-06-30 17:52,2026-07-06,NBO→EDL,16:10,17:10,60,Jambojet,0,73.0,9490,html_scrape
2026-06-30 17:52,2026-07-06,NBO→EDL,18:30,19:30,60,Jambojet,0,73.0,9490,html_scrape
2026-06-30 17:52,2026-07-06,NBO→EDL,09:30,10:30,60,Jambojet,0,76.0,9880,html_scrape
2026-06-30 17:52,2026-07-06,NBO→EDL,12:20,13:20,60,Jambojet,0,91.0,11830,html_scrape
2026-06-30 17:52,2026-07-06,NBO→EDL,06:20,07:20,60,Jambojet,0,73.0,9490,html_scrape
2026-06-30 17:52,2026-07-06,NBO→EDL,06:05,12:00,355,Unknown,1,347.0,45110,html_scrape
2026-06-30 17:52,2026-07-06,NBO→EDL,17:30,07:20,830,Jambojet,2,222.0,28860,html_scrape
2026-06-30 17:53,2026-07-07,NBO→EDL,12:20,13:20,60,Jambojet,0,73.0,9490,html_scrape
2026-06-30 17:53,2026-07-07,NBO→EDL,15:50,16:50,60,Jambojet,0,73.0,9490,html_scrape
2026-06-30 17:53,2026-07-07,NBO→EDL,09:30,10:30,60,Jambojet,0,73.0,9490,html_scrape
2026-06-30 17:53,2026-07-07,NBO→EDL,18:30,19:30,60,Jambojet,0,76.0,9880,html_scrape
2026-06-30 17:53,2026-07-07,NBO→EDL,06:20,07:20,60,Jambojet,0,73.0,9490,html_scrape
2026-06-30 17:53,2026-07-07,NBO→EDL,06:00,12:00,360,Unknown,1,305.0,39650,html_scrape
2026-06-30 17:53,2026-07-07,NBO→EDL,17:30,12:00,1110,Unknown,1,286.0,37180,html_scrape
2026-07-01 08:06,2026-07-05,NBO→MBA,16:00,17:00,60,Unknown,0,65.0,8450,html_scrape
2026-07-01 08:06,2026-07-05,NBO→MBA,17:30,18:45,75,Jambojet,0,88.0,11440,html_scrape
2026-07-01 08:06,2026-07-05,NBO→MBA,19:10,20:10,60,Unknown,0,99.0,12870,html_scrape
2026-07-01 08:06,2026-07-06,NBO→MBA,07:00,08:00,60,Unknown,0,64.0,8320,html_scrape
2026-07-01 08:06,2026-07-07,NBO→MBA,12:00,13:00,60,Unknown,0,53.0,6890,html_scrape
2026-07-01 08:06,2026-07-08,NBO→MBA,19:00,20:15,75,Jambojet,0,65.0,8450,html_scrape
2026-07-01 08:06,2026-07-08,NBO→MBA,19:20,20:35,75,Jambojet,0,65.0,8450,html_scrape
2026-07-01 08:06,2026-07-08,NBO→MBA,21:10,22:25,75,Jambojet,0,65.0,8450,html_scrape
2026-07-01 08:06,2026-07-08,NBO→MBA,17:30,18:45,75,Jambojet,0,88.0,11440,html_scrape
2026-07-01 08:06,2026-07-08,NBO→MBA,20:10,21:10,60,Unknown,0,88.0,11440,html_scrape
2026-07-01 08:06,2026-07-08,NBO→MBA,07:00,08:00,60,Unknown,0,89.0,11570,html_scrape
2026-07-01 08:06,2026-07-08,NBO→MBA,06:05,07:20,75,Jambojet,0,88.0,11440,html_scrape
2026-07-01 08:06,2026-07-08,NBO→MBA,14:45,15:50,65,Safarilink,0,121.0,15730,html_scrape
2026-07-01 08:06,2026-07-08,NBO→MBA,14:00,15:10,70,Safarilink,0,121.0,15730,html_scrape
2026-07-01 08:06,2026-07-08,NBO→MBA,23:59,00:59,60,Unknown,0,88.0,11440,html_scrape
2026-07-01 08:08,2026-07-05,NBO→KIS,09:10,10:10,60,Jambojet,0,80.0,10400,html_scrape
2026-07-01 08:08,2026-07-06,NBO→KIS,09:20,10:20,60,Jambojet,0,86.0,11180,html_scrape
2026-07-01 08:08,2026-07-07,NBO→KIS,07:00,12:55,355,Jambojet,1,172.0,22360,html_scrape
2026-07-01 08:08,2026-07-08,NBO→KIS,17:10,18:10,60,Jambojet,0,73.0,9490,html_scrape
2026-07-01 08:08,2026-07-08,NBO→KIS,11:50,12:40,50,Unknown,0,81.0,10530,html_scrape
2026-07-01 08:08,2026-07-08,NBO→KIS,16:40,17:30,50,Unknown,0,81.0,10530,html_scrape
2026-07-01 08:08,2026-07-08,NBO→KIS,15:30,16:30,60,Jambojet,0,80.0,10400,html_scrape
2026-07-01 08:08,2026-07-08,NBO→KIS,06:00,07:00,60,Jambojet,0,65.0,8450,html_scrape
2026-07-01 08:08,2026-07-08,NBO→KIS,06:30,07:30,60,Jambojet,0,73.0,9490,html_scrape
2026-07-01 08:08,2026-07-08,NBO→KIS,19:20,20:10,50,Safarilink,0,105.0,13650,html_scrape
2026-07-01 08:08,2026-07-08,NBO→KIS,06:50,07:40,50,Safarilink,0,105.0,13650,html_scrape
2026-07-01 08:08,2026-07-08,NBO→KIS,09:20,10:20,60,Jambojet,0,126.0,16380,html_scrape
2026-07-01 08:08,2026-07-08,NBO→KIS,08:25,12:55,270,Unknown,1,373.0,48490,html_scrape
2026-07-01 08:09,2026-07-05,NBO→EDL,18:30,19:30,60,Jambojet,0,84.0,10920,html_scrape
2026-07-01 08:09,2026-07-05,NBO→EDL,08:25,12:00,215,Unknown,1,363.0,47190,html_scrape
2026-07-01 08:09,2026-07-05,NBO→EDL,06:05,12:00,355,Unknown,1,322.0,41860,html_scrape
2026-07-01 08:09,2026-07-05,NBO→EDL,16:00,10:30,1110,Unknown,2,212.0,27560,html_scrape
2026-07-01 08:10,2026-07-06,NBO→EDL,07:00,12:00,300,Jambojet,1,175.0,22750,html_scrape
2026-07-01 08:10,2026-07-08,NBO→EDL,17:00,17:40,40,Unknown,0,53.0,6890,html_scrape
2026-07-01 08:10,2026-07-08,NBO→EDL,12:20,13:20,60,Jambojet,0,73.0,9490,html_scrape
2026-07-01 08:10,2026-07-08,NBO→EDL,16:00,17:00,60,Jambojet,0,73.0,9490,html_scrape
2026-07-01 08:10,2026-07-08,NBO→EDL,09:30,10:30,60,Jambojet,0,73.0,9490,html_scrape
2026-07-01 08:10,2026-07-08,NBO→EDL,18:30,19:30,60,Jambojet,0,73.0,9490,html_scrape
2026-07-01 08:10,2026-07-08,NBO→EDL,06:20,07:20,60,Jambojet,0,73.0,9490,html_scrape
2026-07-01 08:10,2026-07-08,NBO→EDL,08:25,12:00,215,Unknown,1,373.0,48490,html_scrape
2026-07-01 08:10,2026-07-08,NBO→EDL,06:05,12:00,355,Unknown,1,325.0,42250,html_scrape
2026-07-01 08:10,2026-07-08,NBO→EDL,23:59,12:00,721,Unknown,1,264.0,34320,html_scrape
2026-07-01 08:10,2026-07-08,NBO→EDL,21:10,12:00,890,Unknown,1,277.0,36010,html_scrape
2026-07-01 17:49,2026-07-05,NBO→MBA,17:30,18:45,75,Unknown,0,95.0,12350,html_scrape
2026-07-01 17:49,2026-07-05,NBO→MBA,21:10,22:25,75,Unknown,0,80.0,10400,html_scrape
2026-07-01 17:49,2026-07-05,NBO→MBA,08:00,09:00,60,Unknown,0,99.0,12870,html_scrape
2026-07-01 17:49,2026-07-06,NBO→MBA,18:15,19:30,75,Unknown,0,80.0,10400,html_scrape
2026-07-01 17:49,2026-07-06,NBO→MBA,07:00,08:00,60,Unknown,0,78.0,10140,html_scrape
2026-07-01 17:49,2026-07-06,NBO→MBA,17:30,18:45,75,Unknown,0,102.0,13260,html_scrape
2026-07-01 17:49,2026-07-06,NBO→MBA,14:45,15:50,65,Unknown,0,121.0,15730,html_scrape
2026-07-01 17:49,2026-07-07,NBO→MBA,17:05,18:20,75,Unknown,0,73.0,9490,html_scrape
2026-07-01 17:49,2026-07-07,NBO→MBA,08:25,09:40,75,Unknown,0,80.0,10400,html_scrape
2026-07-01 17:49,2026-07-08,NBO→MBA,17:30,18:45,75,Unknown,0,95.0,12350,html_scrape
2026-07-01 17:49,2026-07-08,NBO→MBA,06:05,07:20,75,Unknown,0,102.0,13260,html_scrape
2026-07-01 17:51,2026-07-05,NBO→KIS,12:50,13:50,60,Unknown,0,88.0,11440,html_scrape
2026-07-01 17:51,2026-07-05,NBO→KIS,17:10,18:10,60,Unknown,0,88.0,11440,html_scrape
2026-07-01 17:51,2026-07-06,NBO→KIS,15:30,16:30,60,Unknown,0,80.0,10400,html_scrape
2026-07-01 17:51,2026-07-06,NBO→KIS,17:10,18:10,60,Unknown,0,80.0,10400,html_scrape
2026-07-01 17:51,2026-07-06,NBO→KIS,13:10,14:10,60,Unknown,0,86.0,11180,html_scrape
2026-07-01 17:51,2026-07-06,NBO→KIS,09:20,10:20,60,Unknown,0,88.0,11440,html_scrape
2026-07-01 17:51,2026-07-06,NBO→KIS,08:25,12:55,270,Unknown,1,381.0,49530,html_scrape
2026-07-01 17:52,2026-07-07,NBO→KIS,06:00,07:00,60,Unknown,0,73.0,9490,html_scrape
2026-07-01 17:52,2026-07-08,NBO→KIS,16:40,17:30,50,Unknown,0,87.0,11310,html_scrape
2026-07-01 17:52,2026-07-08,NBO→KIS,15:30,16:30,60,Unknown,0,88.0,11440,html_scrape
2026-07-01 17:53,2026-07-05,NBO→EDL,16:00,17:00,60,Unknown,0,84.0,10920,html_scrape
2026-07-01 17:53,2026-07-05,NBO→EDL,09:30,10:30,60,Unknown,0,88.0,11440,html_scrape
2026-07-01 17:53,2026-07-05,NBO→EDL,08:25,12:00,215,Unknown,1,381.0,49530,html_scrape
2026-07-01 17:53,2026-07-05,NBO→EDL,06:05,12:00,355,Unknown,1,340.0,44200,html_scrape
2026-07-01 17:53,2026-07-05,NBO→EDL,21:10,12:00,890,Unknown,1,314.0,40820,html_scrape
2026-07-01 17:53,2026-07-06,NBO→EDL,16:10,17:10,60,Unknown,0,76.0,9880,html_scrape
2026-07-01 17:53,2026-07-06,NBO→EDL,09:30,10:30,60,Unknown,0,80.0,10400,html_scrape
2026-07-01 17:53,2026-07-06,NBO→EDL,06:20,07:20,60,Unknown,0,84.0,10920,html_scrape
2026-07-01 17:53,2026-07-06,NBO→EDL,07:00,12:00,300,Unknown,1,189.0,24570,html_scrape
2026-07-01 17:53,2026-07-06,NBO→EDL,08:25,12:00,215,Unknown,1,364.0,47320,html_scrape
2026-07-01 17:53,2026-07-07,NBO→EDL,06:00,12:00,360,Unknown,1,297.0,38610,html_scrape
2026-07-01 17:53,2026-07-08,NBO→EDL,06:05,12:00,355,Unknown,1,327.0,42510,html_scrape
2026-07-02 07:24,2026-07-05,NBO→MBA,16:00,17:00,60,Unknown,0,101.0,13130,html_scrape
2026-07-02 07:24,2026-07-05,NBO→MBA,20:05,21:05,60,Unknown,0,93.0,12090,html_scrape
2026-07-02 07:24,2026-07-05,NBO→MBA,21:10,22:25,75,Unknown,0,88.0,11440,html_scrape
2026-07-02 07:24,2026-07-05,NBO→MBA,06:05,07:20,75,Unknown,0,88.0,11440,html_scrape
2026-07-02 07:25,2026-07-06,NBO→MBA,07:00,08:00,60,Unknown,0,89.0,11570,html_scrape
2026-07-02 07:25,2026-07-06,NBO→MBA,14:00,15:10,70,Unknown,0,121.0,15730,html_scrape
2026-07-02 07:25,2026-07-07,NBO→MBA,08:25,09:40,75,Unknown,0,88.0,11440,html_scrape
2026-07-02 07:25,2026-07-07,NBO→MBA,13:30,14:45,75,Unknown,0,102.0,13260,html_scrape
2026-07-02 07:25,2026-07-09,NBO→MBA,21:10,22:25,75,Unknown,0,65.0,8450,html_scrape
2026-07-02 07:25,2026-07-09,NBO→MBA,19:20,20:35,75,Unknown,0,73.0,9490,html_scrape
2026-07-02 07:25,2026-07-09,NBO→MBA,17:05,18:20,75,Unknown,0,80.0,10400,html_scrape
2026-07-02 07:25,2026-07-09,NBO→MBA,17:30,18:45,75,Unknown,0,80.0,10400,html_scrape
2026-07-02 07:25,2026-07-09,NBO→MBA,12:25,13:25,60,Unknown,0,88.0,11440,html_scrape
2026-07-02 07:25,2026-07-09,NBO→MBA,19:20,20:20,60,Unknown,0,88.0,11440,html_scrape
2026-07-02 07:25,2026-07-09,NBO→MBA,07:40,08:40,60,Unknown,0,94.0,12220,html_scrape
2026-07-02 07:25,2026-07-09,NBO→MBA,07:00,08:00,60,Unknown,0,89.0,11570,html_scrape
2026-07-02 07:25,2026-07-09,NBO→MBA,14:45,15:50,65,Unknown,0,121.0,15730,html_scrape
2026-07-02 07:25,2026-07-09,NBO→MBA,14:00,15:10,70,Unknown,0,121.0,15730,html_scrape
2026-07-02 07:26,2026-07-05,NBO→KIS,16:40,17:30,50,Unknown,0,86.0,11180,html_scrape
2026-07-02 07:26,2026-07-05,NBO→KIS,15:30,16:30,60,Unknown,0,95.0,12350,html_scrape
2026-07-02 07:26,2026-07-05,NBO→KIS,06:30,07:30,60,Unknown,0,65.0,8450,html_scrape
2026-07-02 07:26,2026-07-05,NBO→KIS,09:10,10:10,60,Unknown,0,88.0,11440,html_scrape
2026-07-02 07:26,2026-07-05,NBO→KIS,06:00,07:00,60,Unknown,0,65.0,8450,html_scrape
2026-07-02 07:26,2026-07-05,NBO→KIS,06:50,07:40,50,Unknown,0,105.0,13650,html_scrape
2026-07-02 07:26,2026-07-06,NBO→KIS,17:20,18:10,50,Unknown,0,87.0,11310,html_scrape
2026-07-02 07:26,2026-07-06,NBO→KIS,13:10,14:10,60,Unknown,0,88.0,11440,html_scrape
2026-07-02 07:27,2026-07-07,NBO→KIS,09:20,10:20,60,Unknown,0,88.0,11440,html_scrape
2026-07-02 07:27,2026-07-07,NBO→KIS,08:25,12:55,270,Unknown,1,325.0,42250,html_scrape
2026-07-02 07:27,2026-07-08,NBO→KIS,09:20,10:20,60,Unknown,0,134.0,17420,html_scrape
2026-07-02 07:27,2026-07-08,NBO→KIS,07:00,12:55,355,Unknown,1,265.0,34450,html_scrape
2026-07-02 07:27,2026-07-09,NBO→KIS,15:30,16:30,60,Unknown,0,73.0,9490,html_scrape
2026-07-02 07:27,2026-07-09,NBO→KIS,18:00,19:00,60,Unknown,0,73.0,9490,html_scrape
2026-07-02 07:27,2026-07-09,NBO→KIS,12:50,13:50,60,Unknown,0,88.0,11440,html_scrape
2026-07-02 07:27,2026-07-09,NBO→KIS,16:05,16:55,50,Unknown,0,99.0,12870,html_scrape
2026-07-02 07:27,2026-07-09,NBO→KIS,09:20,10:20,60,Unknown,0,95.0,12350,html_scrape
2026-07-02 07:27,2026-07-09,NBO→KIS,06:00,07:00,60,Unknown,0,73.0,9490,html_scrape
2026-07-02 07:27,2026-07-09,NBO→KIS,18:00,18:50,50,Unknown,0,105.0,13650,html_scrape
2026-07-02 07:27,2026-07-09,NBO→KIS,06:30,07:30,60,Unknown,0,80.0,10400,html_scrape
2026-07-02 07:27,2026-07-09,NBO→KIS,19:20,20:10,50,Unknown,0,105.0,13650,html_scrape
2026-07-02 07:27,2026-07-09,NBO→KIS,06:50,07:40,50,Unknown,0,105.0,13650,html_scrape
2026-07-02 07:28,2026-07-05,NBO→EDL,08:25,12:00,215,Unknown,1,390.0,50700,html_scrape
2026-07-02 07:28,2026-07-05,NBO→EDL,06:05,12:00,355,Unknown,1,349.0,45370,html_scrape
2026-07-02 07:28,2026-07-05,NBO→EDL,23:59,10:30,631,Unknown,2,239.0,31070,html_scrape
2026-07-02 07:28,2026-07-05,NBO→EDL,20:50,10:30,820,Unknown,2,239.0,31070,html_scrape
2026-07-02 07:28,2026-07-06,NBO→EDL,07:00,12:00,300,Unknown,1,200.0,26000,html_scrape
2026-07-02 07:28,2026-07-06,NBO→EDL,06:05,12:00,355,Unknown,1,355.0,46150,html_scrape
2026-07-02 07:28,2026-07-07,NBO→EDL,08:25,12:00,215,Unknown,1,325.0,42250,html_scrape
2026-07-02 07:28,2026-07-07,NBO→EDL,19:20,12:00,1000,Unknown,1,305.0,39650,html_scrape
2026-07-02 07:29,2026-07-08,NBO→EDL,06:05,12:00,355,Unknown,1,347.0,45110,html_scrape
2026-07-02 07:29,2026-07-08,NBO→EDL,19:00,12:00,1020,Unknown,1,277.0,36010,html_scrape
2026-07-02 07:29,2026-07-09,NBO→EDL,17:00,17:40,40,Unknown,0,53.0,6890,html_scrape
2026-07-02 07:29,2026-07-09,NBO→EDL,16:00,17:00,60,Unknown,0,73.0,9490,html_scrape
2026-07-02 07:29,2026-07-09,NBO→EDL,18:30,19:30,60,Unknown,0,73.0,9490,html_scrape
2026-07-02 07:29,2026-07-09,NBO→EDL,09:30,10:30,60,Unknown,0,73.0,9490,html_scrape
2026-07-02 07:29,2026-07-09,NBO→EDL,12:20,13:20,60,Unknown,0,84.0,10920,html_scrape
2026-07-02 07:29,2026-07-09,NBO→EDL,06:20,07:20,60,Unknown,0,73.0,9490,html_scrape
2026-07-02 07:29,2026-07-09,NBO→EDL,07:20,08:20,60,Unknown,0,76.0,9880,html_scrape
2026-07-02 07:29,2026-07-09,NBO→EDL,08:25,12:00,215,Unknown,1,338.0,43940,html_scrape
2026-07-02 07:29,2026-07-09,NBO→EDL,06:00,12:00,360,Unknown,1,316.0,41080,html_scrape
2026-07-02 07:29,2026-07-09,NBO→EDL,23:59,12:00,721,Unknown,1,264.0,34320,html_scrape
2026-07-02 17:33,2026-07-05,NBO→MBA,21:10,22:25,75,Unknown,0,95.0,12350,html_scrape
2026-07-02 17:33,2026-07-05,NBO→MBA,23:59,00:59,60,Unknown,0,93.0,12090,html_scrape
2026-07-02 17:33,2026-07-06,NBO→MBA,15:50,16:50,60,Unknown,0,88.0,11440,html_scrape
2026-07-02 17:33,2026-07-06,NBO→MBA,08:00,09:00,60,Unknown,0,94.0,12220,html_scrape
2026-07-02 17:33,2026-07-07,NBO→MBA,17:30,18:45,75,Unknown,0,73.0,9490,html_scrape
2026-07-02 17:33,2026-07-07,NBO→MBA,07:00,08:00,60,Unknown,0,65.0,8450,html_scrape
2026-07-02 17:33,2026-07-07,NBO→MBA,19:20,20:35,75,Unknown,0,80.0,10400,html_scrape
2026-07-02 17:33,2026-07-07,NBO→MBA,09:35,10:50,75,Unknown,0,102.0,13260,html_scrape
2026-07-02 17:33,2026-07-07,NBO→MBA,06:00,07:15,75,Unknown,0,80.0,10400,html_scrape
2026-07-02 17:33,2026-07-07,NBO→MBA,15:00,16:00,60,Unknown,0,120.0,15600,html_scrape
2026-07-02 17:33,2026-07-08,NBO→MBA,07:00,08:00,60,Unknown,0,53.0,6890,html_scrape
2026-07-02 17:33,2026-07-08,NBO→MBA,08:00,09:00,60,Unknown,0,126.0,16380,html_scrape
2026-07-02 17:33,2026-07-09,NBO→MBA,07:00,08:00,60,Unknown,0,53.0,6890,html_scrape
2026-07-02 17:33,2026-07-09,NBO→MBA,19:20,20:35,75,Unknown,0,80.0,10400,html_scrape
2026-07-02 17:33,2026-07-09,NBO→MBA,17:05,18:20,75,Unknown,0,88.0,11440,html_scrape
2026-07-02 17:33,2026-07-09,NBO→MBA,12:25,13:25,60,Unknown,0,94.0,12220,html_scrape
2026-07-02 17:33,2026-07-09,NBO→MBA,06:00,07:15,75,Unknown,0,88.0,11440,html_scrape
2026-07-02 17:34,2026-07-05,NBO→KIS,16:40,17:30,50,Unknown,0,92.0,11960,html_scrape
2026-07-02 17:34,2026-07-05,NBO→KIS,17:10,18:10,60,Unknown,0,95.0,12350,html_scrape
2026-07-02 17:34,2026-07-05,NBO→KIS,11:45,12:35,50,Unknown,0,109.0,14170,html_scrape
2026-07-02 17:35,2026-07-06,NBO→KIS,13:10,14:10,60,Unknown,0,73.0,9490,html_scrape
2026-07-02 17:35,2026-07-06,NBO→KIS,09:20,10:20,60,Unknown,0,76.0,9880,html_scrape
2026-07-02 17:35,2026-07-06,NBO→KIS,06:30,07:30,60,Unknown,0,73.0,9490,html_scrape
2026-07-02 17:35,2026-07-06,NBO→KIS,06:00,07:00,60,Unknown,0,73.0,9490,html_scrape
2026-07-02 17:35,2026-07-06,NBO→KIS,08:25,12:55,270,Unknown,1,372.0,48360,html_scrape
2026-07-02 17:35,2026-07-07,NBO→KIS,06:00,07:00,60,Unknown,0,78.0,10140,html_scrape
2026-07-02 17:35,2026-07-07,NBO→KIS,08:25,12:55,270,Unknown,1,355.0,46150,html_scrape
2026-07-02 17:35,2026-07-08,NBO→KIS,11:50,12:40,50,Unknown,0,87.0,11310,html_scrape
2026-07-02 17:35,2026-07-08,NBO→KIS,16:40,17:30,50,Unknown,0,104.0,13520,html_scrape
2026-07-02 17:35,2026-07-08,NBO→KIS,06:00,07:00,60,Unknown,0,73.0,9490,html_scrape
2026-07-02 17:35,2026-07-08,NBO→KIS,07:00,12:55,355,Unknown,1,229.0,29770,html_scrape
2026-07-02 17:35,2026-07-09,NBO→KIS,16:05,16:55,50,Unknown,0,104.0,13520,html_scrape
2026-07-02 17:36,2026-07-05,NBO→EDL,17:00,17:40,40,Unknown,0,61.0,7930,html_scrape
2026-07-02 17:36,2026-07-05,NBO→EDL,12:10,13:10,60,Unknown,0,88.0,11440,html_scrape
2026-07-02 17:36,2026-07-05,NBO→EDL,16:00,17:00,60,Unknown,0,88.0,11440,html_scrape
2026-07-02 17:36,2026-07-05,NBO→EDL,18:30,19:30,60,Unknown,0,88.0,11440,html_scrape
2026-07-02 17:36,2026-07-05,NBO→EDL,06:05,12:00,355,Unknown,1,351.0,45630,html_scrape
2026-07-02 17:36,2026-07-06,NBO→EDL,09:30,10:30,60,Unknown,0,88.0,11440,html_scrape
2026-07-02 17:36,2026-07-06,NBO→EDL,06:20,07:20,60,Unknown,0,88.0,11440,html_scrape
2026-07-02 17:36,2026-07-06,NBO→EDL,07:00,12:00,300,Unknown,1,225.0,29250,html_scrape
2026-07-02 17:36,2026-07-06,NBO→EDL,08:25,12:00,215,Unknown,1,363.0,47190,html_scrape
2026-07-02 17:36,2026-07-06,NBO→EDL,06:05,12:00,355,Unknown,1,390.0,50700,html_scrape
2026-07-02 17:36,2026-07-06,NBO→EDL,15:50,07:20,930,Unknown,2,229.0,29770,html_scrape
2026-07-02 17:37,2026-07-07,NBO→EDL,15:50,16:50,60,Unknown,0,76.0,9880,html_scrape
2026-07-02 17:37,2026-07-07,NBO→EDL,18:30,19:30,60,Unknown,0,80.0,10400,html_scrape
2026-07-02 17:37,2026-07-07,NBO→EDL,06:20,07:20,60,Unknown,0,76.0,9880,html_scrape
2026-07-02 17:37,2026-07-07,NBO→EDL,08:25,12:00,215,Unknown,1,347.0,45110,html_scrape
2026-07-02 17:37,2026-07-07,NBO→EDL,06:00,12:00,360,Unknown,1,325.0,42250,html_scrape
2026-07-02 17:37,2026-07-08,NBO→EDL,06:05,12:00,355,Unknown,1,355.0,46150,html_scrape
2026-07-02 17:37,2026-07-08,NBO→EDL,19:20,12:00,1000,Unknown,1,277.0,36010,html_scrape
2026-07-02 17:37,2026-07-09,NBO→EDL,07:20,08:20,60,Unknown,0,73.0,9490,html_scrape
2026-07-03 06:55,2026-07-05,NBO→MBA,08:00,09:00,60,Unknown,0,119.0,15470,html_scrape
2026-07-03 06:56,2026-07-06,NBO→MBA,13:35,14:50,75,Jambojet,0,119.0,15470,html_scrape
2026-07-03 06:56,2026-07-07,NBO→MBA,12:00,13:00,60,Unknown,0,65.0,8450,html_scrape
2026-07-03 06:56,2026-07-07,NBO→MBA,17:05,18:20,75,Jambojet,0,80.0,10400,html_scrape
2026-07-03 06:56,2026-07-07,NBO→MBA,14:45,15:50,65,Safarilink,0,121.0,15730,html_scrape
2026-07-03 06:56,2026-07-09,NBO→MBA,12:25,13:25,60,Unknown,0,114.0,14820,html_scrape
2026-07-03 06:56,2026-07-09,NBO→MBA,13:30,14:45,75,Jambojet,0,119.0,15470,html_scrape
2026-07-03 06:57,2026-07-10,NBO→MBA,12:00,13:00,60,Unknown,0,65.0,8450,html_scrape
2026-07-03 06:57,2026-07-10,NBO→MBA,18:15,19:30,75,Jambojet,0,65.0,8450,html_scrape
2026-07-03 06:57,2026-07-10,NBO→MBA,19:00,20:15,75,Jambojet,0,65.0,8450,html_scrape
2026-07-03 06:57,2026-07-10,NBO→MBA,19:20,20:35,75,Jambojet,0,65.0,8450,html_scrape
2026-07-03 06:57,2026-07-10,NBO→MBA,16:00,17:00,60,Unknown,0,78.0,10140,html_scrape
2026-07-03 06:57,2026-07-10,NBO→MBA,21:10,22:25,75,Jambojet,0,65.0,8450,html_scrape
2026-07-03 06:57,2026-07-10,NBO→MBA,17:30,18:45,75,Jambojet,0,80.0,10400,html_scrape
2026-07-03 06:57,2026-07-10,NBO→MBA,13:35,14:50,75,Jambojet,0,95.0,12350,html_scrape
2026-07-03 06:57,2026-07-10,NBO→MBA,19:10,20:10,60,Unknown,0,93.0,12090,html_scrape
2026-07-03 06:57,2026-07-10,NBO→MBA,07:00,08:00,60,Unknown,0,78.0,10140,html_scrape
2026-07-03 06:57,2026-07-05,NBO→KIS,12:50,13:50,60,Jambojet,0,95.0,12350,html_scrape
2026-07-03 06:58,2026-07-06,NBO→KIS,13:10,14:10,60,Jambojet,0,76.0,9880,html_scrape
2026-07-03 06:58,2026-07-06,NBO→KIS,06:00,07:00,60,Jambojet,0,76.0,9880,html_scrape
2026-07-03 06:58,2026-07-07,NBO→KIS,18:50,19:50,60,Jambojet,0,80.0,10400,html_scrape
2026-07-03 06:58,2026-07-07,NBO→KIS,06:30,07:30,60,Jambojet,0,80.0,10400,html_scrape
2026-07-03 06:58,2026-07-07,NBO→KIS,06:00,07:00,60,Jambojet,0,80.0,10400,html_scrape
2026-07-03 06:58,2026-07-08,NBO→KIS,17:10,18:10,60,Jambojet,0,80.0,10400,html_scrape
2026-07-03 06:58,2026-07-08,NBO→KIS,16:40,17:30,50,Unknown,0,117.0,15210,html_scrape
2026-07-03 06:58,2026-07-10,NBO→KIS,15:30,16:30,60,Jambojet,0,80.0,10400,html_scrape
2026-07-03 06:58,2026-07-10,NBO→KIS,17:10,18:10,60,Jambojet,0,80.0,10400,html_scrape
2026-07-03 06:58,2026-07-10,NBO→KIS,11:40,12:30,50,Unknown,0,86.0,11180,html_scrape
2026-07-03 06:58,2026-07-10,NBO→KIS,17:20,18:10,50,Unknown,0,86.0,11180,html_scrape
2026-07-03 06:58,2026-07-10,NBO→KIS,12:00,13:00,60,Jambojet,0,95.0,12350,html_scrape
2026-07-03 06:58,2026-07-10,NBO→KIS,18:00,18:50,50,Safarilink,0,105.0,13650,html_scrape
2026-07-03 06:58,2026-07-10,NBO→KIS,19:20,20:10,50,Safarilink,0,105.0,13650,html_scrape
2026-07-03 06:58,2026-07-10,NBO→KIS,06:00,07:00,60,Jambojet,0,80.0,10400,html_scrape
2026-07-03 06:58,2026-07-10,NBO→KIS,06:30,07:30,60,Jambojet,0,88.0,11440,html_scrape
2026-07-03 06:58,2026-07-10,NBO→KIS,09:20,10:20,60,Jambojet,0,111.0,14430,html_scrape
2026-07-03 06:59,2026-07-05,NBO→EDL,16:00,17:00,60,Jambojet,0,91.0,11830,html_scrape
2026-07-03 06:59,2026-07-05,NBO→EDL,09:30,10:30,60,Jambojet,0,91.0,11830,html_scrape
2026-07-03 06:59,2026-07-05,NBO→EDL,20:05,10:30,865,Unknown,2,239.0,31070,html_scrape
2026-07-03 06:59,2026-07-05,NBO→EDL,21:10,12:00,890,Unknown,1,335.0,43550,html_scrape
2026-07-03 06:59,2026-07-06,NBO→EDL,12:20,13:20,60,Jambojet,0,95.0,12350,html_scrape
2026-07-03 06:59,2026-07-06,NBO→EDL,06:20,07:20,60,Jambojet,0,91.0,11830,html_scrape
2026-07-03 06:59,2026-07-06,NBO→EDL,08:25,12:00,215,Unknown,1,372.0,48360,html_scrape
2026-07-03 07:00,2026-07-08,NBO→EDL,21:10,08:20,670,Jambojet,2,206.0,26780,html_scrape
2026-07-03 07:00,2026-07-08,NBO→EDL,19:20,08:20,780,Jambojet,2,206.0,26780,html_scrape
2026-07-03 07:00,2026-07-09,NBO→EDL,07:00,12:00,300,Unknown,1,220.0,28600,html_scrape
2026-07-03 07:00,2026-07-10,NBO→EDL,17:00,17:40,40,Unknown,0,53.0,6890,html_scrape
2026-07-03 07:00,2026-07-10,NBO→EDL,12:20,13:20,60,Jambojet,0,73.0,9490,html_scrape
2026-07-03 07:00,2026-07-10,NBO→EDL,16:00,17:00,60,Jambojet,0,73.0,9490,html_scrape
2026-07-03 07:00,2026-07-10,NBO→EDL,18:30,19:30,60,Jambojet,0,73.0,9490,html_scrape
2026-07-03 07:00,2026-07-10,NBO→EDL,09:00,10:00,60,Jambojet,0,73.0,9490,html_scrape
2026-07-03 07:00,2026-07-10,NBO→EDL,06:20,07:20,60,Jambojet,0,73.0,9490,html_scrape
2026-07-03 07:00,2026-07-10,NBO→EDL,07:00,12:00,300,Unknown,1,254.0,33020,html_scrape
2026-07-03 07:00,2026-07-10,NBO→EDL,08:25,12:00,215,Unknown,1,347.0,45110,html_scrape
2026-07-03 07:00,2026-07-10,NBO→EDL,06:05,12:00,355,Unknown,1,314.0,40820,html_scrape
2026-07-03 07:00,2026-07-10,NBO→EDL,21:10,12:00,890,Unknown,1,286.0,37180,html_scrape
2026-07-03 17:17,2026-07-05,NBO→MBA,06:05,07:20,75,Unknown,0,65.0,8450,html_scrape
2026-07-03 17:17,2026-07-05,NBO→MBA,20:05,21:05,60,Unknown,0,99.0,12870,html_scrape
2026-07-03 17:17,2026-07-05,NBO→MBA,08:25,09:40,75,Unknown,0,119.0,15470,html_scrape
2026-07-03 17:17,2026-07-05,NBO→MBA,08:00,09:00,60,Unknown,0,125.0,16250,html_scrape
2026-07-03 17:17,2026-07-05,NBO→MBA,19:20,20:35,75,Unknown,0,134.0,17420,html_scrape
2026-07-03 17:17,2026-07-06,NBO→MBA,19:20,20:35,75,Unknown,0,80.0,10400,html_scrape
2026-07-03 17:17,2026-07-06,NBO→MBA,18:15,19:30,75,Unknown,0,95.0,12350,html_scrape
2026-07-03 17:17,2026-07-07,NBO→MBA,17:30,18:45,75,Unknown,0,80.0,10400,html_scrape
2026-07-03 17:17,2026-07-07,NBO→MBA,15:00,16:00,60,Unknown,0,88.0,11440,html_scrape
2026-07-03 17:17,2026-07-07,NBO→MBA,07:00,08:00,60,Unknown,0,90.0,11700,html_scrape
2026-07-03 17:17,2026-07-07,NBO→MBA,14:00,15:10,70,Unknown,0,121.0,15730,html_scrape
2026-07-03 17:17,2026-07-08,NBO→MBA,19:00,20:15,75,Unknown,0,73.0,9490,html_scrape
2026-07-03 17:17,2026-07-08,NBO→MBA,17:30,18:45,75,Unknown,0,102.0,13260,html_scrape
2026-07-03 17:17,2026-07-08,NBO→MBA,07:00,08:00,60,Unknown,0,101.0,13130,html_scrape
2026-07-03 17:17,2026-07-09,NBO→MBA,21:10,22:25,75,Unknown,0,73.0,9490,html_scrape
2026-07-03 17:18,2026-07-10,NBO→MBA,16:00,17:00,60,Unknown,0,53.0,6890,html_scrape
2026-07-03 17:18,2026-07-10,NBO→MBA,12:00,13:00,60,Unknown,0,53.0,6890,html_scrape
2026-07-03 17:18,2026-07-10,NBO→MBA,07:00,08:00,60,Unknown,0,53.0,6890,html_scrape
2026-07-03 17:18,2026-07-10,NBO→MBA,18:15,19:30,75,Unknown,0,73.0,9490,html_scrape
2026-07-03 17:18,2026-07-10,NBO→MBA,13:35,14:50,75,Unknown,0,102.0,13260,html_scrape
2026-07-03 17:18,2026-07-05,NBO→KIS,12:50,13:50,60,Unknown,0,102.0,13260,html_scrape
2026-07-03 17:18,2026-07-05,NBO→KIS,16:40,17:30,50,Unknown,0,104.0,13520,html_scrape
2026-07-03 17:18,2026-07-05,NBO→KIS,17:10,18:10,60,Unknown,0,102.0,13260,html_scrape
2026-07-03 17:19,2026-07-06,NBO→KIS,15:30,16:30,60,Unknown,0,76.0,9880,html_scrape
2026-07-03 17:19,2026-07-06,NBO→KIS,09:20,10:20,60,Unknown,0,84.0,10920,html_scrape
2026-07-03 17:19,2026-07-06,NBO→KIS,17:20,18:10,50,Unknown,0,99.0,12870,html_scrape
2026-07-03 17:19,2026-07-06,NBO→KIS,06:30,07:30,60,Unknown,0,76.0,9880,html_scrape
2026-07-03 17:19,2026-07-06,NBO→KIS,08:25,12:55,270,Unknown,1,399.0,51870,html_scrape
2026-07-03 17:19,2026-07-07,NBO→KIS,18:05,18:55,50,Unknown,0,81.0,10530,html_scrape
2026-07-03 17:19,2026-07-07,NBO→KIS,11:40,12:30,50,Unknown,0,99.0,12870,html_scrape
2026-07-03 17:19,2026-07-07,NBO→KIS,09:20,10:20,60,Unknown,0,95.0,12350,html_scrape
2026-07-03 17:19,2026-07-07,NBO→KIS,15:30,16:30,60,Unknown,0,111.0,14430,html_scrape
2026-07-03 17:19,2026-07-08,NBO→KIS,15:30,16:30,60,Unknown,0,95.0,12350,html_scrape
2026-07-03 17:19,2026-07-08,NBO→KIS,16:40,17:30,50,Unknown,0,134.0,17420,html_scrape
2026-07-03 17:19,2026-07-08,NBO→KIS,09:20,10:20,60,Unknown,0,141.0,18330,html_scrape
2026-07-03 17:19,2026-07-08,NBO→KIS,07:00,12:55,355,Unknown,1,277.0,36010,html_scrape
2026-07-03 17:19,2026-07-09,NBO→KIS,15:30,16:30,60,Unknown,0,80.0,10400,html_scrape
2026-07-03 17:19,2026-07-09,NBO→KIS,09:20,10:20,60,Unknown,0,102.0,13260,html_scrape
2026-07-03 17:19,2026-07-09,NBO→KIS,16:05,16:55,50,Unknown,0,122.0,15860,html_scrape
2026-07-03 17:19,2026-07-10,NBO→KIS,06:30,07:30,60,Unknown,0,95.0,12350,html_scrape
2026-07-03 17:20,2026-07-05,NBO→EDL,12:10,13:10,60,Unknown,0,80.0,10400,html_scrape
2026-07-03 17:20,2026-07-05,NBO→EDL,21:10,12:00,890,Unknown,1,353.0,45890,html_scrape
2026-07-03 17:21,2026-07-07,NBO→EDL,12:20,13:20,60,Unknown,0,76.0,9880,html_scrape
2026-07-03 17:21,2026-07-07,NBO→EDL,15:50,16:50,60,Unknown,0,80.0,10400,html_scrape
2026-07-03 17:21,2026-07-07,NBO→EDL,18:30,19:30,60,Unknown,0,84.0,10920,html_scrape
2026-07-03 17:21,2026-07-07,NBO→EDL,06:20,07:20,60,Unknown,0,84.0,10920,html_scrape
2026-07-03 17:21,2026-07-07,NBO→EDL,06:00,12:00,360,Unknown,1,327.0,42510,html_scrape
2026-07-03 17:21,2026-07-07,NBO→EDL,19:20,12:00,1000,Unknown,1,314.0,40820,html_scrape
2026-07-03 17:22,2026-07-08,NBO→EDL,06:05,12:00,355,Unknown,1,364.0,47320,html_scrape
2026-07-03 17:22,2026-07-08,NBO→EDL,21:10,08:20,670,Unknown,2,207.0,26910,html_scrape
2026-07-03 17:22,2026-07-08,NBO→EDL,19:20,08:20,780,Unknown,2,207.0,26910,html_scrape
2026-07-03 17:22,2026-07-09,NBO→EDL,08:25,12:00,215,Unknown,1,355.0,46150,html_scrape
2026-07-03 17:22,2026-07-09,NBO→EDL,06:00,12:00,360,Unknown,1,325.0,42250,html_scrape
2026-07-03 17:22,2026-07-10,NBO→EDL,12:20,13:20,60,Unknown,0,91.0,11830,html_scrape
2026-07-03 17:22,2026-07-10,NBO→EDL,06:20,07:20,60,Unknown,0,76.0,9880,html_scrape
2026-07-03 17:22,2026-07-10,NBO→EDL,07:00,12:00,300,Unknown,1,230.0,29900,html_scrape
2026-07-04 06:41,2026-07-05,NBO→MBA,20:05,21:05,60,Unknown,0,119.0,15470,html_scrape
2026-07-04 06:41,2026-07-05,NBO→MBA,08:25,09:40,75,Unknown,0,120.0,15600,html_scrape
2026-07-04 06:41,2026-07-05,NBO→MBA,19:20,20:35,75,Unknown,0,127.0,16510,html_scrape
2026-07-04 06:41,2026-07-06,NBO→MBA,15:50,16:50,60,Unknown,0,94.0,12220,html_scrape
2026-07-04 06:41,2026-07-06,NBO→MBA,13:35,14:50,75,Unknown,0,120.0,15600,html_scrape
2026-07-04 06:41,2026-07-07,NBO→MBA,12:00,13:00,60,Unknown,0,78.0,10140,html_scrape
2026-07-04 06:41,2026-07-07,NBO→MBA,19:20,20:35,75,Unknown,0,88.0,11440,html_scrape
2026-07-04 06:42,2026-07-08,NBO→MBA,07:00,08:00,60,Unknown,0,102.0,13260,html_scrape
2026-07-04 06:42,2026-07-09,NBO→MBA,07:00,08:00,60,Unknown,0,65.0,8450,html_scrape
2026-07-04 06:42,2026-07-09,NBO→MBA,17:30,18:45,75,Unknown,0,88.0,11440,html_scrape
2026-07-04 06:42,2026-07-09,NBO→MBA,19:20,20:20,60,Unknown,0,94.0,12220,html_scrape
2026-07-04 06:42,2026-07-09,NBO→MBA,13:30,14:45,75,Unknown,0,120.0,15600,html_scrape
2026-07-04 06:42,2026-07-09,NBO→MBA,23:59,00:59,60,Unknown,0,88.0,11440,html_scrape
2026-07-04 06:42,2026-07-11,NBO→MBA,19:20,20:35,75,Unknown,0,65.0,8450,html_scrape
2026-07-04 06:42,2026-07-11,NBO→MBA,17:30,18:45,75,Unknown,0,73.0,9490,html_scrape
2026-07-04 06:42,2026-07-11,NBO→MBA,13:30,14:45,75,Unknown,0,80.0,10400,html_scrape
2026-07-04 06:42,2026-07-11,NBO→MBA,21:10,22:25,75,Unknown,0,65.0,8450,html_scrape
2026-07-04 06:42,2026-07-11,NBO→MBA,12:55,13:55,60,Unknown,0,93.0,12090,html_scrape
2026-07-04 06:42,2026-07-11,NBO→MBA,09:35,10:50,75,Unknown,0,88.0,11440,html_scrape
2026-07-04 06:42,2026-07-11,NBO→MBA,17:00,18:00,60,Unknown,0,93.0,12090,html_scrape
2026-07-04 06:42,2026-07-11,NBO→MBA,08:00,09:00,60,Unknown,0,93.0,12090,html_scrape
2026-07-04 06:42,2026-07-11,NBO→MBA,19:10,20:10,60,Unknown,0,93.0,12090,html_scrape
2026-07-04 06:42,2026-07-11,NBO→MBA,08:25,09:40,75,Unknown,0,95.0,12350,html_scrape
2026-07-04 06:43,2026-07-05,NBO→KIS,09:10,10:10,60,Unknown,0,95.0,12350,html_scrape
2026-07-04 06:43,2026-07-05,NBO→KIS,11:45,12:35,50,Unknown,0,122.0,15860,html_scrape
2026-07-04 06:43,2026-07-06,NBO→KIS,18:00,18:50,50,Unknown,0,105.0,13650,html_scrape
2026-07-04 06:43,2026-07-07,NBO→KIS,07:00,12:55,355,Unknown,1,216.0,28080,html_scrape
2026-07-04 06:43,2026-07-08,NBO→KIS,18:00,18:50,50,Unknown,0,105.0,13650,html_scrape
2026-07-04 06:43,2026-07-08,NBO→KIS,11:50,12:40,50,Unknown,0,117.0,15210,html_scrape
2026-07-04 06:43,2026-07-08,NBO→KIS,09:20,10:20,60,Unknown,0,142.0,18460,html_scrape
2026-07-04 06:43,2026-07-08,NBO→KIS,16:40,17:30,50,Unknown,0,165.0,21450,html_scrape
2026-07-04 06:44,2026-07-09,NBO→KIS,06:00,07:00,60,Unknown,0,80.0,10400,html_scrape
2026-07-04 06:44,2026-07-11,NBO→KIS,09:20,10:20,60,Unknown,0,80.0,10400,html_scrape
2026-07-04 06:44,2026-07-11,NBO→KIS,17:05,18:05,60,Unknown,0,80.0,10400,html_scrape
2026-07-04 06:44,2026-07-11,NBO→KIS,16:35,17:25,50,Unknown,0,86.0,11180,html_scrape
2026-07-04 06:44,2026-07-11,NBO→KIS,12:50,13:50,60,Unknown,0,88.0,11440,html_scrape
2026-07-04 06:44,2026-07-11,NBO→KIS,18:00,19:00,60,Unknown,0,80.0,10400,html_scrape
2026-07-04 06:44,2026-07-11,NBO→KIS,06:30,07:30,60,Unknown,0,80.0,10400,html_scrape
2026-07-04 06:44,2026-07-11,NBO→KIS,18:00,18:50,50,Unknown,0,105.0,13650,html_scrape
2026-07-04 06:44,2026-07-11,NBO→KIS,06:00,07:00,60,Unknown,0,80.0,10400,html_scrape
2026-07-04 06:44,2026-07-11,NBO→KIS,19:20,20:10,50,Unknown,0,105.0,13650,html_scrape
2026-07-04 06:44,2026-07-11,NBO→KIS,06:50,07:40,50,Unknown,0,105.0,13650,html_scrape
2026-07-04 06:45,2026-07-06,NBO→EDL,21:10,12:00,890,Unknown,1,305.0,39650,html_scrape
2026-07-04 06:45,2026-07-06,NBO→EDL,19:20,12:00,1000,Unknown,1,322.0,41860,html_scrape
2026-07-04 06:45,2026-07-06,NBO→EDL,18:15,12:00,1065,Unknown,1,335.0,43550,html_scrape
2026-07-04 06:45,2026-07-06,NBO→EDL,17:30,12:00,1110,Unknown,1,355.0,46150,html_scrape
2026-07-04 06:45,2026-07-07,NBO→EDL,08:25,12:00,215,Unknown,1,363.0,47190,html_scrape
2026-07-04 06:45,2026-07-07,NBO→EDL,06:00,12:00,360,Unknown,1,335.0,43550,html_scrape
2026-07-04 06:45,2026-07-07,NBO→EDL,19:20,12:00,1000,Unknown,1,325.0,42250,html_scrape
2026-07-04 06:45,2026-07-09,NBO→EDL,07:00,12:00,300,Unknown,1,232.0,30160,html_scrape
2026-07-04 06:45,2026-07-09,NBO→EDL,06:00,12:00,360,Unknown,1,327.0,42510,html_scrape
2026-07-04 06:46,2026-07-10,NBO→EDL,06:05,12:00,355,Unknown,1,325.0,42250,html_scrape
2026-07-04 06:46,2026-07-11,NBO→EDL,17:00,17:40,40,Unknown,0,53.0,6890,html_scrape
2026-07-04 06:46,2026-07-11,NBO→EDL,09:30,10:30,60,Unknown,0,73.0,9490,html_scrape
2026-07-04 06:46,2026-07-11,NBO→EDL,19:10,20:10,60,Unknown,0,73.0,9490,html_scrape
2026-07-04 06:46,2026-07-11,NBO→EDL,16:00,17:00,60,Unknown,0,80.0,10400,html_scrape
2026-07-04 06:46,2026-07-11,NBO→EDL,12:20,13:20,60,Unknown,0,91.0,11830,html_scrape
2026-07-04 06:46,2026-07-11,NBO→EDL,07:20,08:20,60,Unknown,0,73.0,9490,html_scrape
2026-07-04 06:46,2026-07-11,NBO→EDL,06:20,07:20,60,Unknown,0,73.0,9490,html_scrape
2026-07-04 06:46,2026-07-11,NBO→EDL,08:25,12:00,215,Unknown,1,325.0,42250,html_scrape
2026-07-04 06:46,2026-07-11,NBO→EDL,06:00,12:00,360,Unknown,1,314.0,40820,html_scrape
2026-07-04 06:46,2026-07-11,NBO→EDL,21:10,12:00,890,Unknown,1,286.0,37180,html_scrape
2026-07-04 16:56,2026-07-05,NBO→MBA,21:10,22:25,75,Unknown,0,102.0,13260,html_scrape
2026-07-04 16:56,2026-07-05,NBO→MBA,06:45,07:55,70,Unknown,0,121.0,15730,html_scrape
2026-07-04 16:56,2026-07-05,NBO→MBA,13:35,14:50,75,Unknown,0,149.0,19370,html_scrape
2026-07-04 16:56,2026-07-05,NBO→MBA,08:00,09:00,60,Unknown,0,137.0,17810,html_scrape
2026-07-04 16:56,2026-07-06,NBO→MBA,19:20,20:35,75,Unknown,0,88.0,11440,html_scrape
2026-07-04 16:56,2026-07-06,NBO→MBA,17:30,18:45,75,Unknown,0,99.0,12870,html_scrape
2026-07-04 16:56,2026-07-06,NBO→MBA,13:35,14:50,75,Unknown,0,102.0,13260,html_scrape
2026-07-04 16:56,2026-07-06,NBO→MBA,13:00,14:00,60,Unknown,0,114.0,14820,html_scrape
2026-07-04 16:57,2026-07-07,NBO→MBA,15:00,16:00,60,Unknown,0,94.0,12220,html_scrape
2026-07-04 16:57,2026-07-08,NBO→MBA,17:30,18:45,75,Unknown,0,120.0,15600,html_scrape
2026-07-04 16:57,2026-07-08,NBO→MBA,07:00,08:00,60,Unknown,0,114.0,14820,html_scrape
2026-07-04 16:57,2026-07-10,NBO→MBA,14:45,15:50,65,Unknown,0,121.0,15730,html_scrape
2026-07-04 16:57,2026-07-11,NBO→MBA,13:30,14:45,75,Unknown,0,88.0,11440,html_scrape
2026-07-04 16:58,2026-07-05,NBO→KIS,16:40,17:30,50,Unknown,0,109.0,14170,html_scrape
2026-07-04 16:58,2026-07-05,NBO→KIS,19:20,07:30,730,Unknown,2,283.0,36790,html_scrape
2026-07-04 16:58,2026-07-05,NBO→KIS,19:20,07:00,700,Unknown,2,291.0,37830,html_scrape
2026-07-04 16:58,2026-07-06,NBO→KIS,17:10,18:10,60,Unknown,0,76.0,9880,html_scrape
2026-07-04 16:58,2026-07-06,NBO→KIS,09:20,10:20,60,Unknown,0,91.0,11830,html_scrape
2026-07-04 16:58,2026-07-06,NBO→KIS,17:20,18:10,50,Unknown,0,104.0,13520,html_scrape
2026-07-04 16:58,2026-07-06,NBO→KIS,06:30,07:30,60,Unknown,0,84.0,10920,html_scrape
2026-07-04 16:58,2026-07-06,NBO→KIS,06:00,07:00,60,Unknown,0,88.0,11440,html_scrape
2026-07-04 16:58,2026-07-07,NBO→KIS,18:00,18:50,50,Unknown,0,105.0,13650,html_scrape
2026-07-04 16:58,2026-07-07,NBO→KIS,11:40,12:30,50,Unknown,0,117.0,15210,html_scrape
2026-07-04 16:58,2026-07-07,NBO→KIS,06:00,07:00,60,Unknown,0,88.0,11440,html_scrape
2026-07-04 16:59,2026-07-08,NBO→KIS,06:30,07:30,60,Unknown,0,80.0,10400,html_scrape
2026-07-04 16:59,2026-07-08,NBO→KIS,15:30,16:30,60,Unknown,0,111.0,14430,html_scrape
2026-07-04 16:59,2026-07-08,NBO→KIS,06:00,07:00,60,Unknown,0,80.0,10400,html_scrape
2026-07-04 16:59,2026-07-09,NBO→KIS,12:50,13:50,60,Unknown,0,95.0,12350,html_scrape
2026-07-04 16:59,2026-07-09,NBO→KIS,06:30,07:30,60,Unknown,0,88.0,11440,html_scrape
2026-07-04 16:59,2026-07-09,NBO→KIS,09:20,10:20,60,Unknown,0,111.0,14430,html_scrape
2026-07-04 16:59,2026-07-10,NBO→KIS,17:10,18:10,60,Unknown,0,88.0,11440,html_scrape
2026-07-04 16:59,2026-07-10,NBO→KIS,06:00,07:00,60,Unknown,0,88.0,11440,html_scrape
2026-07-04 17:00,2026-07-05,NBO→EDL,12:10,13:10,60,Unknown,0,73.0,9490,html_scrape
2026-07-04 17:00,2026-07-05,NBO→EDL,16:00,17:00,60,Unknown,0,73.0,9490,html_scrape
2026-07-04 17:00,2026-07-05,NBO→EDL,18:30,19:30,60,Unknown,0,73.0,9490,html_scrape
2026-07-04 17:00,2026-07-06,NBO→EDL,16:10,17:10,60,Unknown,0,65.0,8450,html_scrape
2026-07-04 17:00,2026-07-06,NBO→EDL,18:30,19:30,60,Unknown,0,65.0,8450,html_scrape
2026-07-04 17:00,2026-07-06,NBO→EDL,12:20,13:20,60,Unknown,0,80.0,10400,html_scrape
2026-07-04 17:00,2026-07-06,NBO→EDL,21:10,12:00,890,Unknown,1,303.0,39390,html_scrape
2026-07-04 17:00,2026-07-06,NBO→EDL,17:30,10:30,1020,Unknown,2,241.0,31330,html_scrape
2026-07-04 17:00,2026-07-06,NBO→EDL,13:35,10:30,1255,Unknown,2,244.0,31720,html_scrape
2026-07-04 17:00,2026-07-06,NBO→EDL,18:15,12:00,1065,Unknown,1,323.0,41990,html_scrape
2026-07-04 17:00,2026-07-07,NBO→EDL,18:30,19:30,60,Unknown,0,73.0,9490,html_scrape
2026-07-04 17:00,2026-07-07,NBO→EDL,08:25,12:00,215,Unknown,1,372.0,48360,html_scrape
2026-07-04 17:00,2026-07-07,NBO→EDL,06:00,12:00,360,Unknown,1,364.0,47320,html_scrape
2026-07-04 17:00,2026-07-07,NBO→EDL,21:10,12:00,890,Unknown,1,297.0,38610,html_scrape
2026-07-04 17:01,2026-07-09,NBO→EDL,12:20,13:20,60,Unknown,0,73.0,9490,html_scrape
2026-07-04 17:01,2026-07-09,NBO→EDL,08:25,12:00,215,Unknown,1,347.0,45110,html_scrape
2026-07-04 17:01,2026-07-10,NBO→EDL,08:25,12:00,215,Unknown,1,355.0,46150,html_scrape
2026-07-04 17:01,2026-07-11,NBO→EDL,12:20,13:20,60,Unknown,0,76.0,9880,html_scrape
2026-07-04 17:01,2026-07-11,NBO→EDL,16:00,17:00,60,Unknown,0,73.0,9490,html_scrape
2026-07-05 07:19,2026-07-05,NBO→MBA,20:50,21:50,60,Unknown,0,99.0,12870,html_scrape
2026-07-05 07:19,2026-07-07,NBO→MBA,08:25,09:40,75,Jambojet,0,95.0,12350,html_scrape
2026-07-05 07:19,2026-07-08,NBO→MBA,17:30,18:45,75,Jambojet,0,119.0,15470,html_scrape
2026-07-05 07:20,2026-07-09,NBO→MBA,19:20,20:20,60,Unknown,0,108.0,14040,html_scrape
2026-07-05 07:20,2026-07-09,NBO→MBA,12:25,13:25,60,Unknown,0,120.0,15600,html_scrape
2026-07-05 07:20,2026-07-10,NBO→MBA,19:00,20:15,75,Jambojet,0,73.0,9490,html_scrape
2026-07-05 07:20,2026-07-12,NBO→MBA,12:00,13:00,60,Unknown,0,53.0,6890,html_scrape
2026-07-05 07:20,2026-07-12,NBO→MBA,17:30,18:45,75,Jambojet,0,65.0,8450,html_scrape
2026-07-05 07:20,2026-07-12,NBO→MBA,19:10,20:25,75,Jambojet,0,65.0,8450,html_scrape
2026-07-05 07:20,2026-07-12,NBO→MBA,16:00,17:00,60,Unknown,0,78.0,10140,html_scrape
2026-07-05 07:20,2026-07-12,NBO→MBA,12:25,13:40,75,Jambojet,0,80.0,10400,html_scrape
2026-07-05 07:20,2026-07-12,NBO→MBA,16:00,17:15,75,Jambojet,0,80.0,10400,html_scrape
2026-07-05 07:20,2026-07-12,NBO→MBA,21:10,22:25,75,Jambojet,0,65.0,8450,html_scrape
2026-07-05 07:20,2026-07-12,NBO→MBA,06:05,07:20,75,Jambojet,0,65.0,8450,html_scrape
2026-07-05 07:20,2026-07-12,NBO→MBA,14:50,15:50,60,Unknown,0,108.0,14040,html_scrape
2026-07-05 07:20,2026-07-12,NBO→MBA,20:50,21:50,60,Unknown,0,93.0,12090,html_scrape
2026-07-05 07:21,2026-07-06,NBO→KIS,06:30,07:30,60,Jambojet,0,88.0,11440,html_scrape
2026-07-05 07:21,2026-07-06,NBO→KIS,06:50,07:40,50,Safarilink,0,120.0,15600,html_scrape
2026-07-05 07:21,2026-07-07,NBO→KIS,11:40,12:30,50,Unknown,0,122.0,15860,html_scrape
2026-07-05 07:21,2026-07-08,NBO→KIS,11:50,12:40,50,Unknown,0,134.0,17420,html_scrape
2026-07-05 07:22,2026-07-10,NBO→KIS,15:30,16:30,60,Jambojet,0,88.0,11440,html_scrape
2026-07-05 07:22,2026-07-12,NBO→KIS,13:00,14:00,60,Jambojet,0,80.0,10400,html_scrape
2026-07-05 07:22,2026-07-12,NBO→KIS,15:30,16:30,60,Jambojet,0,80.0,10400,html_scrape
2026-07-05 07:22,2026-07-12,NBO→KIS,17:20,18:10,50,Unknown,0,86.0,11180,html_scrape
2026-07-05 07:22,2026-07-12,NBO→KIS,18:15,19:15,60,Jambojet,0,80.0,10400,html_scrape
2026-07-05 07:22,2026-07-12,NBO→KIS,06:30,07:30,60,Jambojet,0,65.0,8450,html_scrape
2026-07-05 07:22,2026-07-12,NBO→KIS,09:10,10:10,60,Jambojet,0,88.0,11440,html_scrape
2026-07-05 07:22,2026-07-12,NBO→KIS,08:00,08:50,50,Unknown,0,86.0,11180,html_scrape
2026-07-05 07:22,2026-07-12,NBO→KIS,06:00,07:00,60,Jambojet,0,65.0,8450,html_scrape
2026-07-05 07:22,2026-07-12,NBO→KIS,18:00,18:50,50,Safarilink,0,105.0,13650,html_scrape
2026-07-05 07:22,2026-07-12,NBO→KIS,19:20,20:10,50,Safarilink,0,105.0,13650,html_scrape
2026-07-05 07:22,2026-07-05,NBO→EDL,06:20,07:20,60,Jambojet,0,73.0,9490,html_scrape
2026-07-05 07:22,2026-07-05,NBO→EDL,12:20,13:20,60,Jambojet,0,73.0,9490,html_scrape
2026-07-05 07:22,2026-07-05,NBO→EDL,09:30,10:30,60,Jambojet,0,73.0,9490,html_scrape
2026-07-05 07:23,2026-07-06,NBO→EDL,12:20,13:20,60,Jambojet,0,73.0,9490,html_scrape
2026-07-05 07:23,2026-07-06,NBO→EDL,09:30,10:30,60,Jambojet,0,73.0,9490,html_scrape
2026-07-05 07:23,2026-07-06,NBO→EDL,15:50,10:30,1120,Unknown,2,235.0,30550,html_scrape
2026-07-05 07:23,2026-07-06,NBO→EDL,15:50,16:50,1500,Unknown,2,240.0,31200,html_scrape
2026-07-05 07:23,2026-07-07,NBO→EDL,17:05,12:00,1135,Unknown,1,297.0,38610,html_scrape
2026-07-05 07:23,2026-07-07,NBO→EDL,17:30,12:00,1110,Unknown,1,297.0,38610,html_scrape
2026-07-05 07:23,2026-07-08,NBO→EDL,06:30,17:00,630,Jambojet,2,235.0,30550,html_scrape
2026-07-05 07:23,2026-07-08,NBO→EDL,06:00,17:00,660,Jambojet,2,235.0,30550,html_scrape
2026-07-05 07:23,2026-07-09,NBO→EDL,23:59,12:00,721,Unknown,1,265.0,34450,html_scrape
2026-07-05 07:24,2026-07-12,NBO→EDL,17:00,17:40,40,Unknown,0,53.0,6890,html_scrape
2026-07-05 07:24,2026-07-12,NBO→EDL,12:10,13:10,60,Jambojet,0,73.0,9490,html_scrape
2026-07-05 07:24,2026-07-12,NBO→EDL,16:00,17:00,60,Jambojet,0,73.0,9490,html_scrape
2026-07-05 07:24,2026-07-12,NBO→EDL,18:30,19:30,60,Jambojet,0,73.0,9490,html_scrape
2026-07-05 07:24,2026-07-12,NBO→EDL,09:30,10:30,60,Jambojet,0,73.0,9490,html_scrape
2026-07-05 07:24,2026-07-12,NBO→EDL,06:05,12:00,355,Unknown,1,286.0,37180,html_scrape
2026-07-05 07:24,2026-07-12,NBO→EDL,08:25,12:00,215,Unknown,1,382.0,49660,html_scrape
2026-07-05 07:24,2026-07-12,NBO→EDL,21:10,12:00,890,Unknown,1,286.0,37180,html_scrape
2026-07-05 07:24,2026-07-12,NBO→EDL,19:10,12:00,1010,Unknown,1,286.0,37180,html_scrape
2026-07-05 07:24,2026-07-12,NBO→EDL,17:30,12:00,1110,Unknown,1,286.0,37180,html_scrape
2026-07-05 17:00,2026-07-05,NBO→MBA,23:59,00:59,60,Unknown,0,88.0,11440,html_scrape
2026-07-05 17:00,2026-07-05,NBO→MBA,23:59,00:59,60,Unknown,0,89.0,11570,html_scrape
2026-07-05 17:00,2026-07-06,NBO→MBA,19:10,20:10,60,Unknown,0,94.0,12220,html_scrape
2026-07-05 17:00,2026-07-06,NBO→MBA,19:20,20:35,75,Jambojet,0,95.0,12350,html_scrape
2026-07-05 17:00,2026-07-06,NBO→MBA,15:50,16:50,60,Unknown,0,120.0,15600,html_scrape
2026-07-05 17:00,2026-07-07,NBO→MBA,21:10,22:25,75,Jambojet,0,73.0,9490,html_scrape
2026-07-05 17:00,2026-07-08,NBO→MBA,19:20,20:35,75,Jambojet,0,73.0,9490,html_scrape
2026-07-05 17:00,2026-07-08,NBO→MBA,19:00,20:15,75,Jambojet,0,79.0,10270,html_scrape
2026-07-05 17:00,2026-07-09,NBO→MBA,06:00,07:15,75,Jambojet,0,95.0,12350,html_scrape
2026-07-05 17:01,2026-07-12,NBO→MBA,12:00,13:00,60,Unknown,0,65.0,8450,html_scrape
2026-07-05 17:01,2026-07-05,NBO→KIS,17:10,18:10,60,Jambojet,0,65.0,8450,html_scrape
2026-07-05 17:01,2026-07-05,NBO→KIS,15:30,16:30,60,Jambojet,0,68.0,8840,html_scrape
2026-07-05 17:01,2026-07-05,NBO→KIS,13:10,14:10,60,Jambojet,0,76.0,9880,html_scrape
2026-07-05 17:02,2026-07-06,NBO→KIS,17:10,18:10,60,Jambojet,0,65.0,8450,html_scrape
2026-07-05 17:02,2026-07-06,NBO→KIS,17:20,18:10,50,Unknown,0,134.0,17420,html_scrape
2026-07-05 17:02,2026-07-06,NBO→KIS,21:10,12:55,945,Jambojet,1,191.0,24830,html_scrape
2026-07-05 17:02,2026-07-06,NBO→KIS,23:59,12:55,776,Jambojet,1,214.0,27820,html_scrape
2026-07-05 17:02,2026-07-06,NBO→KIS,21:10,12:30,920,Jambojet,2,222.0,28860,html_scrape
2026-07-05 17:02,2026-07-07,NBO→KIS,06:30,07:30,60,Jambojet,0,88.0,11440,html_scrape
2026-07-05 17:02,2026-07-07,NBO→KIS,09:20,10:20,60,Jambojet,0,111.0,14430,html_scrape
2026-07-05 17:02,2026-07-07,NBO→KIS,11:40,12:30,50,Unknown,0,134.0,17420,html_scrape
2026-07-05 17:02,2026-07-08,NBO→KIS,17:10,18:10,60,Jambojet,0,88.0,11440,html_scrape
2026-07-05 17:02,2026-07-08,NBO→KIS,07:00,12:55,355,Jambojet,1,220.0,28600,html_scrape
2026-07-05 17:02,2026-07-09,NBO→KIS,15:30,16:30,60,Jambojet,0,88.0,11440,html_scrape
2026-07-05 17:03,2026-07-12,NBO→KIS,13:00,14:00,60,Jambojet,0,73.0,9490,html_scrape
2026-07-05 17:03,2026-07-06,NBO→EDL,13:00,10:30,1290,Unknown,2,255.0,33150,html_scrape
2026-07-05 17:03,2026-07-06,NBO→EDL,15:50,10:30,1120,Unknown,2,261.0,33930,html_scrape
2026-07-05 17:04,2026-07-07,NBO→EDL,21:10,12:00,890,Unknown,1,305.0,39650,html_scrape
2026-07-05 17:04,2026-07-08,NBO→EDL,08:25,12:00,215,Unknown,1,381.0,49530,html_scrape
2026-07-05 17:04,2026-07-08,NBO→EDL,06:05,12:00,355,Unknown,1,372.0,48360,html_scrape
2026-07-05 17:04,2026-07-10,NBO→EDL,06:05,12:00,355,Unknown,1,333.0,43290,html_scrape
2026-07-06 08:14,2026-07-06,NBO→MBA,19:10,20:10,60,Unknown,0,120.0,15600,html_scrape
2026-07-06 08:14,2026-07-06,NBO→MBA,23:59,00:59,60,Unknown,0,88.0,11440,html_scrape
2026-07-06 08:14,2026-07-07,NBO→MBA,19:10,20:10,60,Unknown,0,108.0,14040,html_scrape
2026-07-06 08:14,2026-07-08,NBO→MBA,19:00,20:15,75,Unknown,0,80.0,10400,html_scrape
2026-07-06 08:14,2026-07-08,NBO→MBA,20:10,21:10,60,Unknown,0,94.0,12220,html_scrape
2026-07-06 08:14,2026-07-09,NBO→MBA,17:05,18:20,75,Unknown,0,95.0,12350,html_scrape
2026-07-06 08:14,2026-07-09,NBO→MBA,09:35,10:50,75,Unknown,0,126.0,16380,html_scrape
2026-07-06 08:14,2026-07-09,NBO→MBA,06:00,07:15,75,Unknown,0,102.0,13260,html_scrape
2026-07-06 08:15,2026-07-10,NBO→MBA,19:10,20:10,60,Unknown,0,99.0,12870,html_scrape
2026-07-06 08:15,2026-07-10,NBO→MBA,14:00,15:10,70,Unknown,0,121.0,15730,html_scrape
2026-07-06 08:15,2026-07-10,NBO→MBA,06:05,07:20,75,Unknown,0,95.0,12350,html_scrape
2026-07-06 08:15,2026-07-11,NBO→MBA,17:30,18:45,75,Unknown,0,80.0,10400,html_scrape
2026-07-06 08:15,2026-07-11,NBO→MBA,09:35,10:50,75,Unknown,0,95.0,12350,html_scrape
2026-07-06 08:15,2026-07-12,NBO→MBA,16:00,17:00,60,Unknown,0,53.0,6890,html_scrape
2026-07-06 08:15,2026-07-12,NBO→MBA,16:00,17:15,75,Unknown,0,86.0,11180,html_scrape
2026-07-06 08:15,2026-07-13,NBO→MBA,16:00,17:15,75,Unknown,0,80.0,10400,html_scrape
2026-07-06 08:15,2026-07-13,NBO→MBA,21:10,22:25,75,Unknown,0,65.0,8450,html_scrape
2026-07-06 08:15,2026-07-13,NBO→MBA,12:25,13:40,75,Unknown,0,88.0,11440,html_scrape
2026-07-06 08:15,2026-07-13,NBO→MBA,07:00,08:00,60,Unknown,0,78.0,10140,html_scrape
2026-07-06 08:15,2026-07-13,NBO→MBA,14:50,15:50,60,Unknown,0,108.0,14040,html_scrape
2026-07-06 08:15,2026-07-13,NBO→MBA,06:05,07:20,75,Unknown,0,80.0,10400,html_scrape
2026-07-06 08:15,2026-07-13,NBO→MBA,10:25,11:25,60,Unknown,0,108.0,14040,html_scrape
2026-07-06 08:15,2026-07-13,NBO→MBA,19:15,20:15,60,Unknown,0,108.0,14040,html_scrape
2026-07-06 08:15,2026-07-13,NBO→MBA,14:45,15:50,65,Unknown,0,121.0,15730,html_scrape
2026-07-06 08:15,2026-07-13,NBO→MBA,14:00,15:10,70,Unknown,0,121.0,15730,html_scrape
2026-07-06 08:16,2026-07-07,NBO→KIS,15:30,16:30,60,Unknown,0,102.0,13260,html_scrape
2026-07-06 08:16,2026-07-07,NBO→KIS,09:20,10:20,60,Unknown,0,102.0,13260,html_scrape
2026-07-06 08:16,2026-07-07,NBO→KIS,11:40,12:30,50,Unknown,0,165.0,21450,html_scrape
2026-07-06 08:16,2026-07-07,NBO→KIS,06:00,12:55,415,Unknown,1,206.0,26780,html_scrape
2026-07-06 08:16,2026-07-08,NBO→KIS,16:40,17:30,50,Unknown,0,146.0,18980,html_scrape
2026-07-06 08:16,2026-07-08,NBO→KIS,21:10,12:55,945,Unknown,1,314.0,40820,html_scrape
2026-07-06 08:16,2026-07-08,NBO→KIS,19:20,12:55,1055,Unknown,1,322.0,41860,html_scrape
2026-07-06 08:16,2026-07-09,NBO→KIS,18:00,19:00,60,Unknown,0,80.0,10400,html_scrape
2026-07-06 08:16,2026-07-09,NBO→KIS,16:05,16:55,50,Unknown,0,129.0,16770,html_scrape
2026-07-06 08:16,2026-07-10,NBO→KIS,15:30,16:30,60,Unknown,0,95.0,12350,html_scrape
2026-07-06 08:17,2026-07-11,NBO→KIS,09:20,10:20,60,Unknown,0,88.0,11440,html_scrape
2026-07-06 08:17,2026-07-11,NBO→KIS,06:30,07:30,60,Unknown,0,88.0,11440,html_scrape
2026-07-06 08:17,2026-07-13,NBO→KIS,18:15,19:15,60,Unknown,0,65.0,8450,html_scrape
2026-07-06 08:17,2026-07-13,NBO→KIS,17:20,18:10,50,Unknown,0,81.0,10530,html_scrape
2026-07-06 08:17,2026-07-13,NBO→KIS,15:30,16:30,60,Unknown,0,80.0,10400,html_scrape
2026-07-06 08:17,2026-07-13,NBO→KIS,09:20,10:20,60,Unknown,0,80.0,10400,html_scrape
2026-07-06 08:17,2026-07-13,NBO→KIS,06:30,07:30,60,Unknown,0,65.0,8450,html_scrape
2026-07-06 08:17,2026-07-13,NBO→KIS,13:10,14:10,60,Unknown,0,95.0,12350,html_scrape
2026-07-06 08:17,2026-07-13,NBO→KIS,06:00,07:00,60,Unknown,0,73.0,9490,html_scrape
2026-07-06 08:17,2026-07-13,NBO→KIS,18:00,18:50,50,Unknown,0,105.0,13650,html_scrape
2026-07-06 08:17,2026-07-13,NBO→KIS,07:00,07:50,50,Unknown,0,81.0,10530,html_scrape
2026-07-06 08:17,2026-07-13,NBO→KIS,19:20,20:10,50,Unknown,0,105.0,13650,html_scrape
2026-07-06 08:18,2026-07-07,NBO→EDL,18:30,19:30,60,Unknown,0,68.0,8840,html_scrape
2026-07-06 08:18,2026-07-08,NBO→EDL,12:20,13:20,60,Unknown,0,68.0,8840,html_scrape
2026-07-06 08:18,2026-07-08,NBO→EDL,16:00,17:00,60,Unknown,0,68.0,8840,html_scrape
2026-07-06 08:18,2026-07-08,NBO→EDL,09:30,10:30,60,Unknown,0,68.0,8840,html_scrape
2026-07-06 08:18,2026-07-08,NBO→EDL,18:30,19:30,60,Unknown,0,68.0,8840,html_scrape
2026-07-06 08:18,2026-07-08,NBO→EDL,06:20,07:20,60,Unknown,0,68.0,8840,html_scrape
2026-07-06 08:18,2026-07-08,NBO→EDL,21:10,12:00,890,Unknown,1,314.0,40820,html_scrape
2026-07-06 08:18,2026-07-09,NBO→EDL,12:20,13:20,60,Unknown,0,68.0,8840,html_scrape
2026-07-06 08:18,2026-07-09,NBO→EDL,16:00,17:00,60,Unknown,0,68.0,8840,html_scrape
2026-07-06 08:18,2026-07-09,NBO→EDL,18:30,19:30,60,Unknown,0,68.0,8840,html_scrape
2026-07-06 08:18,2026-07-09,NBO→EDL,09:30,10:30,60,Unknown,0,68.0,8840,html_scrape
2026-07-06 08:18,2026-07-09,NBO→EDL,07:20,08:20,60,Unknown,0,68.0,8840,html_scrape
2026-07-06 08:18,2026-07-09,NBO→EDL,06:20,07:20,60,Unknown,0,68.0,8840,html_scrape
2026-07-06 08:18,2026-07-09,NBO→EDL,07:00,12:00,300,Unknown,1,293.0,38090,html_scrape
2026-07-06 08:18,2026-07-09,NBO→EDL,08:25,12:00,215,Unknown,1,364.0,47320,html_scrape
2026-07-06 08:18,2026-07-09,NBO→EDL,06:00,12:00,360,Unknown,1,364.0,47320,html_scrape
2026-07-06 08:18,2026-07-10,NBO→EDL,07:00,12:00,300,Unknown,1,303.0,39390,html_scrape
2026-07-06 08:18,2026-07-10,NBO→EDL,08:25,12:00,215,Unknown,1,372.0,48360,html_scrape
2026-07-06 08:18,2026-07-10,NBO→EDL,06:05,12:00,355,Unknown,1,344.0,44720,html_scrape
2026-07-06 08:18,2026-07-10,NBO→EDL,21:10,12:00,890,Unknown,1,305.0,39650,html_scrape
2026-07-06 08:18,2026-07-11,NBO→EDL,12:20,13:20,60,Unknown,0,80.0,10400,html_scrape
2026-07-06 08:18,2026-07-11,NBO→EDL,08:25,12:00,215,Unknown,1,333.0,43290,html_scrape
2026-07-06 08:18,2026-07-11,NBO→EDL,06:00,12:00,360,Unknown,1,322.0,41860,html_scrape
2026-07-06 08:19,2026-07-13,NBO→EDL,17:00,17:40,40,Unknown,0,53.0,6890,html_scrape
2026-07-06 08:19,2026-07-13,NBO→EDL,12:20,13:20,60,Unknown,0,73.0,9490,html_scrape
2026-07-06 08:19,2026-07-13,NBO→EDL,16:10,17:10,60,Unknown,0,73.0,9490,html_scrape
2026-07-06 08:19,2026-07-13,NBO→EDL,09:30,10:30,60,Unknown,0,73.0,9490,html_scrape
2026-07-06 08:19,2026-07-13,NBO→EDL,18:30,19:30,60,Unknown,0,73.0,9490,html_scrape
2026-07-06 08:19,2026-07-13,NBO→EDL,06:20,07:20,60,Unknown,0,73.0,9490,html_scrape
2026-07-06 08:19,2026-07-13,NBO→EDL,06:05,12:00,355,Unknown,1,305.0,39650,html_scrape
2026-07-06 08:19,2026-07-13,NBO→EDL,08:25,12:00,215,Unknown,1,373.0,48490,html_scrape
2026-07-06 08:19,2026-07-13,NBO→EDL,21:10,12:00,890,Unknown,1,277.0,36010,html_scrape
2026-07-06 08:19,2026-07-13,NBO→EDL,16:00,12:00,1200,Unknown,1,305.0,39650,html_scrape
2026-07-06 18:06,2026-07-06,NBO→MBA,21:10,22:25,75,Jambojet,0,80.0,10400,html_scrape
2026-07-06 18:06,2026-07-06,NBO→MBA,19:20,20:35,75,Jambojet,0,84.0,10920,html_scrape
2026-07-06 18:06,2026-07-06,NBO→MBA,06:45,07:55,70,Safarilink,0,121.0,15730,html_scrape
2026-07-06 18:06,2026-07-07,NBO→MBA,19:20,20:35,75,Unknown,0,84.0,10920,html_scrape
2026-07-06 18:06,2026-07-07,NBO→MBA,21:10,22:25,75,Unknown,0,80.0,10400,html_scrape
2026-07-06 18:06,2026-07-07,NBO→MBA,06:45,07:55,70,Unknown,0,121.0,15730,html_scrape
2026-07-06 18:06,2026-07-07,NBO→MBA,15:00,16:00,60,Unknown,0,151.0,19630,html_scrape
2026-07-06 18:06,2026-07-07,NBO→MBA,19:10,20:10,60,Unknown,0,144.0,18720,html_scrape
2026-07-06 18:06,2026-07-07,NBO→MBA,08:00,09:00,60,Unknown,0,166.0,21580,html_scrape
2026-07-06 18:06,2026-07-07,NBO→MBA,23:59,00:59,60,Unknown,0,192.0,24960,html_scrape
2026-07-06 18:06,2026-07-07,NBO→MBA,22:45,13:35,890,Unknown,1,787.0,102310,html_scrape
2026-07-06 18:07,2026-07-08,NBO→MBA,19:20,20:35,75,Unknown,0,80.0,10400,html_scrape
2026-07-06 18:07,2026-07-08,NBO→MBA,21:10,22:25,75,Unknown,0,73.0,9490,html_scrape
2026-07-06 18:07,2026-07-08,NBO→MBA,19:00,20:15,75,Unknown,0,95.0,12350,html_scrape
2026-07-06 18:07,2026-07-08,NBO→MBA,20:10,21:10,60,Unknown,0,108.0,14040,html_scrape
2026-07-06 18:07,2026-07-08,NBO→MBA,17:30,18:45,75,Unknown,0,126.0,16380,html_scrape
2026-07-06 18:07,2026-07-08,NBO→MBA,06:45,07:55,70,Unknown,0,121.0,15730,html_scrape
2026-07-06 18:07,2026-07-09,NBO→MBA,21:10,22:25,75,Unknown,0,80.0,10400,html_scrape
2026-07-06 18:07,2026-07-09,NBO→MBA,17:05,18:20,75,Unknown,0,102.0,13260,html_scrape
2026-07-06 18:07,2026-07-09,NBO→MBA,17:30,18:45,75,Unknown,0,102.0,13260,html_scrape
2026-07-06 18:07,2026-07-09,NBO→MBA,13:30,14:45,75,Unknown,0,126.0,16380,html_scrape
2026-07-06 18:07,2026-07-09,NBO→MBA,08:25,09:40,75,Unknown,0,126.0,16380,html_scrape
2026-07-06 18:07,2026-07-09,NBO→MBA,09:35,10:50,75,Unknown,0,134.0,17420,html_scrape
2026-07-06 18:07,2026-07-10,NBO→MBA,21:10,22:25,75,Unknown,0,73.0,9490,html_scrape
2026-07-06 18:07,2026-07-10,NBO→MBA,13:35,14:50,75,Unknown,0,119.0,15470,html_scrape
2026-07-06 18:07,2026-07-11,NBO→MBA,08:25,09:40,75,Unknown,0,102.0,13260,html_scrape
2026-07-06 18:07,2026-07-12,NBO→MBA,17:30,18:45,75,Unknown,0,73.0,9490,html_scrape
2026-07-06 18:07,2026-07-12,NBO→MBA,16:00,17:15,75,Unknown,0,88.0,11440,html_scrape
2026-07-06 18:08,2026-07-06,NBO→KIS,11:40,12:30,50,Unknown,0,187.0,24310,html_scrape
2026-07-06 18:08,2026-07-07,NBO→KIS,18:05,18:55,50,Unknown,0,99.0,12870,html_scrape
2026-07-06 18:08,2026-07-07,NBO→KIS,11:40,12:30,50,Unknown,0,192.0,24960,html_scrape
2026-07-06 18:08,2026-07-07,NBO→KIS,21:10,12:55,945,Unknown,1,199.0,25870,html_scrape
2026-07-06 18:08,2026-07-07,NBO→KIS,21:10,12:40,930,Unknown,2,230.0,29900,html_scrape
2026-07-06 18:08,2026-07-07,NBO→KIS,19:20,12:40,1040,Unknown,2,234.0,30420,html_scrape
2026-07-06 18:08,2026-07-08,NBO→KIS,15:30,16:30,60,Unknown,0,119.0,15470,html_scrape
2026-07-06 18:08,2026-07-08,NBO→KIS,16:40,17:30,50,Unknown,0,187.0,24310,html_scrape
2026-07-06 18:08,2026-07-08,NBO→KIS,11:50,12:40,50,Unknown,0,192.0,24960,html_scrape
2026-07-06 18:08,2026-07-08,NBO→KIS,21:10,12:55,945,Unknown,1,331.0,43030,html_scrape
2026-07-06 18:09,2026-07-09,NBO→KIS,06:00,07:00,60,Unknown,0,76.0,9880,html_scrape
2026-07-06 18:09,2026-07-09,NBO→KIS,09:20,10:20,60,Unknown,0,119.0,15470,html_scrape
2026-07-06 18:09,2026-07-09,NBO→KIS,16:05,16:55,50,Unknown,0,146.0,18980,html_scrape
2026-07-06 18:09,2026-07-10,NBO→KIS,12:00,13:00,60,Unknown,0,99.0,12870,html_scrape
2026-07-06 18:09,2026-07-10,NBO→KIS,11:40,12:30,50,Unknown,0,104.0,13520,html_scrape
2026-07-06 18:09,2026-07-10,NBO→KIS,06:00,07:00,60,Unknown,0,84.0,10920,html_scrape
2026-07-06 18:09,2026-07-10,NBO→KIS,06:30,07:30,60,Unknown,0,91.0,11830,html_scrape
2026-07-06 18:09,2026-07-11,NBO→KIS,17:05,18:05,60,Unknown,0,65.0,8450,html_scrape
2026-07-06 18:09,2026-07-11,NBO→KIS,18:00,19:00,60,Unknown,0,65.0,8450,html_scrape
2026-07-06 18:09,2026-07-11,NBO→KIS,12:50,13:50,60,Unknown,0,95.0,12350,html_scrape
2026-07-06 18:09,2026-07-11,NBO→KIS,09:20,10:20,60,Unknown,0,95.0,12350,html_scrape
2026-07-06 18:09,2026-07-11,NBO→KIS,06:30,07:30,60,Unknown,0,95.0,12350,html_scrape
2026-07-06 18:09,2026-07-11,NBO→KIS,06:00,07:00,60,Unknown,0,88.0,11440,html_scrape
2026-07-06 18:09,2026-07-13,NBO→KIS,15:30,16:30,60,Unknown,0,76.0,9880,html_scrape
2026-07-06 18:09,2026-07-13,NBO→KIS,09:20,10:20,60,Unknown,0,73.0,9490,html_scrape
2026-07-06 18:09,2026-07-13,NBO→KIS,13:10,14:10,60,Unknown,0,80.0,10400,html_scrape
2026-07-06 18:09,2026-07-13,NBO→KIS,06:00,07:00,60,Unknown,0,68.0,8840,html_scrape
2026-07-06 18:10,2026-07-06,NBO→EDL,09:30,10:30,60,Jambojet,0,68.0,8840,html_scrape
2026-07-06 18:10,2026-07-06,NBO→EDL,16:00,17:00,60,Jambojet,0,68.0,8840,html_scrape
2026-07-06 18:10,2026-07-07,NBO→EDL,10:30,17:40,1870,Unknown,2,454.0,59020,html_scrape
2026-07-06 18:10,2026-07-07,NBO→EDL,10:30,17:00,1830,Unknown,2,469.0,60970,html_scrape
2026-07-06 18:10,2026-07-08,NBO→EDL,21:10,12:00,890,Unknown,1,331.0,43030,html_scrape
2026-07-06 18:10,2026-07-09,NBO→EDL,07:00,12:00,300,Unknown,1,303.0,39390,html_scrape
2026-07-06 18:10,2026-07-09,NBO→EDL,08:25,12:00,215,Unknown,1,390.0,50700,html_scrape
2026-07-06 18:10,2026-07-09,NBO→EDL,06:00,12:00,360,Unknown,1,390.0,50700,html_scrape
2026-07-06 18:11,2026-07-10,NBO→EDL,08:25,12:00,215,Unknown,1,381.0,49530,html_scrape
2026-07-06 18:11,2026-07-10,NBO→EDL,06:05,12:00,355,Unknown,1,353.0,45890,html_scrape
2026-07-06 18:11,2026-07-10,NBO→EDL,21:10,12:00,890,Unknown,1,322.0,41860,html_scrape
2026-07-06 18:11,2026-07-11,NBO→EDL,12:20,13:20,60,Unknown,0,84.0,10920,html_scrape
2026-07-06 18:11,2026-07-11,NBO→EDL,08:25,12:00,215,Unknown,1,344.0,44720,html_scrape
2026-07-06 18:11,2026-07-11,NBO→EDL,06:00,12:00,360,Unknown,1,342.0,44460,html_scrape
2026-07-06 18:11,2026-07-12,NBO→EDL,17:30,12:00,1110,Unknown,1,297.0,38610,html_scrape
2026-07-06 18:11,2026-07-13,NBO→EDL,06:05,12:00,355,Unknown,1,314.0,40820,html_scrape
2026-07-07 07:31,2026-07-07,NBO→MBA,16:45,17:45,60,Unknown,0,144.0,18720,html_scrape
2026-07-07 07:31,2026-07-07,NBO→MBA,19:10,20:10,60,Unknown,0,187.0,24310,html_scrape
2026-07-07 07:32,2026-07-08,NBO→MBA,21:10,22:25,75,Unknown,0,80.0,10400,html_scrape
2026-07-07 07:32,2026-07-08,NBO→MBA,19:20,20:35,75,Unknown,0,88.0,11440,html_scrape
2026-07-07 07:32,2026-07-08,NBO→MBA,20:10,21:10,60,Unknown,0,126.0,16380,html_scrape
2026-07-07 07:32,2026-07-08,NBO→MBA,08:00,09:00,60,Unknown,0,139.0,18070,html_scrape
2026-07-07 07:32,2026-07-09,NBO→MBA,13:30,14:45,75,Unknown,0,134.0,17420,html_scrape
2026-07-07 07:32,2026-07-09,NBO→MBA,23:59,00:59,60,Unknown,0,108.0,14040,html_scrape
2026-07-07 07:32,2026-07-10,NBO→MBA,18:15,19:30,75,Unknown,0,80.0,10400,html_scrape
2026-07-07 07:32,2026-07-10,NBO→MBA,19:20,20:35,75,Unknown,0,78.0,10140,html_scrape
2026-07-07 07:32,2026-07-10,NBO→MBA,17:30,18:45,75,Unknown,0,88.0,11440,html_scrape
2026-07-07 07:32,2026-07-10,NBO→MBA,06:05,07:20,75,Unknown,0,102.0,13260,html_scrape
2026-07-07 07:33,2026-07-13,NBO→MBA,07:00,08:00,60,Unknown,0,53.0,6890,html_scrape
2026-07-07 07:33,2026-07-13,NBO→MBA,06:05,07:20,75,Unknown,0,88.0,11440,html_scrape
2026-07-07 07:33,2026-07-14,NBO→MBA,12:00,13:00,60,Unknown,0,65.0,8450,html_scrape
2026-07-07 07:33,2026-07-14,NBO→MBA,16:00,17:15,75,Unknown,0,65.0,8450,html_scrape
2026-07-07 07:33,2026-07-14,NBO→MBA,19:10,20:25,75,Unknown,0,65.0,8450,html_scrape
2026-07-07 07:33,2026-07-14,NBO→MBA,12:25,13:40,75,Unknown,0,73.0,9490,html_scrape
2026-07-07 07:33,2026-07-14,NBO→MBA,21:10,22:25,75,Unknown,0,65.0,8450,html_scrape
2026-07-07 07:33,2026-07-14,NBO→MBA,07:00,08:00,60,Unknown,0,65.0,8450,html_scrape
2026-07-07 07:33,2026-07-14,NBO→MBA,06:00,07:15,75,Unknown,0,73.0,9490,html_scrape
2026-07-07 07:33,2026-07-14,NBO→MBA,14:50,15:50,60,Unknown,0,108.0,14040,html_scrape
2026-07-07 07:33,2026-07-14,NBO→MBA,08:25,09:40,75,Unknown,0,95.0,12350,html_scrape
2026-07-07 07:33,2026-07-14,NBO→MBA,10:25,11:25,60,Unknown,0,108.0,14040,html_scrape
2026-07-07 07:33,2026-07-08,NBO→KIS,06:00,07:00,60,Unknown,0,76.0,9880,html_scrape
2026-07-07 07:33,2026-07-08,NBO→KIS,11:50,12:40,50,Unknown,0,222.0,28860,html_scrape
2026-07-07 07:33,2026-07-08,NBO→KIS,23:59,16:55,1016,Unknown,2,264.0,34320,html_scrape
2026-07-07 07:33,2026-07-08,NBO→KIS,21:10,19:00,1310,Unknown,2,245.0,31850,html_scrape
2026-07-07 07:34,2026-07-09,NBO→KIS,18:00,19:00,60,Unknown,0,76.0,9880,html_scrape
2026-07-07 07:34,2026-07-09,NBO→KIS,15:30,16:30,60,Unknown,0,91.0,11830,html_scrape
2026-07-07 07:34,2026-07-09,NBO→KIS,12:50,13:50,60,Unknown,0,91.0,11830,html_scrape
2026-07-07 07:34,2026-07-09,NBO→KIS,06:30,07:30,60,Unknown,0,84.0,10920,html_scrape
2026-07-07 07:34,2026-07-09,NBO→KIS,21:10,12:55,945,Unknown,1,349.0,45370,html_scrape
2026-07-07 07:34,2026-07-10,NBO→KIS,17:10,18:10,60,Unknown,0,91.0,11830,html_scrape
2026-07-07 07:34,2026-07-10,NBO→KIS,11:40,12:30,50,Unknown,0,109.0,14170,html_scrape
2026-07-07 07:34,2026-07-12,NBO→KIS,15:30,16:30,60,Unknown,0,88.0,11440,html_scrape
2026-07-07 07:35,2026-07-14,NBO→KIS,12:50,13:50,60,Unknown,0,68.0,8840,html_scrape
2026-07-07 07:35,2026-07-14,NBO→KIS,15:30,16:30,60,Unknown,0,68.0,8840,html_scrape
2026-07-07 07:35,2026-07-14,NBO→KIS,09:20,10:20,60,Unknown,0,68.0,8840,html_scrape
2026-07-07 07:35,2026-07-14,NBO→KIS,18:50,19:50,60,Unknown,0,68.0,8840,html_scrape
2026-07-07 07:35,2026-07-14,NBO→KIS,16:40,17:30,50,Unknown,0,81.0,10530,html_scrape
2026-07-07 07:35,2026-07-14,NBO→KIS,06:30,07:30,60,Unknown,0,68.0,8840,html_scrape
2026-07-07 07:35,2026-07-14,NBO→KIS,06:00,07:00,60,Unknown,0,68.0,8840,html_scrape
2026-07-07 07:35,2026-07-14,NBO→KIS,18:00,18:50,50,Unknown,0,105.0,13650,html_scrape
2026-07-07 07:35,2026-07-14,NBO→KIS,19:20,20:10,50,Unknown,0,105.0,13650,html_scrape
2026-07-07 07:35,2026-07-14,NBO→KIS,06:50,07:40,50,Unknown,0,105.0,13650,html_scrape
2026-07-07 07:35,2026-07-07,NBO→EDL,07:20,08:20,60,Jambojet,0,68.0,8840,html_scrape
2026-07-07 07:35,2026-07-08,NBO→EDL,23:59,08:20,501,Unknown,2,229.0,29770,html_scrape
2026-07-07 07:35,2026-07-08,NBO→EDL,21:10,12:00,890,Unknown,1,214.0,27820,html_scrape
2026-07-07 07:35,2026-07-08,NBO→EDL,23:59,12:00,721,Unknown,1,222.0,28860,html_scrape
2026-07-07 07:35,2026-07-09,NBO→EDL,06:00,12:00,360,Unknown,1,288.0,37440,html_scrape
2026-07-07 07:35,2026-07-09,NBO→EDL,06:00,13:20,440,Unknown,2,296.0,38480,html_scrape
2026-07-07 07:36,2026-07-10,NBO→EDL,08:25,12:00,215,Unknown,1,390.0,50700,html_scrape
2026-07-07 07:36,2026-07-10,NBO→EDL,06:05,12:00,355,Unknown,1,382.0,49660,html_scrape
2026-07-07 07:36,2026-07-10,NBO→EDL,19:00,12:00,1020,Unknown,1,314.0,40820,html_scrape
2026-07-07 07:36,2026-07-14,NBO→EDL,17:00,17:40,40,Unknown,0,53.0,6890,html_scrape
2026-07-07 07:36,2026-07-14,NBO→EDL,12:20,13:20,60,Unknown,0,73.0,9490,html_scrape
2026-07-07 07:36,2026-07-14,NBO→EDL,15:50,16:50,60,Unknown,0,73.0,9490,html_scrape
2026-07-07 07:36,2026-07-14,NBO→EDL,09:30,10:30,60,Unknown,0,73.0,9490,html_scrape
2026-07-07 07:36,2026-07-14,NBO→EDL,18:30,19:30,60,Unknown,0,73.0,9490,html_scrape
2026-07-07 07:36,2026-07-14,NBO→EDL,06:20,07:20,60,Unknown,0,73.0,9490,html_scrape
2026-07-07 07:36,2026-07-14,NBO→EDL,08:25,12:00,215,Unknown,1,318.0,41340,html_scrape
2026-07-07 07:36,2026-07-14,NBO→EDL,06:00,12:00,360,Unknown,1,296.0,38480,html_scrape
2026-07-07 07:36,2026-07-14,NBO→EDL,09:45,17:40,475,Unknown,2,272.0,35360,html_scrape
2026-07-07 07:36,2026-07-14,NBO→EDL,23:59,12:00,721,Unknown,1,255.0,33150,html_scrape
2026-07-07 17:53,2026-07-07,NBO→MBA,21:10,22:25,75,Jambojet,0,102.0,13260,html_scrape
2026-07-07 17:53,2026-07-07,NBO→MBA,19:20,20:35,75,Jambojet,0,102.0,13260,html_scrape
2026-07-07 17:53,2026-07-07,NBO→MBA,23:59,00:59,60,Unknown,0,108.0,14040,html_scrape
2026-07-07 17:53,2026-07-08,NBO→MBA,19:20,20:35,75,Jambojet,0,102.0,13260,html_scrape
2026-07-07 17:53,2026-07-08,NBO→MBA,21:10,22:25,75,Jambojet,0,102.0,13260,html_scrape
2026-07-07 17:53,2026-07-08,NBO→MBA,19:00,20:15,75,Jambojet,0,119.0,15470,html_scrape
2026-07-07 17:53,2026-07-08,NBO→MBA,23:59,00:59,60,Unknown,0,108.0,14040,html_scrape
2026-07-07 17:53,2026-07-08,NBO→MBA,08:15,09:15,60,Unknown,0,192.0,24960,html_scrape
2026-07-07 17:53,2026-07-08,NBO→MBA,20:10,21:10,60,Unknown,0,255.0,33150,html_scrape
2026-07-07 17:53,2026-07-08,NBO→MBA,15:30,21:10,340,Jambojet,2,291.0,37830,html_scrape
2026-07-07 17:54,2026-07-09,NBO→MBA,21:10,22:25,75,Jambojet,0,95.0,12350,html_scrape
2026-07-07 17:54,2026-07-09,NBO→MBA,19:20,20:35,75,Jambojet,0,102.0,13260,html_scrape
2026-07-07 17:54,2026-07-09,NBO→MBA,17:05,18:20,75,Jambojet,0,119.0,15470,html_scrape
2026-07-07 17:54,2026-07-09,NBO→MBA,06:45,07:55,70,Safarilink,0,121.0,15730,html_scrape
2026-07-07 17:54,2026-07-09,NBO→MBA,09:35,10:50,75,Jambojet,0,141.0,18330,html_scrape
2026-07-07 17:54,2026-07-09,NBO→MBA,08:25,09:40,75,Jambojet,0,141.0,18330,html_scrape
2026-07-07 17:54,2026-07-10,NBO→MBA,19:00,20:15,75,Jambojet,0,80.0,10400,html_scrape
2026-07-07 17:54,2026-07-10,NBO→MBA,16:00,17:00,60,Unknown,0,90.0,11700,html_scrape
2026-07-07 17:54,2026-07-10,NBO→MBA,19:20,20:35,75,Jambojet,0,80.0,10400,html_scrape
2026-07-07 17:54,2026-07-10,NBO→MBA,18:15,19:30,75,Jambojet,0,88.0,11440,html_scrape
2026-07-07 17:54,2026-07-10,NBO→MBA,21:10,22:25,75,Jambojet,0,80.0,10400,html_scrape
2026-07-07 17:54,2026-07-10,NBO→MBA,13:35,14:50,75,Jambojet,0,126.0,16380,html_scrape
2026-07-07 17:54,2026-07-10,NBO→MBA,23:59,00:59,60,Unknown,0,93.0,12090,html_scrape
2026-07-07 17:54,2026-07-11,NBO→MBA,13:30,14:45,75,Jambojet,0,95.0,12350,html_scrape
2026-07-07 17:54,2026-07-12,NBO→MBA,17:30,18:45,75,Jambojet,0,80.0,10400,html_scrape
2026-07-07 17:54,2026-07-12,NBO→MBA,12:25,13:40,75,Jambojet,0,88.0,11440,html_scrape
2026-07-07 17:54,2026-07-13,NBO→MBA,12:25,13:40,75,Jambojet,0,95.0,12350,html_scrape
2026-07-07 17:54,2026-07-13,NBO→MBA,16:00,17:15,75,Jambojet,0,95.0,12350,html_scrape
2026-07-07 17:55,2026-07-14,NBO→MBA,07:00,08:00,60,Unknown,0,53.0,6890,html_scrape
2026-07-07 17:55,2026-07-14,NBO→MBA,12:25,13:40,75,Jambojet,0,80.0,10400,html_scrape
2026-07-07 17:55,2026-07-14,NBO→MBA,06:00,07:15,75,Jambojet,0,65.0,8450,html_scrape
2026-07-07 17:55,2026-07-14,NBO→MBA,19:15,20:15,60,Unknown,0,108.0,14040,html_scrape
2026-07-07 17:55,2026-07-07,NBO→KIS,18:00,19:00,60,Jambojet,0,76.0,9880,html_scrape
2026-07-07 17:55,2026-07-07,NBO→KIS,06:30,07:30,60,Jambojet,0,84.0,10920,html_scrape
2026-07-07 17:55,2026-07-08,NBO→KIS,16:40,17:30,50,Unknown,0,99.0,12870,html_scrape
2026-07-07 17:55,2026-07-08,NBO→KIS,23:59,16:55,1016,Unknown,2,284.0,36920,html_scrape
2026-07-07 17:55,2026-07-08,NBO→KIS,21:10,19:00,1310,Jambojet,2,267.0,34710,html_scrape
2026-07-07 17:55,2026-07-08,NBO→KIS,23:59,19:00,1141,Unknown,2,272.0,35360,html_scrape
2026-07-07 17:55,2026-07-09,NBO→KIS,18:00,19:00,60,Jambojet,0,88.0,11440,html_scrape
2026-07-07 17:55,2026-07-09,NBO→KIS,12:50,13:50,60,Jambojet,0,99.0,12870,html_scrape
2026-07-07 17:55,2026-07-09,NBO→KIS,15:30,16:30,60,Jambojet,0,102.0,13260,html_scrape
2026-07-07 17:55,2026-07-09,NBO→KIS,06:00,07:00,60,Jambojet,0,84.0,10920,html_scrape
2026-07-07 17:55,2026-07-09,NBO→KIS,06:30,07:30,60,Jambojet,0,95.0,12350,html_scrape
2026-07-07 17:55,2026-07-09,NBO→KIS,09:20,10:20,60,Jambojet,0,126.0,16380,html_scrape
2026-07-07 17:55,2026-07-09,NBO→KIS,17:30,07:00,810,Jambojet,2,279.0,36270,html_scrape
2026-07-07 17:55,2026-07-09,NBO→KIS,21:10,12:55,945,Unknown,1,360.0,46800,html_scrape
2026-07-07 17:56,2026-07-10,NBO→KIS,17:10,18:10,60,Jambojet,0,95.0,12350,html_scrape
2026-07-07 17:56,2026-07-10,NBO→KIS,17:20,18:10,50,Unknown,0,104.0,13520,html_scrape
2026-07-07 17:56,2026-07-10,NBO→KIS,06:00,07:00,60,Jambojet,0,95.0,12350,html_scrape
2026-07-07 17:56,2026-07-10,NBO→KIS,06:50,07:40,50,Safarilink,0,105.0,13650,html_scrape
2026-07-07 17:56,2026-07-12,NBO→KIS,06:30,07:30,60,Jambojet,0,73.0,9490,html_scrape
2026-07-07 17:56,2026-07-13,NBO→KIS,18:15,19:15,60,Jambojet,0,68.0,8840,html_scrape
2026-07-07 17:56,2026-07-13,NBO→KIS,09:20,10:20,60,Jambojet,0,76.0,9880,html_scrape
2026-07-07 17:56,2026-07-13,NBO→KIS,13:10,14:10,60,Jambojet,0,84.0,10920,html_scrape
2026-07-07 17:56,2026-07-13,NBO→KIS,06:30,07:30,60,Jambojet,0,68.0,8840,html_scrape
2026-07-07 17:56,2026-07-14,NBO→KIS,12:50,13:50,60,Jambojet,0,73.0,9490,html_scrape
2026-07-07 17:56,2026-07-14,NBO→KIS,09:20,10:20,60,Jambojet,0,73.0,9490,html_scrape
2026-07-07 17:56,2026-07-14,NBO→KIS,06:30,07:30,60,Jambojet,0,73.0,9490,html_scrape
2026-07-07 17:57,2026-07-07,NBO→EDL,21:10,12:00,890,Unknown,1,360.0,46800,html_scrape
2026-07-07 17:57,2026-07-08,NBO→EDL,23:59,08:20,501,Unknown,2,249.0,32370,html_scrape
2026-07-07 17:57,2026-07-08,NBO→EDL,21:10,12:00,890,Jambojet,1,236.0,30680,html_scrape
2026-07-07 17:57,2026-07-08,NBO→EDL,23:59,12:00,721,Jambojet,1,242.0,31460,html_scrape
2026-07-07 17:57,2026-07-09,NBO→EDL,06:00,13:20,440,Unknown,2,335.0,43550,html_scrape
2026-07-07 17:57,2026-07-10,NBO→EDL,12:20,13:20,60,Jambojet,0,76.0,9880,html_scrape
2026-07-07 17:57,2026-07-10,NBO→EDL,16:00,17:00,60,Jambojet,0,76.0,9880,html_scrape
2026-07-07 17:57,2026-07-10,NBO→EDL,06:20,07:20,60,Jambojet,0,84.0,10920,html_scrape
2026-07-07 17:57,2026-07-10,NBO→EDL,08:25,12:00,215,Unknown,1,399.0,51870,html_scrape
2026-07-07 17:57,2026-07-10,NBO→EDL,06:05,12:00,355,Unknown,1,399.0,51870,html_scrape
2026-07-07 17:57,2026-07-10,NBO→EDL,21:10,12:00,890,Unknown,1,340.0,44200,html_scrape
2026-07-07 17:57,2026-07-10,NBO→EDL,19:00,12:00,1020,Unknown,1,340.0,44200,html_scrape
2026-07-07 17:58,2026-07-11,NBO→EDL,12:20,13:20,60,Jambojet,0,88.0,11440,html_scrape
2026-07-07 17:58,2026-07-11,NBO→EDL,08:25,12:00,215,Unknown,1,353.0,45890,html_scrape
2026-07-07 17:58,2026-07-11,NBO→EDL,06:00,12:00,360,Unknown,1,351.0,45630,html_scrape
2026-07-07 17:58,2026-07-11,NBO→EDL,21:10,12:00,890,Unknown,1,294.0,38220,html_scrape
2026-07-07 17:58,2026-07-12,NBO→EDL,06:05,12:00,355,Unknown,1,294.0,38220,html_scrape
2026-07-07 17:58,2026-07-12,NBO→EDL,08:25,12:00,215,Unknown,1,390.0,50700,html_scrape
2026-07-07 17:58,2026-07-12,NBO→EDL,21:10,12:00,890,Unknown,1,297.0,38610,html_scrape
2026-07-07 17:58,2026-07-12,NBO→EDL,17:30,12:00,1110,Unknown,1,305.0,39650,html_scrape
2026-07-07 17:58,2026-07-13,NBO→EDL,06:05,12:00,355,Unknown,1,325.0,42250,html_scrape
2026-07-07 17:58,2026-07-13,NBO→EDL,08:25,12:00,215,Unknown,1,382.0,49660,html_scrape
2026-07-07 17:58,2026-07-13,NBO→EDL,16:00,12:00,1200,Unknown,1,316.0,41080,html_scrape
2026-07-07 17:58,2026-07-14,NBO→EDL,06:00,12:00,360,Unknown,1,288.0,37440,html_scrape
2026-07-08 06:22,2026-07-08,NBO→MBA,23:59,00:59,60,Unknown,0,120.0,15600,html_scrape
2026-07-08 06:22,2026-07-08,NBO→MBA,15:05,16:05,60,Unknown,0,255.0,33150,html_scrape
2026-07-08 06:22,2026-07-09,NBO→MBA,21:10,22:25,75,Unknown,0,102.0,13260,html_scrape
2026-07-08 06:22,2026-07-09,NBO→MBA,17:30,18:45,75,Unknown,0,119.0,15470,html_scrape
2026-07-08 06:22,2026-07-09,NBO→MBA,19:20,20:35,75,Unknown,0,119.0,15470,html_scrape
2026-07-08 06:22,2026-07-09,NBO→MBA,17:05,18:20,75,Unknown,0,126.0,16380,html_scrape
2026-07-08 06:23,2026-07-10,NBO→MBA,12:00,13:00,60,Unknown,0,90.0,11700,html_scrape
2026-07-08 06:23,2026-07-10,NBO→MBA,19:00,20:15,75,Unknown,0,88.0,11440,html_scrape
2026-07-08 06:23,2026-07-10,NBO→MBA,17:30,18:45,75,Unknown,0,95.0,12350,html_scrape
2026-07-08 06:23,2026-07-10,NBO→MBA,19:20,20:35,75,Unknown,0,88.0,11440,html_scrape
2026-07-08 06:23,2026-07-10,NBO→MBA,16:00,17:00,60,Unknown,0,101.0,13130,html_scrape
2026-07-08 06:23,2026-07-11,NBO→MBA,08:00,09:00,60,Unknown,0,99.0,12870,html_scrape
2026-07-08 06:23,2026-07-12,NBO→MBA,12:25,13:40,75,Unknown,0,95.0,12350,html_scrape
2026-07-08 06:23,2026-07-13,NBO→MBA,12:25,13:40,75,Unknown,0,102.0,13260,html_scrape
2026-07-08 06:24,2026-07-15,NBO→MBA,17:30,18:45,75,Unknown,0,65.0,8450,html_scrape
2026-07-08 06:24,2026-07-15,NBO→MBA,19:10,20:25,75,Unknown,0,65.0,8450,html_scrape
2026-07-08 06:24,2026-07-15,NBO→MBA,21:10,22:25,75,Unknown,0,65.0,8450,html_scrape
2026-07-08 06:24,2026-07-15,NBO→MBA,07:00,08:00,60,Unknown,0,64.0,8320,html_scrape
2026-07-08 06:24,2026-07-15,NBO→MBA,16:00,17:15,75,Unknown,0,88.0,11440,html_scrape
2026-07-08 06:24,2026-07-15,NBO→MBA,14:50,15:50,60,Unknown,0,108.0,14040,html_scrape
2026-07-08 06:24,2026-07-15,NBO→MBA,06:05,07:20,75,Unknown,0,80.0,10400,html_scrape
2026-07-08 06:24,2026-07-15,NBO→MBA,10:25,11:25,60,Unknown,0,108.0,14040,html_scrape
2026-07-08 06:24,2026-07-15,NBO→MBA,19:15,20:15,60,Unknown,0,108.0,14040,html_scrape
2026-07-08 06:24,2026-07-15,NBO→MBA,14:45,15:50,65,Unknown,0,121.0,15730,html_scrape
2026-07-08 06:24,2026-07-09,NBO→KIS,12:50,13:50,60,Unknown,0,102.0,13260,html_scrape
2026-07-08 06:24,2026-07-09,NBO→KIS,06:00,07:00,60,Unknown,0,91.0,11830,html_scrape
2026-07-08 06:24,2026-07-09,NBO→KIS,06:30,07:30,60,Unknown,0,99.0,12870,html_scrape
2026-07-08 06:24,2026-07-09,NBO→KIS,17:30,12:30,1140,Unknown,2,284.0,36920,html_scrape
2026-07-08 06:24,2026-07-09,NBO→KIS,17:05,12:30,1165,Unknown,2,291.0,37830,html_scrape
2026-07-08 06:24,2026-07-10,NBO→KIS,12:00,13:00,60,Unknown,0,102.0,13260,html_scrape
2026-07-08 06:24,2026-07-10,NBO→KIS,06:00,07:00,60,Unknown,0,102.0,13260,html_scrape
2026-07-08 06:24,2026-07-10,NBO→KIS,06:30,07:30,60,Unknown,0,111.0,14430,html_scrape
2026-07-08 06:25,2026-07-11,NBO→KIS,09:20,10:20,60,Unknown,0,102.0,13260,html_scrape
2026-07-08 06:25,2026-07-15,NBO→KIS,15:30,16:30,60,Unknown,0,68.0,8840,html_scrape
2026-07-08 06:25,2026-07-15,NBO→KIS,18:15,19:15,60,Unknown,0,65.0,8450,html_scrape
2026-07-08 06:25,2026-07-15,NBO→KIS,13:00,14:00,60,Unknown,0,76.0,9880,html_scrape
2026-07-08 06:25,2026-07-15,NBO→KIS,09:20,10:20,60,Unknown,0,73.0,9490,html_scrape
2026-07-08 06:25,2026-07-15,NBO→KIS,17:20,18:10,50,Unknown,0,81.0,10530,html_scrape
2026-07-08 06:25,2026-07-15,NBO→KIS,06:30,07:30,60,Unknown,0,65.0,8450,html_scrape
2026-07-08 06:25,2026-07-15,NBO→KIS,08:00,08:50,50,Unknown,0,81.0,10530,html_scrape
2026-07-08 06:25,2026-07-15,NBO→KIS,06:00,07:00,60,Unknown,0,65.0,8450,html_scrape
2026-07-08 06:25,2026-07-15,NBO→KIS,18:00,18:50,50,Unknown,0,105.0,13650,html_scrape
2026-07-08 06:25,2026-07-15,NBO→KIS,19:20,20:10,50,Unknown,0,105.0,13650,html_scrape
2026-07-08 06:26,2026-07-08,NBO→EDL,09:00,10:00,60,Jambojet,0,73.0,9490,html_scrape
2026-07-08 06:26,2026-07-08,NBO→EDL,12:20,13:20,60,Jambojet,0,76.0,9880,html_scrape
2026-07-08 06:26,2026-07-09,NBO→EDL,12:20,13:20,60,Unknown,0,76.0,9880,html_scrape
2026-07-08 06:26,2026-07-10,NBO→EDL,17:00,17:40,40,Unknown,0,61.0,7930,html_scrape
2026-07-08 06:26,2026-07-10,NBO→EDL,18:30,19:30,60,Unknown,0,76.0,9880,html_scrape
2026-07-08 06:26,2026-07-10,NBO→EDL,09:00,10:00,60,Unknown,0,76.0,9880,html_scrape
2026-07-08 06:26,2026-07-10,NBO→EDL,19:20,12:00,1000,Unknown,1,349.0,45370,html_scrape
2026-07-08 06:26,2026-07-10,NBO→EDL,19:00,12:00,1020,Unknown,1,360.0,46800,html_scrape
2026-07-08 06:26,2026-07-10,NBO→EDL,18:15,12:00,1065,Unknown,1,360.0,46800,html_scrape
2026-07-08 06:26,2026-07-11,NBO→EDL,08:25,12:00,215,Unknown,1,362.0,47060,html_scrape
2026-07-08 06:26,2026-07-11,NBO→EDL,06:00,12:00,360,Unknown,1,362.0,47060,html_scrape
2026-07-08 06:27,2026-07-14,NBO→EDL,09:45,17:40,475,Unknown,2,261.0,33930,html_scrape
2026-07-08 06:27,2026-07-15,NBO→EDL,17:00,17:40,40,Unknown,0,53.0,6890,html_scrape
2026-07-08 06:27,2026-07-15,NBO→EDL,12:20,13:20,60,Unknown,0,73.0,9490,html_scrape
2026-07-08 06:27,2026-07-15,NBO→EDL,16:00,17:00,60,Unknown,0,76.0,9880,html_scrape
2026-07-08 06:27,2026-07-15,NBO→EDL,09:30,10:30,60,Unknown,0,73.0,9490,html_scrape
2026-07-08 06:27,2026-07-15,NBO→EDL,18:30,19:30,60,Unknown,0,73.0,9490,html_scrape
2026-07-08 06:27,2026-07-15,NBO→EDL,06:20,07:20,60,Unknown,0,73.0,9490,html_scrape
2026-07-08 06:27,2026-07-15,NBO→EDL,06:05,12:00,355,Unknown,1,305.0,39650,html_scrape
2026-07-08 06:27,2026-07-15,NBO→EDL,21:10,12:00,890,Unknown,1,286.0,37180,html_scrape
2026-07-08 06:27,2026-07-15,NBO→EDL,19:10,12:00,1010,Unknown,1,286.0,37180,html_scrape
2026-07-08 06:27,2026-07-15,NBO→EDL,17:30,12:00,1110,Unknown,1,286.0,37180,html_scrape
2026-07-08 17:22,2026-07-09,NBO→MBA,23:59,00:59,60,Unknown,0,126.0,16380,html_scrape
2026-07-08 17:22,2026-07-09,NBO→MBA,12:25,13:25,60,Unknown,0,192.0,24960,html_scrape
2026-07-08 17:22,2026-07-09,NBO→MBA,19:20,20:20,60,Unknown,0,192.0,24960,html_scrape
2026-07-08 17:22,2026-07-09,NBO→MBA,07:40,08:40,60,Unknown,0,192.0,24960,html_scrape
2026-07-08 17:23,2026-07-10,NBO→MBA,18:15,19:30,75,Jambojet,0,68.0,8840,html_scrape
2026-07-08 17:23,2026-07-10,NBO→MBA,19:00,20:15,75,Jambojet,0,68.0,8840,html_scrape
2026-07-08 17:23,2026-07-10,NBO→MBA,17:30,18:45,75,Jambojet,0,73.0,9490,html_scrape
2026-07-08 17:23,2026-07-10,NBO→MBA,13:35,14:50,75,Jambojet,0,134.0,17420,html_scrape
2026-07-08 17:23,2026-07-10,NBO→MBA,06:45,07:55,70,Safarilink,0,121.0,15730,html_scrape
2026-07-08 17:23,2026-07-11,NBO→MBA,13:30,14:45,75,Jambojet,0,68.0,8840,html_scrape
2026-07-08 17:23,2026-07-11,NBO→MBA,17:30,18:45,75,Jambojet,0,65.0,8450,html_scrape
2026-07-08 17:23,2026-07-11,NBO→MBA,09:35,10:50,75,Jambojet,0,68.0,8840,html_scrape
2026-07-08 17:23,2026-07-11,NBO→MBA,06:00,07:15,75,Jambojet,0,65.0,8450,html_scrape
2026-07-08 17:23,2026-07-12,NBO→MBA,16:00,17:15,75,Jambojet,0,65.0,8450,html_scrape
2026-07-08 17:23,2026-07-12,NBO→MBA,12:25,13:40,75,Jambojet,0,68.0,8840,html_scrape
2026-07-08 17:23,2026-07-13,NBO→MBA,06:05,07:20,75,Jambojet,0,102.0,13260,html_scrape
2026-07-08 17:23,2026-07-14,NBO→MBA,16:00,17:15,75,Jambojet,0,73.0,9490,html_scrape
2026-07-08 17:23,2026-07-14,NBO→MBA,19:10,20:25,75,Jambojet,0,73.0,9490,html_scrape
2026-07-08 17:23,2026-07-14,NBO→MBA,06:00,07:15,75,Jambojet,0,80.0,10400,html_scrape
2026-07-08 17:24,2026-07-15,NBO→MBA,07:00,08:00,60,Unknown,0,53.0,6890,html_scrape
2026-07-08 17:24,2026-07-15,NBO→MBA,06:05,07:20,75,Jambojet,0,88.0,11440,html_scrape
2026-07-08 17:24,2026-07-09,NBO→KIS,18:00,18:50,50,Safarilink,0,120.0,15600,html_scrape
2026-07-08 17:24,2026-07-09,NBO→KIS,17:30,07:00,810,Unknown,2,333.0,43290,html_scrape
2026-07-08 17:24,2026-07-09,NBO→KIS,17:30,12:30,1140,Unknown,2,321.0,41730,html_scrape
2026-07-08 17:24,2026-07-10,NBO→KIS,17:10,18:10,60,Jambojet,0,102.0,13260,html_scrape
2026-07-08 17:24,2026-07-10,NBO→KIS,15:30,16:30,60,Jambojet,0,111.0,14430,html_scrape
2026-07-08 17:24,2026-07-10,NBO→KIS,12:00,13:00,60,Jambojet,0,111.0,14430,html_scrape
2026-07-08 17:24,2026-07-10,NBO→KIS,11:40,12:30,50,Unknown,0,127.0,16510,html_scrape
2026-07-08 17:24,2026-07-10,NBO→KIS,09:20,10:20,60,Jambojet,0,134.0,17420,html_scrape
2026-07-08 17:24,2026-07-10,NBO→KIS,06:00,07:00,60,Jambojet,0,111.0,14430,html_scrape
2026-07-08 17:24,2026-07-10,NBO→KIS,06:30,07:30,60,Jambojet,0,119.0,15470,html_scrape
2026-07-08 17:24,2026-07-10,NBO→KIS,17:20,18:10,50,Unknown,0,170.0,22100,html_scrape
2026-07-08 17:25,2026-07-11,NBO→KIS,12:50,13:50,60,Jambojet,0,102.0,13260,html_scrape
2026-07-08 17:25,2026-07-11,NBO→KIS,09:20,10:20,60,Jambojet,0,111.0,14430,html_scrape
2026-07-08 17:25,2026-07-11,NBO→KIS,06:00,07:00,60,Jambojet,0,95.0,12350,html_scrape
2026-07-08 17:25,2026-07-12,NBO→KIS,13:00,14:00,60,Jambojet,0,88.0,11440,html_scrape
2026-07-08 17:25,2026-07-12,NBO→KIS,15:30,16:30,60,Jambojet,0,95.0,12350,html_scrape
2026-07-08 17:25,2026-07-12,NBO→KIS,18:15,19:15,60,Jambojet,0,88.0,11440,html_scrape
2026-07-08 17:25,2026-07-12,NBO→KIS,17:20,18:10,50,Unknown,0,104.0,13520,html_scrape
2026-07-08 17:25,2026-07-12,NBO→KIS,06:00,07:00,60,Jambojet,0,73.0,9490,html_scrape
2026-07-08 17:25,2026-07-13,NBO→KIS,13:10,14:10,60,Jambojet,0,88.0,11440,html_scrape
2026-07-08 17:25,2026-07-13,NBO→KIS,06:30,07:30,60,Jambojet,0,73.0,9490,html_scrape
2026-07-08 17:25,2026-07-14,NBO→KIS,15:30,16:30,60,Jambojet,0,73.0,9490,html_scrape
2026-07-08 17:25,2026-07-15,NBO→KIS,15:30,16:30,60,Jambojet,0,73.0,9490,html_scrape
2026-07-08 17:25,2026-07-15,NBO→KIS,18:15,19:15,60,Jambojet,0,68.0,8840,html_scrape
2026-07-08 17:25,2026-07-15,NBO→KIS,13:00,14:00,60,Jambojet,0,80.0,10400,html_scrape
2026-07-08 17:25,2026-07-15,NBO→KIS,06:30,07:30,60,Jambojet,0,68.0,8840,html_scrape
2026-07-08 17:25,2026-07-15,NBO→KIS,06:00,07:00,60,Jambojet,0,68.0,8840,html_scrape
2026-07-08 17:26,2026-07-08,NBO→EDL,16:00,17:00,60,Jambojet,0,76.0,9880,html_scrape
2026-07-08 17:26,2026-07-08,NBO→EDL,09:00,10:00,60,Jambojet,0,76.0,9880,html_scrape
2026-07-08 17:26,2026-07-08,NBO→EDL,12:20,13:20,60,Jambojet,0,80.0,10400,html_scrape
2026-07-08 17:26,2026-07-10,NBO→EDL,16:00,17:00,60,Jambojet,0,84.0,10920,html_scrape
2026-07-08 17:26,2026-07-10,NBO→EDL,12:20,13:20,60,Jambojet,0,88.0,11440,html_scrape
2026-07-08 17:26,2026-07-10,NBO→EDL,18:30,19:30,60,Jambojet,0,88.0,11440,html_scrape
2026-07-08 17:26,2026-07-10,NBO→EDL,09:00,10:00,60,Jambojet,0,88.0,11440,html_scrape
2026-07-08 17:26,2026-07-10,NBO→EDL,06:20,07:20,60,Jambojet,0,99.0,12870,html_scrape
2026-07-08 17:26,2026-07-10,NBO→EDL,21:10,12:00,890,Unknown,1,321.0,41730,html_scrape
2026-07-08 17:26,2026-07-10,NBO→EDL,12:30,12:00,1410,Jambojet,3,573.0,74490,html_scrape
2026-07-08 17:26,2026-07-11,NBO→EDL,09:30,10:30,60,Jambojet,0,68.0,8840,html_scrape
2026-07-08 17:26,2026-07-11,NBO→EDL,16:00,17:00,60,Jambojet,0,76.0,9880,html_scrape
2026-07-08 17:26,2026-07-11,NBO→EDL,07:20,08:20,60,Jambojet,0,68.0,8840,html_scrape
2026-07-08 17:26,2026-07-11,NBO→EDL,06:20,07:20,60,Jambojet,0,68.0,8840,html_scrape
2026-07-08 17:26,2026-07-11,NBO→EDL,08:25,12:00,215,Unknown,1,382.0,49660,html_scrape
2026-07-08 17:26,2026-07-11,NBO→EDL,06:00,12:00,360,Unknown,1,332.0,43160,html_scrape
2026-07-08 17:26,2026-07-11,NBO→EDL,21:10,12:00,890,Unknown,1,321.0,41730,html_scrape
2026-07-08 17:27,2026-07-12,NBO→EDL,06:05,12:00,355,Unknown,1,321.0,41730,html_scrape
2026-07-08 17:27,2026-07-12,NBO→EDL,08:25,12:00,215,Unknown,1,417.0,54210,html_scrape
2026-07-08 17:27,2026-07-13,NBO→EDL,06:05,12:00,355,Unknown,1,327.0,42510,html_scrape
2026-07-08 17:27,2026-07-13,NBO→EDL,21:10,12:00,890,Unknown,1,286.0,37180,html_scrape
2026-07-08 17:27,2026-07-13,NBO→EDL,16:00,12:00,1200,Unknown,1,327.0,42510,html_scrape
2026-07-08 17:27,2026-07-14,NBO→EDL,08:25,12:00,215,Unknown,1,327.0,42510,html_scrape
2026-07-08 17:27,2026-07-14,NBO→EDL,06:00,12:00,360,Unknown,1,305.0,39650,html_scrape
2026-07-08 17:27,2026-07-14,NBO→EDL,21:10,12:00,890,Unknown,1,277.0,36010,html_scrape
2026-07-08 17:27,2026-07-15,NBO→EDL,06:05,12:00,355,Unknown,1,316.0,41080,html_scrape
2026-07-08 17:27,2026-07-15,NBO→EDL,17:30,12:00,1110,Unknown,1,297.0,38610,html_scrape
2026-07-09 07:31,2026-07-09,NBO→MBA,23:59,00:59,60,Unknown,0,144.0,18720,html_scrape
2026-07-09 07:31,2026-07-09,NBO→MBA,20:20,21:20,60,Unknown,0,192.0,24960,html_scrape
2026-07-09 07:32,2026-07-10,NBO→MBA,19:20,20:35,75,Unknown,0,68.0,8840,html_scrape
2026-07-09 07:32,2026-07-11,NBO→MBA,06:00,07:15,75,Unknown,0,68.0,8840,html_scrape
2026-07-09 07:32,2026-07-12,NBO→MBA,16:00,17:15,75,Unknown,0,68.0,8840,html_scrape
2026-07-09 07:32,2026-07-13,NBO→MBA,07:00,08:00,60,Unknown,0,65.0,8450,html_scrape
2026-07-09 07:32,2026-07-14,NBO→MBA,16:00,17:15,75,Unknown,0,80.0,10400,html_scrape
2026-07-09 07:33,2026-07-16,NBO→MBA,19:10,20:25,75,Unknown,0,65.0,8450,html_scrape
2026-07-09 07:33,2026-07-16,NBO→MBA,12:25,13:40,75,Unknown,0,80.0,10400,html_scrape
2026-07-09 07:33,2026-07-16,NBO→MBA,16:00,17:15,75,Unknown,0,80.0,10400,html_scrape
2026-07-09 07:33,2026-07-16,NBO→MBA,21:10,22:25,75,Unknown,0,73.0,9490,html_scrape
2026-07-09 07:33,2026-07-16,NBO→MBA,07:00,08:00,60,Unknown,0,78.0,10140,html_scrape
2026-07-09 07:33,2026-07-16,NBO→MBA,14:50,15:50,60,Unknown,0,108.0,14040,html_scrape
2026-07-09 07:33,2026-07-16,NBO→MBA,10:25,11:25,60,Unknown,0,108.0,14040,html_scrape
2026-07-09 07:33,2026-07-16,NBO→MBA,19:15,20:15,60,Unknown,0,108.0,14040,html_scrape
2026-07-09 07:33,2026-07-16,NBO→MBA,08:25,09:40,75,Unknown,0,102.0,13260,html_scrape
2026-07-09 07:33,2026-07-16,NBO→MBA,14:45,15:50,65,Unknown,0,121.0,15730,html_scrape
2026-07-09 07:33,2026-07-09,NBO→KIS,19:20,20:10,50,Unknown,0,120.0,15600,html_scrape
2026-07-09 07:33,2026-07-09,NBO→KIS,17:05,17:55,50,Unknown,0,192.0,24960,html_scrape
2026-07-09 07:33,2026-07-10,NBO→KIS,11:40,12:30,50,Unknown,0,151.0,19630,html_scrape
2026-07-09 07:33,2026-07-10,NBO→KIS,17:20,18:10,50,Unknown,0,151.0,19630,html_scrape
2026-07-09 07:34,2026-07-11,NBO→KIS,17:05,18:05,60,Unknown,0,68.0,8840,html_scrape
2026-07-09 07:34,2026-07-11,NBO→KIS,16:35,17:25,50,Unknown,0,92.0,11960,html_scrape
2026-07-09 07:34,2026-07-11,NBO→KIS,09:20,10:20,60,Unknown,0,119.0,15470,html_scrape
2026-07-09 07:34,2026-07-12,NBO→KIS,09:10,10:10,60,Unknown,0,95.0,12350,html_scrape
2026-07-09 07:35,2026-07-16,NBO→KIS,15:30,16:30,60,Unknown,0,68.0,8840,html_scrape
2026-07-09 07:35,2026-07-16,NBO→KIS,18:00,19:00,60,Unknown,0,68.0,8840,html_scrape
2026-07-09 07:35,2026-07-16,NBO→KIS,13:00,14:00,60,Unknown,0,73.0,9490,html_scrape
2026-07-09 07:35,2026-07-16,NBO→KIS,12:20,13:10,50,Unknown,0,81.0,10530,html_scrape
2026-07-09 07:35,2026-07-16,NBO→KIS,17:20,18:10,50,Unknown,0,81.0,10530,html_scrape
2026-07-09 07:35,2026-07-16,NBO→KIS,09:20,10:20,60,Unknown,0,76.0,9880,html_scrape
2026-07-09 07:35,2026-07-16,NBO→KIS,06:30,07:30,60,Unknown,0,65.0,8450,html_scrape
2026-07-09 07:35,2026-07-16,NBO→KIS,06:00,07:00,60,Unknown,0,68.0,8840,html_scrape
2026-07-09 07:35,2026-07-16,NBO→KIS,18:00,18:50,50,Unknown,0,105.0,13650,html_scrape
2026-07-09 07:35,2026-07-16,NBO→KIS,19:20,20:10,50,Unknown,0,105.0,13650,html_scrape
2026-07-09 07:35,2026-07-10,NBO→EDL,16:00,17:00,60,Unknown,0,99.0,12870,html_scrape
2026-07-09 07:35,2026-07-10,NBO→EDL,12:20,13:20,60,Unknown,0,111.0,14430,html_scrape
2026-07-09 07:35,2026-07-10,NBO→EDL,18:30,19:30,60,Unknown,0,111.0,14430,html_scrape
2026-07-09 07:35,2026-07-10,NBO→EDL,09:00,10:00,60,Unknown,0,119.0,15470,html_scrape
2026-07-09 07:36,2026-07-12,NBO→EDL,09:30,10:30,60,Unknown,0,76.0,9880,html_scrape
2026-07-09 07:36,2026-07-13,NBO→EDL,21:10,10:30,800,Unknown,2,207.0,26910,html_scrape
2026-07-09 07:36,2026-07-14,NBO→EDL,07:00,12:00,300,Unknown,1,220.0,28600,html_scrape
2026-07-09 07:36,2026-07-14,NBO→EDL,06:00,12:00,360,Unknown,1,314.0,40820,html_scrape
2026-07-09 07:36,2026-07-14,NBO→EDL,07:00,16:50,590,Unknown,2,195.0,25350,html_scrape
2026-07-09 07:36,2026-07-15,NBO→EDL,16:00,17:00,60,Unknown,0,73.0,9490,html_scrape
2026-07-09 07:36,2026-07-16,NBO→EDL,17:00,17:40,40,Unknown,0,61.0,7930,html_scrape
2026-07-09 07:36,2026-07-16,NBO→EDL,12:20,13:20,60,Unknown,0,73.0,9490,html_scrape
2026-07-09 07:36,2026-07-16,NBO→EDL,16:00,17:00,60,Unknown,0,73.0,9490,html_scrape
2026-07-09 07:36,2026-07-16,NBO→EDL,18:30,19:30,60,Unknown,0,73.0,9490,html_scrape
2026-07-09 07:36,2026-07-16,NBO→EDL,09:30,10:30,60,Unknown,0,73.0,9490,html_scrape
2026-07-09 07:36,2026-07-16,NBO→EDL,07:20,08:20,60,Unknown,0,73.0,9490,html_scrape
2026-07-09 07:36,2026-07-16,NBO→EDL,06:20,07:20,60,Unknown,0,73.0,9490,html_scrape
2026-07-09 07:36,2026-07-16,NBO→EDL,08:25,12:00,215,Unknown,1,347.0,45110,html_scrape
2026-07-09 07:36,2026-07-16,NBO→EDL,06:00,12:00,360,Unknown,1,347.0,45110,html_scrape
2026-07-09 07:36,2026-07-16,NBO→EDL,19:10,10:30,920,Unknown,2,207.0,26910,html_scrape
2026-07-09 17:49,2026-07-09,NBO→MBA,19:20,20:35,75,Jambojet,0,76.0,9880,html_scrape
2026-07-09 17:49,2026-07-09,NBO→MBA,19:00,20:15,75,Jambojet,0,80.0,10400,html_scrape
2026-07-09 17:49,2026-07-10,NBO→MBA,19:20,20:35,75,Unknown,0,76.0,9880,html_scrape
2026-07-09 17:49,2026-07-10,NBO→MBA,23:59,00:59,60,Unknown,0,99.0,12870,html_scrape
2026-07-09 17:49,2026-07-10,NBO→MBA,14:45,15:50,65,Unknown,0,152.0,19760,html_scrape
2026-07-09 17:49,2026-07-10,NBO→MBA,14:00,15:10,70,Unknown,0,152.0,19760,html_scrape
2026-07-09 17:49,2026-07-10,NBO→MBA,19:10,20:10,60,Unknown,0,197.0,25610,html_scrape
2026-07-09 17:50,2026-07-11,NBO→MBA,13:30,14:45,75,Unknown,0,73.0,9490,html_scrape
2026-07-09 17:50,2026-07-11,NBO→MBA,17:30,18:45,75,Unknown,0,68.0,8840,html_scrape
2026-07-09 17:50,2026-07-11,NBO→MBA,12:55,13:55,60,Unknown,0,99.0,12870,html_scrape
2026-07-09 17:50,2026-07-11,NBO→MBA,09:35,10:50,75,Unknown,0,91.0,11830,html_scrape
2026-07-09 17:50,2026-07-11,NBO→MBA,17:00,18:00,60,Unknown,0,99.0,12870,html_scrape
2026-07-09 17:50,2026-07-11,NBO→MBA,06:00,07:15,75,Unknown,0,76.0,9880,html_scrape
2026-07-09 17:50,2026-07-11,NBO→MBA,14:45,15:50,65,Unknown,0,121.0,15730,html_scrape
2026-07-09 17:50,2026-07-12,NBO→MBA,12:25,13:40,75,Unknown,0,73.0,9490,html_scrape
2026-07-09 17:50,2026-07-12,NBO→MBA,16:00,17:15,75,Unknown,0,73.0,9490,html_scrape
2026-07-09 17:50,2026-07-13,NBO→MBA,12:25,13:40,75,Unknown,0,73.0,9490,html_scrape
2026-07-09 17:50,2026-07-13,NBO→MBA,16:00,17:15,75,Unknown,0,73.0,9490,html_scrape
2026-07-09 17:50,2026-07-13,NBO→MBA,17:30,18:45,75,Unknown,0,76.0,9880,html_scrape
2026-07-09 17:50,2026-07-13,NBO→MBA,06:05,07:20,75,Unknown,0,73.0,9490,html_scrape
2026-07-09 17:50,2026-07-13,NBO→MBA,08:25,09:40,75,Unknown,0,102.0,13260,html_scrape
2026-07-09 17:50,2026-07-14,NBO→MBA,12:00,13:00,60,Unknown,0,53.0,6890,html_scrape
2026-07-09 17:50,2026-07-14,NBO→MBA,12:25,13:40,75,Unknown,0,65.0,8450,html_scrape
2026-07-09 17:50,2026-07-14,NBO→MBA,08:25,09:40,75,Unknown,0,68.0,8840,html_scrape
2026-07-09 17:51,2026-07-15,NBO→MBA,16:00,17:15,75,Unknown,0,65.0,8450,html_scrape
2026-07-09 17:51,2026-07-15,NBO→MBA,12:25,13:40,75,Unknown,0,80.0,10400,html_scrape
2026-07-09 17:51,2026-07-15,NBO→MBA,06:05,07:20,75,Unknown,0,68.0,8840,html_scrape
2026-07-09 17:51,2026-07-16,NBO→MBA,12:25,13:40,75,Unknown,0,65.0,8450,html_scrape
2026-07-09 17:51,2026-07-16,NBO→MBA,16:00,17:15,75,Unknown,0,65.0,8450,html_scrape
2026-07-09 17:51,2026-07-16,NBO→MBA,21:10,22:25,75,Unknown,0,65.0,8450,html_scrape
2026-07-09 17:51,2026-07-16,NBO→MBA,08:25,09:40,75,Unknown,0,73.0,9490,html_scrape
2026-07-09 17:51,2026-07-16,NBO→MBA,07:00,08:00,60,Unknown,0,65.0,8450,html_scrape
2026-07-09 17:51,2026-07-16,NBO→MBA,06:00,07:15,75,Unknown,0,68.0,8840,html_scrape
2026-07-09 17:51,2026-07-09,NBO→KIS,18:00,18:50,50,Safarilink,0,157.0,20410,html_scrape
2026-07-09 17:51,2026-07-09,NBO→KIS,17:20,18:10,50,Unknown,0,197.0,25610,html_scrape
2026-07-09 17:51,2026-07-10,NBO→KIS,19:20,20:10,50,Unknown,0,120.0,15600,html_scrape
2026-07-09 17:51,2026-07-10,NBO→KIS,18:00,18:50,50,Unknown,0,157.0,20410,html_scrape
2026-07-09 17:51,2026-07-10,NBO→KIS,17:20,18:10,50,Unknown,0,197.0,25610,html_scrape
2026-07-09 17:51,2026-07-10,NBO→KIS,17:00,17:25,1465,Unknown,2,213.0,27690,html_scrape
2026-07-09 17:51,2026-07-10,NBO→KIS,16:00,17:25,1525,Unknown,2,271.0,35230,html_scrape
2026-07-09 17:51,2026-07-10,NBO→KIS,17:00,18:05,1505,Unknown,2,314.0,40820,html_scrape
2026-07-09 17:51,2026-07-11,NBO→KIS,18:00,19:00,60,Unknown,0,68.0,8840,html_scrape
2026-07-09 17:51,2026-07-11,NBO→KIS,12:50,13:50,60,Unknown,0,111.0,14430,html_scrape
2026-07-09 17:51,2026-07-11,NBO→KIS,16:35,17:25,50,Unknown,0,109.0,14170,html_scrape
2026-07-09 17:51,2026-07-11,NBO→KIS,06:30,07:30,60,Unknown,0,111.0,14430,html_scrape
2026-07-09 17:51,2026-07-11,NBO→KIS,09:20,10:20,60,Unknown,0,134.0,17420,html_scrape
2026-07-09 17:51,2026-07-11,NBO→KIS,06:00,07:00,60,Unknown,0,111.0,14430,html_scrape
2026-07-09 17:52,2026-07-12,NBO→KIS,18:15,19:15,60,Unknown,0,95.0,12350,html_scrape
2026-07-09 17:52,2026-07-12,NBO→KIS,17:20,18:10,50,Unknown,0,122.0,15860,html_scrape
2026-07-09 17:52,2026-07-13,NBO→KIS,06:30,07:30,60,Unknown,0,76.0,9880,html_scrape
2026-07-09 17:52,2026-07-13,NBO→KIS,06:50,07:40,50,Unknown,0,105.0,13650,html_scrape
2026-07-09 17:52,2026-07-14,NBO→KIS,15:30,16:30,60,Unknown,0,76.0,9880,html_scrape
2026-07-09 17:52,2026-07-14,NBO→KIS,09:20,10:20,60,Unknown,0,76.0,9880,html_scrape
2026-07-09 17:52,2026-07-14,NBO→KIS,16:40,17:30,50,Unknown,0,87.0,11310,html_scrape
2026-07-09 17:52,2026-07-14,NBO→KIS,06:00,07:00,60,Unknown,0,73.0,9490,html_scrape
2026-07-09 17:52,2026-07-15,NBO→KIS,06:50,07:40,50,Unknown,0,105.0,13650,html_scrape
2026-07-09 17:52,2026-07-16,NBO→KIS,12:20,13:10,50,Unknown,0,87.0,11310,html_scrape
2026-07-09 17:52,2026-07-16,NBO→KIS,06:30,07:30,60,Unknown,0,68.0,8840,html_scrape
2026-07-09 17:52,2026-07-16,NBO→KIS,06:00,07:00,60,Unknown,0,73.0,9490,html_scrape
2026-07-09 17:53,2026-07-10,NBO→EDL,12:30,17:40,1750,Unknown,2,351.0,45630,html_scrape
2026-07-09 17:53,2026-07-10,NBO→EDL,12:30,20:10,1900,Unknown,2,371.0,48230,html_scrape
2026-07-09 17:53,2026-07-10,NBO→EDL,12:30,12:00,2850,Unknown,3,619.0,80470,html_scrape
2026-07-09 17:53,2026-07-11,NBO→EDL,12:20,13:20,60,Unknown,0,95.0,12350,html_scrape
2026-07-09 17:53,2026-07-11,NBO→EDL,12:30,12:00,1410,Unknown,3,569.0,73970,html_scrape
2026-07-09 17:54,2026-07-13,NBO→EDL,12:20,13:20,60,Unknown,0,78.0,10140,html_scrape
2026-07-09 17:54,2026-07-13,NBO→EDL,16:10,17:10,60,Unknown,0,78.0,10140,html_scrape
2026-07-09 17:54,2026-07-13,NBO→EDL,09:30,10:30,60,Unknown,0,78.0,10140,html_scrape
2026-07-09 17:54,2026-07-14,NBO→EDL,07:00,12:00,300,Unknown,1,232.0,30160,html_scrape
2026-07-09 17:54,2026-07-14,NBO→EDL,08:25,12:00,215,Unknown,1,297.0,38610,html_scrape
2026-07-09 17:54,2026-07-14,NBO→EDL,06:00,12:00,360,Unknown,1,286.0,37180,html_scrape
2026-07-09 17:54,2026-07-14,NBO→EDL,12:00,07:20,1160,Unknown,2,195.0,25350,html_scrape
2026-07-09 17:54,2026-07-15,NBO→EDL,16:00,17:00,60,Unknown,0,80.0,10400,html_scrape
2026-07-09 17:54,2026-07-15,NBO→EDL,08:25,12:00,215,Unknown,1,318.0,41340,html_scrape
2026-07-09 17:54,2026-07-15,NBO→EDL,06:05,12:00,355,Unknown,1,288.0,37440,html_scrape
2026-07-09 17:54,2026-07-16,NBO→EDL,08:25,12:00,215,Unknown,1,305.0,39650,html_scrape
2026-07-09 17:54,2026-07-16,NBO→EDL,06:00,12:00,360,Unknown,1,297.0,38610,html_scrape
2026-07-10 07:29,2026-07-10,NBO→MBA,23:59,00:59,60,Unknown,0,131.0,17030,html_scrape
2026-07-10 07:29,2026-07-11,NBO→MBA,09:35,10:50,75,Unknown,0,80.0,10400,html_scrape
2026-07-10 07:29,2026-07-11,NBO→MBA,12:55,13:55,60,Unknown,0,113.0,14690,html_scrape
2026-07-10 07:29,2026-07-11,NBO→MBA,06:00,07:15,75,Unknown,0,88.0,11440,html_scrape
2026-07-10 07:29,2026-07-11,NBO→MBA,14:00,15:10,70,Unknown,0,121.0,15730,html_scrape
2026-07-10 07:29,2026-07-12,NBO→MBA,12:25,13:40,75,Unknown,0,76.0,9880,html_scrape
2026-07-10 07:29,2026-07-12,NBO→MBA,12:00,13:00,60,Unknown,0,78.0,10140,html_scrape
2026-07-10 07:30,2026-07-13,NBO→MBA,07:00,08:00,60,Unknown,0,90.0,11700,html_scrape
2026-07-10 07:30,2026-07-15,NBO→MBA,07:00,08:00,60,Unknown,0,90.0,11700,html_scrape
2026-07-10 07:30,2026-07-17,NBO→MBA,16:00,17:00,60,Unknown,0,65.0,8450,html_scrape
2026-07-10 07:30,2026-07-17,NBO→MBA,18:15,19:30,75,Unknown,0,65.0,8450,html_scrape
2026-07-10 07:30,2026-07-17,NBO→MBA,19:00,20:15,75,Unknown,0,65.0,8450,html_scrape
2026-07-10 07:30,2026-07-17,NBO→MBA,19:20,20:35,75,Unknown,0,65.0,8450,html_scrape
2026-07-10 07:30,2026-07-17,NBO→MBA,21:10,22:25,75,Unknown,0,65.0,8450,html_scrape
2026-07-10 07:30,2026-07-17,NBO→MBA,17:30,18:45,75,Unknown,0,88.0,11440,html_scrape
2026-07-10 07:30,2026-07-17,NBO→MBA,19:10,20:10,60,Unknown,0,93.0,12090,html_scrape
2026-07-10 07:30,2026-07-17,NBO→MBA,12:00,13:00,60,Unknown,0,101.0,13130,html_scrape
2026-07-10 07:30,2026-07-17,NBO→MBA,13:35,14:50,75,Unknown,0,102.0,13260,html_scrape
2026-07-10 07:30,2026-07-17,NBO→MBA,08:25,09:40,75,Unknown,0,95.0,12350,html_scrape
2026-07-10 07:31,2026-07-10,NBO→KIS,16:35,17:25,50,Unknown,0,122.0,15860,html_scrape
2026-07-10 07:31,2026-07-11,NBO→KIS,17:05,18:05,60,Unknown,0,76.0,9880,html_scrape
2026-07-10 07:31,2026-07-11,NBO→KIS,12:50,13:50,60,Unknown,0,119.0,15470,html_scrape
2026-07-10 07:31,2026-07-11,NBO→KIS,16:35,17:25,50,Unknown,0,122.0,15860,html_scrape
2026-07-10 07:31,2026-07-11,NBO→KIS,06:50,07:40,50,Unknown,0,120.0,15600,html_scrape
2026-07-10 07:31,2026-07-11,NBO→KIS,09:20,10:20,60,Unknown,0,141.0,18330,html_scrape
2026-07-10 07:31,2026-07-11,NBO→KIS,06:30,07:30,60,Unknown,0,126.0,16380,html_scrape
2026-07-10 07:31,2026-07-11,NBO→KIS,06:00,07:00,60,Unknown,0,134.0,17420,html_scrape
2026-07-10 07:31,2026-07-12,NBO→KIS,13:00,14:00,60,Unknown,0,95.0,12350,html_scrape
2026-07-10 07:31,2026-07-12,NBO→KIS,18:15,19:15,60,Unknown,0,102.0,13260,html_scrape
2026-07-10 07:31,2026-07-13,NBO→KIS,09:20,10:20,60,Unknown,0,85.0,11050,html_scrape
2026-07-10 07:31,2026-07-13,NBO→KIS,13:10,14:10,60,Unknown,0,102.0,13260,html_scrape
2026-07-10 07:31,2026-07-13,NBO→KIS,07:00,07:50,50,Unknown,0,99.0,12870,html_scrape
2026-07-10 07:32,2026-07-14,NBO→KIS,12:50,13:50,60,Unknown,0,76.0,9880,html_scrape
2026-07-10 07:32,2026-07-17,NBO→KIS,15:30,16:30,60,Unknown,0,80.0,10400,html_scrape
2026-07-10 07:32,2026-07-17,NBO→KIS,17:10,18:10,60,Unknown,0,88.0,11440,html_scrape
2026-07-10 07:32,2026-07-17,NBO→KIS,17:20,18:10,50,Unknown,0,92.0,11960,html_scrape
2026-07-10 07:32,2026-07-17,NBO→KIS,08:00,08:50,50,Unknown,0,86.0,11180,html_scrape
2026-07-10 07:32,2026-07-17,NBO→KIS,12:50,13:50,60,Unknown,0,95.0,12350,html_scrape
2026-07-10 07:32,2026-07-17,NBO→KIS,09:20,10:20,60,Unknown,0,95.0,12350,html_scrape
2026-07-10 07:32,2026-07-17,NBO→KIS,18:00,18:50,50,Unknown,0,105.0,13650,html_scrape
2026-07-10 07:32,2026-07-17,NBO→KIS,06:30,07:30,60,Unknown,0,80.0,10400,html_scrape
2026-07-10 07:32,2026-07-17,NBO→KIS,19:20,20:10,50,Unknown,0,105.0,13650,html_scrape
2026-07-10 07:32,2026-07-17,NBO→KIS,06:00,07:00,60,Unknown,0,80.0,10400,html_scrape
2026-07-10 07:33,2026-07-10,NBO→EDL,09:30,10:30,60,Jambojet,0,73.0,9490,html_scrape
2026-07-10 07:33,2026-07-11,NBO→EDL,16:00,17:00,60,Unknown,0,84.0,10920,html_scrape
2026-07-10 07:33,2026-07-11,NBO→EDL,12:30,12:00,1410,Unknown,3,570.0,74100,html_scrape
2026-07-10 07:33,2026-07-12,NBO→EDL,09:30,10:30,60,Unknown,0,84.0,10920,html_scrape
2026-07-10 07:33,2026-07-12,NBO→EDL,23:59,12:00,721,Unknown,1,212.0,27560,html_scrape
2026-07-10 07:33,2026-07-12,NBO→EDL,19:10,10:30,920,Unknown,2,207.0,26910,html_scrape
2026-07-10 07:33,2026-07-12,NBO→EDL,21:10,10:30,800,Unknown,2,207.0,26910,html_scrape
2026-07-10 07:33,2026-07-12,NBO→EDL,21:10,12:00,890,Unknown,1,294.0,38220,html_scrape
2026-07-10 07:33,2026-07-12,NBO→EDL,19:10,12:00,1010,Unknown,1,294.0,38220,html_scrape
2026-07-10 07:33,2026-07-13,NBO→EDL,07:00,12:00,300,Unknown,1,209.0,27170,html_scrape
2026-07-10 07:33,2026-07-13,NBO→EDL,06:00,12:00,360,Unknown,1,227.0,29510,html_scrape
2026-07-10 07:33,2026-07-13,NBO→EDL,08:25,12:00,215,Unknown,1,335.0,43550,html_scrape
2026-07-10 07:34,2026-07-14,NBO→EDL,08:25,12:00,215,Unknown,1,305.0,39650,html_scrape
2026-07-10 07:34,2026-07-14,NBO→EDL,07:00,16:50,590,Unknown,2,207.0,26910,html_scrape
2026-07-10 07:34,2026-07-17,NBO→EDL,17:00,17:40,40,Unknown,0,61.0,7930,html_scrape
2026-07-10 07:34,2026-07-17,NBO→EDL,12:20,13:20,60,Unknown,0,73.0,9490,html_scrape
2026-07-10 07:34,2026-07-17,NBO→EDL,16:00,17:00,60,Unknown,0,73.0,9490,html_scrape
2026-07-10 07:34,2026-07-17,NBO→EDL,18:30,19:30,60,Unknown,0,73.0,9490,html_scrape
2026-07-10 07:34,2026-07-17,NBO→EDL,09:30,10:30,60,Unknown,0,73.0,9490,html_scrape
2026-07-10 07:34,2026-07-17,NBO→EDL,06:20,07:20,60,Unknown,0,73.0,9490,html_scrape
2026-07-10 07:34,2026-07-17,NBO→EDL,08:25,12:00,215,Unknown,1,382.0,49660,html_scrape
2026-07-10 07:34,2026-07-17,NBO→EDL,06:05,12:00,355,Unknown,1,362.0,47060,html_scrape
2026-07-10 07:34,2026-07-17,NBO→EDL,16:00,07:20,920,Unknown,2,207.0,26910,html_scrape
2026-07-10 17:42,2026-07-10,NBO→MBA,17:30,18:45,75,Jambojet,0,65.0,8450,html_scrape
2026-07-10 17:43,2026-07-11,NBO→MBA,08:00,09:00,60,Unknown,0,137.0,17810,html_scrape
2026-07-10 17:43,2026-07-11,NBO→MBA,23:59,00:59,60,Unknown,0,156.0,20280,html_scrape
2026-07-10 17:43,2026-07-11,NBO→MBA,12:30,20:35,485,Unknown,2,314.0,40820,html_scrape
2026-07-10 17:43,2026-07-12,NBO→MBA,12:25,13:40,75,Unknown,0,65.0,8450,html_scrape
2026-07-10 17:43,2026-07-12,NBO→MBA,14:50,15:50,60,Unknown,0,120.0,15600,html_scrape
2026-07-10 17:43,2026-07-12,NBO→MBA,19:15,20:15,60,Unknown,0,108.0,14040,html_scrape
2026-07-10 17:43,2026-07-12,NBO→MBA,14:45,15:50,65,Unknown,0,121.0,15730,html_scrape
2026-07-10 17:43,2026-07-13,NBO→MBA,17:30,18:45,75,Unknown,0,80.0,10400,html_scrape
2026-07-10 17:43,2026-07-13,NBO→MBA,06:05,07:20,75,Unknown,0,76.0,9880,html_scrape
2026-07-10 17:43,2026-07-14,NBO→MBA,12:00,13:00,60,Unknown,0,78.0,10140,html_scrape
2026-07-10 17:43,2026-07-14,NBO→MBA,08:25,09:40,75,Unknown,0,76.0,9880,html_scrape
2026-07-10 17:43,2026-07-14,NBO→MBA,06:00,07:15,75,Unknown,0,68.0,8840,html_scrape
2026-07-10 17:43,2026-07-15,NBO→MBA,16:00,17:15,75,Unknown,0,73.0,9490,html_scrape
2026-07-10 17:43,2026-07-15,NBO→MBA,12:25,13:40,75,Unknown,0,76.0,9880,html_scrape
2026-07-10 17:43,2026-07-15,NBO→MBA,06:05,07:20,75,Unknown,0,73.0,9490,html_scrape
2026-07-10 17:44,2026-07-16,NBO→MBA,08:25,09:40,75,Unknown,0,76.0,9880,html_scrape
2026-07-10 17:44,2026-07-16,NBO→MBA,06:00,07:15,75,Unknown,0,73.0,9490,html_scrape
2026-07-10 17:44,2026-07-17,NBO→MBA,16:00,17:00,60,Unknown,0,78.0,10140,html_scrape
2026-07-10 17:44,2026-07-17,NBO→MBA,07:00,08:00,60,Unknown,0,78.0,10140,html_scrape
2026-07-10 17:44,2026-07-17,NBO→MBA,14:45,15:50,65,Unknown,0,121.0,15730,html_scrape
2026-07-10 17:44,2026-07-10,NBO→KIS,06:50,07:40,50,Safarilink,0,120.0,15600,html_scrape
2026-07-10 17:44,2026-07-11,NBO→KIS,16:35,17:25,50,Unknown,0,134.0,17420,html_scrape
2026-07-10 17:44,2026-07-11,NBO→KIS,17:00,07:00,840,Unknown,2,255.0,33150,html_scrape
2026-07-10 17:44,2026-07-11,NBO→KIS,12:55,07:00,1085,Unknown,2,269.0,34970,html_scrape
2026-07-10 17:45,2026-07-12,NBO→KIS,15:30,16:30,60,Unknown,0,102.0,13260,html_scrape
2026-07-10 17:45,2026-07-12,NBO→KIS,18:15,19:15,60,Unknown,0,111.0,14430,html_scrape
2026-07-10 17:45,2026-07-12,NBO→KIS,06:50,07:40,50,Unknown,0,105.0,13650,html_scrape
2026-07-10 17:45,2026-07-13,NBO→KIS,18:15,19:15,60,Unknown,0,73.0,9490,html_scrape
2026-07-10 17:45,2026-07-13,NBO→KIS,15:30,16:30,60,Unknown,0,88.0,11440,html_scrape
2026-07-10 17:45,2026-07-13,NBO→KIS,06:00,07:00,60,Unknown,0,76.0,9880,html_scrape
2026-07-10 17:45,2026-07-13,NBO→KIS,06:30,07:30,60,Unknown,0,84.0,10920,html_scrape
2026-07-10 17:45,2026-07-13,NBO→KIS,13:10,14:10,60,Unknown,0,111.0,14430,html_scrape
2026-07-10 17:45,2026-07-14,NBO→KIS,09:20,10:20,60,Unknown,0,80.0,10400,html_scrape
2026-07-10 17:45,2026-07-14,NBO→KIS,16:40,17:30,50,Unknown,0,99.0,12870,html_scrape
2026-07-10 17:45,2026-07-14,NBO→KIS,06:30,07:30,60,Unknown,0,76.0,9880,html_scrape
2026-07-10 17:45,2026-07-15,NBO→KIS,09:20,10:20,60,Unknown,0,80.0,10400,html_scrape
2026-07-10 17:45,2026-07-15,NBO→KIS,06:30,07:30,60,Unknown,0,73.0,9490,html_scrape
2026-07-10 17:45,2026-07-15,NBO→KIS,06:00,07:00,60,Unknown,0,73.0,9490,html_scrape
2026-07-10 17:45,2026-07-16,NBO→KIS,09:20,10:20,60,Unknown,0,80.0,10400,html_scrape
2026-07-10 17:46,2026-07-17,NBO→KIS,17:20,18:10,50,Unknown,0,104.0,13520,html_scrape
2026-07-10 17:46,2026-07-17,NBO→KIS,06:00,07:00,60,Unknown,0,88.0,11440,html_scrape
2026-07-10 17:46,2026-07-10,NBO→EDL,19:10,20:10,60,Jambojet,0,65.0,8450,html_scrape
2026-07-10 17:46,2026-07-11,NBO→EDL,19:10,20:10,60,Unknown,0,65.0,8450,html_scrape
2026-07-10 17:46,2026-07-11,NBO→EDL,12:30,12:00,1410,Unknown,3,561.0,72930,html_scrape
2026-07-10 17:46,2026-07-12,NBO→EDL,18:30,19:30,60,Unknown,0,65.0,8450,html_scrape
2026-07-10 17:46,2026-07-12,NBO→EDL,09:30,10:30,60,Unknown,0,80.0,10400,html_scrape
2026-07-10 17:46,2026-07-12,NBO→EDL,21:10,12:00,890,Unknown,1,321.0,41730,html_scrape
2026-07-10 17:47,2026-07-13,NBO→EDL,12:20,13:20,60,Unknown,0,65.0,8450,html_scrape
2026-07-10 17:47,2026-07-13,NBO→EDL,16:10,17:10,60,Unknown,0,65.0,8450,html_scrape
2026-07-10 17:47,2026-07-13,NBO→EDL,09:30,10:30,60,Unknown,0,65.0,8450,html_scrape
2026-07-10 17:47,2026-07-13,NBO→EDL,18:30,19:30,60,Unknown,0,65.0,8450,html_scrape
2026-07-10 17:47,2026-07-13,NBO→EDL,06:20,07:20,60,Unknown,0,65.0,8450,html_scrape
2026-07-10 17:47,2026-07-13,NBO→EDL,06:05,12:00,355,Unknown,1,340.0,44200,html_scrape
2026-07-10 17:47,2026-07-13,NBO→EDL,06:05,17:10,665,Unknown,2,218.0,28340,html_scrape
2026-07-10 17:47,2026-07-14,NBO→EDL,12:20,13:20,60,Unknown,0,65.0,8450,html_scrape
2026-07-10 17:47,2026-07-14,NBO→EDL,15:50,16:50,60,Unknown,0,65.0,8450,html_scrape
2026-07-10 17:47,2026-07-14,NBO→EDL,09:30,10:30,60,Unknown,0,65.0,8450,html_scrape
2026-07-10 17:47,2026-07-14,NBO→EDL,18:30,19:30,60,Unknown,0,65.0,8450,html_scrape
2026-07-10 17:47,2026-07-14,NBO→EDL,06:20,07:20,60,Unknown,0,65.0,8450,html_scrape
2026-07-10 17:47,2026-07-14,NBO→EDL,06:00,12:00,360,Unknown,1,297.0,38610,html_scrape
2026-07-10 17:47,2026-07-15,NBO→EDL,12:20,13:20,60,Unknown,0,65.0,8450,html_scrape
2026-07-10 17:47,2026-07-15,NBO→EDL,16:00,17:00,60,Unknown,0,65.0,8450,html_scrape
2026-07-10 17:47,2026-07-15,NBO→EDL,09:30,10:30,60,Unknown,0,65.0,8450,html_scrape
2026-07-10 17:47,2026-07-15,NBO→EDL,18:30,19:30,60,Unknown,0,65.0,8450,html_scrape
2026-07-10 17:47,2026-07-15,NBO→EDL,06:20,07:20,60,Unknown,0,65.0,8450,html_scrape
2026-07-10 17:47,2026-07-15,NBO→EDL,21:10,12:00,890,Unknown,1,303.0,39390,html_scrape
2026-07-10 17:47,2026-07-15,NBO→EDL,19:10,12:00,1010,Unknown,1,303.0,39390,html_scrape
2026-07-10 17:47,2026-07-16,NBO→EDL,12:20,13:20,60,Unknown,0,65.0,8450,html_scrape
2026-07-10 17:47,2026-07-16,NBO→EDL,16:00,17:00,60,Unknown,0,65.0,8450,html_scrape
2026-07-10 17:47,2026-07-16,NBO→EDL,18:30,19:30,60,Unknown,0,65.0,8450,html_scrape
2026-07-10 17:47,2026-07-16,NBO→EDL,09:30,10:30,60,Unknown,0,65.0,8450,html_scrape
2026-07-10 17:47,2026-07-16,NBO→EDL,07:20,08:20,60,Unknown,0,65.0,8450,html_scrape
2026-07-10 17:47,2026-07-16,NBO→EDL,06:20,07:20,60,Unknown,0,65.0,8450,html_scrape
2026-07-10 17:47,2026-07-16,NBO→EDL,08:25,12:00,215,Unknown,1,322.0,41860,html_scrape
2026-07-10 17:47,2026-07-16,NBO→EDL,06:00,12:00,360,Unknown,1,314.0,40820,html_scrape
2026-07-10 17:47,2026-07-16,NBO→EDL,21:10,12:00,890,Unknown,1,321.0,41730,html_scrape
2026-07-10 17:47,2026-07-17,NBO→EDL,17:00,17:40,40,Unknown,0,69.0,8970,html_scrape
2026-07-10 17:47,2026-07-17,NBO→EDL,07:00,12:00,300,Unknown,1,279.0,36270,html_scrape
2026-07-10 17:47,2026-07-17,NBO→EDL,23:59,12:00,721,Unknown,1,267.0,34710,html_scrape
2026-07-11 06:08,2026-07-11,NBO→MBA,17:00,18:00,60,Unknown,0,113.0,14690,html_scrape
2026-07-11 06:08,2026-07-11,NBO→MBA,23:59,00:59,60,Unknown,0,149.0,19370,html_scrape
2026-07-11 06:08,2026-07-12,NBO→MBA,14:00,15:10,70,Unknown,0,121.0,15730,html_scrape
2026-07-11 06:08,2026-07-12,NBO→MBA,06:45,07:55,70,Unknown,0,121.0,15730,html_scrape
2026-07-11 06:08,2026-07-12,NBO→MBA,08:25,09:40,75,Unknown,0,142.0,18460,html_scrape
2026-07-11 06:08,2026-07-13,NBO→MBA,17:30,18:45,75,Unknown,0,84.0,10920,html_scrape
2026-07-11 06:08,2026-07-13,NBO→MBA,14:50,15:50,60,Unknown,0,114.0,14820,html_scrape
2026-07-11 06:08,2026-07-13,NBO→MBA,08:25,09:40,75,Unknown,0,103.0,13390,html_scrape
2026-07-11 06:08,2026-07-13,NBO→MBA,10:25,11:25,60,Unknown,0,114.0,14820,html_scrape
2026-07-11 06:08,2026-07-14,NBO→MBA,08:25,09:40,75,Unknown,0,80.0,10400,html_scrape
2026-07-11 06:09,2026-07-17,NBO→MBA,18:15,19:30,75,Unknown,0,73.0,9490,html_scrape
2026-07-11 06:09,2026-07-17,NBO→MBA,16:00,17:00,60,Unknown,0,90.0,11700,html_scrape
2026-07-11 06:09,2026-07-17,NBO→MBA,06:05,07:20,75,Unknown,0,95.0,12350,html_scrape
2026-07-11 06:09,2026-07-18,NBO→MBA,17:30,18:45,75,Unknown,0,65.0,8450,html_scrape
2026-07-11 06:09,2026-07-18,NBO→MBA,13:30,14:45,75,Unknown,0,73.0,9490,html_scrape
2026-07-11 06:09,2026-07-18,NBO→MBA,19:00,20:15,75,Unknown,0,65.0,8450,html_scrape
2026-07-11 06:09,2026-07-18,NBO→MBA,19:20,20:35,75,Unknown,0,65.0,8450,html_scrape
2026-07-11 06:09,2026-07-18,NBO→MBA,16:30,17:45,75,Unknown,0,80.0,10400,html_scrape
2026-07-11 06:09,2026-07-18,NBO→MBA,21:10,22:25,75,Unknown,0,65.0,8450,html_scrape
2026-07-11 06:09,2026-07-18,NBO→MBA,12:30,13:30,60,Unknown,0,93.0,12090,html_scrape
2026-07-11 06:09,2026-07-18,NBO→MBA,08:25,09:40,75,Unknown,0,80.0,10400,html_scrape
2026-07-11 06:09,2026-07-18,NBO→MBA,09:35,10:50,75,Unknown,0,88.0,11440,html_scrape
2026-07-11 06:09,2026-07-18,NBO→MBA,06:00,07:15,75,Unknown,0,65.0,8450,html_scrape
2026-07-11 06:09,2026-07-11,NBO→KIS,16:35,17:25,50,Unknown,0,127.0,16510,html_scrape
2026-07-11 06:10,2026-07-12,NBO→KIS,06:30,07:30,60,Unknown,0,56.0,7280,html_scrape
2026-07-11 06:10,2026-07-12,NBO→KIS,06:00,07:00,60,Unknown,0,52.0,6760,html_scrape
2026-07-11 06:10,2026-07-12,NBO→KIS,09:10,10:10,60,Unknown,0,76.0,9880,html_scrape
2026-07-11 06:10,2026-07-12,NBO→KIS,18:15,19:05,50,Unknown,0,104.0,13520,html_scrape
2026-07-11 06:10,2026-07-12,NBO→KIS,18:15,19:15,60,Unknown,0,100.0,13000,html_scrape
2026-07-11 06:10,2026-07-12,NBO→KIS,08:00,08:50,50,Unknown,0,104.0,13520,html_scrape
2026-07-11 06:10,2026-07-13,NBO→KIS,15:30,16:30,60,Unknown,0,91.0,11830,html_scrape
2026-07-11 06:10,2026-07-13,NBO→KIS,13:10,14:10,60,Unknown,0,112.0,14560,html_scrape
2026-07-11 06:10,2026-07-13,NBO→KIS,06:00,07:00,60,Unknown,0,80.0,10400,html_scrape
2026-07-11 06:10,2026-07-13,NBO→KIS,21:10,12:55,945,Unknown,1,303.0,39390,html_scrape
2026-07-11 06:10,2026-07-16,NBO→KIS,15:30,16:30,60,Unknown,0,73.0,9490,html_scrape
2026-07-11 06:11,2026-07-17,NBO→KIS,15:30,16:30,60,Unknown,0,88.0,11440,html_scrape
2026-07-11 06:11,2026-07-17,NBO→KIS,09:20,10:20,60,Unknown,0,103.0,13390,html_scrape
2026-07-11 06:11,2026-07-17,NBO→KIS,08:00,08:50,50,Unknown,0,104.0,13520,html_scrape
2026-07-11 06:11,2026-07-17,NBO→KIS,06:30,07:30,60,Unknown,0,88.0,11440,html_scrape
2026-07-11 06:11,2026-07-18,NBO→KIS,16:10,17:00,50,Unknown,0,86.0,11180,html_scrape
2026-07-11 06:11,2026-07-18,NBO→KIS,18:00,19:00,60,Unknown,0,80.0,10400,html_scrape
2026-07-11 06:11,2026-07-18,NBO→KIS,09:20,10:20,60,Unknown,0,95.0,12350,html_scrape
2026-07-11 06:11,2026-07-18,NBO→KIS,17:05,18:05,60,Unknown,0,95.0,12350,html_scrape
2026-07-11 06:11,2026-07-18,NBO→KIS,12:50,13:50,60,Unknown,0,103.0,13390,html_scrape
2026-07-11 06:11,2026-07-18,NBO→KIS,06:30,07:30,60,Unknown,0,80.0,10400,html_scrape
2026-07-11 06:11,2026-07-18,NBO→KIS,07:00,07:50,50,Unknown,0,86.0,11180,html_scrape
2026-07-11 06:11,2026-07-18,NBO→KIS,18:00,18:50,50,Unknown,0,105.0,13650,html_scrape
2026-07-11 06:11,2026-07-18,NBO→KIS,06:00,07:00,60,Unknown,0,80.0,10400,html_scrape
2026-07-11 06:11,2026-07-18,NBO→KIS,19:20,20:10,50,Unknown,0,105.0,13650,html_scrape
2026-07-11 06:11,2026-07-11,NBO→EDL,09:30,10:30,60,Jambojet,0,65.0,8450,html_scrape
2026-07-11 06:11,2026-07-11,NBO→EDL,16:10,17:10,60,Jambojet,0,65.0,8450,html_scrape
2026-07-11 06:11,2026-07-11,NBO→EDL,12:20,13:20,60,Jambojet,0,65.0,8450,html_scrape
2026-07-11 06:11,2026-07-12,NBO→EDL,21:10,12:00,890,Unknown,1,184.0,23920,html_scrape
2026-07-11 06:12,2026-07-13,NBO→EDL,06:05,12:00,355,Unknown,1,195.0,25350,html_scrape
2026-07-11 06:12,2026-07-13,NBO→EDL,06:00,12:00,360,Unknown,1,233.0,30290,html_scrape
2026-07-11 06:12,2026-07-14,NBO→EDL,07:00,12:00,300,Unknown,1,241.0,31330,html_scrape
2026-07-11 06:12,2026-07-15,NBO→EDL,21:10,12:00,890,Unknown,1,294.0,38220,html_scrape
2026-07-11 06:12,2026-07-15,NBO→EDL,19:10,12:00,1010,Unknown,1,294.0,38220,html_scrape
2026-07-11 06:12,2026-07-15,NBO→EDL,17:30,12:00,1110,Unknown,1,294.0,38220,html_scrape
2026-07-11 06:12,2026-07-16,NBO→EDL,08:25,12:00,215,Unknown,1,313.0,40690,html_scrape
2026-07-11 06:12,2026-07-16,NBO→EDL,06:00,12:00,360,Unknown,1,305.0,39650,html_scrape
2026-07-11 06:12,2026-07-17,NBO→EDL,07:00,12:00,300,Unknown,1,278.0,36140,html_scrape
2026-07-11 06:12,2026-07-17,NBO→EDL,21:10,12:00,890,Unknown,1,303.0,39390,html_scrape
2026-07-11 06:12,2026-07-17,NBO→EDL,19:00,12:00,1020,Unknown,1,303.0,39390,html_scrape
2026-07-11 06:13,2026-07-18,NBO→EDL,17:00,17:40,40,Unknown,0,61.0,7930,html_scrape
2026-07-11 06:13,2026-07-18,NBO→EDL,12:20,13:20,60,Unknown,0,73.0,9490,html_scrape
2026-07-11 06:13,2026-07-18,NBO→EDL,09:30,10:30,60,Unknown,0,73.0,9490,html_scrape
2026-07-11 06:13,2026-07-18,NBO→EDL,16:00,17:00,60,Unknown,0,73.0,9490,html_scrape
2026-07-11 06:13,2026-07-18,NBO→EDL,19:10,20:10,60,Unknown,0,73.0,9490,html_scrape
2026-07-11 06:13,2026-07-18,NBO→EDL,07:20,08:20,60,Unknown,0,73.0,9490,html_scrape
2026-07-11 06:13,2026-07-18,NBO→EDL,06:20,07:20,60,Unknown,0,73.0,9490,html_scrape
2026-07-11 06:13,2026-07-18,NBO→EDL,08:25,12:00,215,Unknown,1,331.0,43030,html_scrape
2026-07-11 06:13,2026-07-18,NBO→EDL,06:00,12:00,360,Unknown,1,303.0,39390,html_scrape
2026-07-11 06:13,2026-07-18,NBO→EDL,23:59,12:00,721,Unknown,1,267.0,34710,html_scrape
2026-07-11 16:46,2026-07-11,NBO→MBA,23:59,00:59,60,Unknown,0,88.0,11440,html_scrape
2026-07-11 16:46,2026-07-11,NBO→MBA,21:10,22:25,75,Unknown,0,115.0,14950,html_scrape
2026-07-11 16:46,2026-07-11,NBO→MBA,17:30,18:45,75,Unknown,0,154.0,20020,html_scrape
2026-07-11 16:46,2026-07-12,NBO→MBA,14:55,15:55,60,Unknown,0,224.0,29120,html_scrape
2026-07-11 16:46,2026-07-12,NBO→MBA,06:00,15:50,590,Jambojet,2,217.0,28210,html_scrape
2026-07-11 16:46,2026-07-12,NBO→MBA,06:30,15:50,560,Jambojet,2,221.0,28730,html_scrape
2026-07-11 16:46,2026-07-13,NBO→MBA,17:30,18:45,75,Jambojet,0,88.0,11440,html_scrape
2026-07-11 16:46,2026-07-13,NBO→MBA,06:05,07:20,75,Jambojet,0,95.0,12350,html_scrape
2026-07-11 16:46,2026-07-13,NBO→MBA,23:59,00:59,60,Unknown,0,88.0,11440,html_scrape
2026-07-11 16:46,2026-07-13,NBO→MBA,06:45,07:55,70,Safarilink,0,121.0,15730,html_scrape
2026-07-11 16:46,2026-07-13,NBO→MBA,14:00,15:10,70,Safarilink,0,221.0,28730,html_scrape
2026-07-11 16:46,2026-07-13,NBO→MBA,18:15,14:55,1240,Unknown,1,323.0,41990,html_scrape
2026-07-11 16:47,2026-07-14,NBO→MBA,12:25,13:40,75,Jambojet,0,68.0,8840,html_scrape
2026-07-11 16:47,2026-07-14,NBO→MBA,16:00,17:15,75,Jambojet,0,68.0,8840,html_scrape
2026-07-11 16:47,2026-07-15,NBO→MBA,16:00,17:15,75,Jambojet,0,68.0,8840,html_scrape
2026-07-11 16:47,2026-07-16,NBO→MBA,12:25,13:40,75,Jambojet,0,73.0,9490,html_scrape
2026-07-11 16:47,2026-07-16,NBO→MBA,08:25,09:40,75,Jambojet,0,80.0,10400,html_scrape
2026-07-11 16:47,2026-07-17,NBO→MBA,07:00,08:00,60,Unknown,0,90.0,11700,html_scrape
2026-07-11 16:47,2026-07-17,NBO→MBA,08:25,09:40,75,Jambojet,0,103.0,13390,html_scrape
2026-07-11 16:48,2026-07-11,NBO→KIS,08:00,08:50,50,Unknown,0,104.0,13520,html_scrape
2026-07-11 16:48,2026-07-11,NBO→KIS,18:15,19:05,50,Unknown,0,104.0,13520,html_scrape
2026-07-11 16:48,2026-07-13,NBO→KIS,15:30,16:30,60,Jambojet,0,100.0,13000,html_scrape
2026-07-11 16:48,2026-07-13,NBO→KIS,09:20,10:20,60,Jambojet,0,103.0,13390,html_scrape
2026-07-11 16:48,2026-07-14,NBO→KIS,18:50,19:50,60,Jambojet,0,73.0,9490,html_scrape
2026-07-11 16:49,2026-07-15,NBO→KIS,13:00,14:00,60,Jambojet,0,73.0,9490,html_scrape
2026-07-11 16:49,2026-07-15,NBO→KIS,08:00,08:50,50,Unknown,0,87.0,11310,html_scrape
2026-07-11 16:49,2026-07-16,NBO→KIS,12:20,13:10,50,Unknown,0,99.0,12870,html_scrape
2026-07-11 16:49,2026-07-16,NBO→KIS,06:30,07:30,60,Jambojet,0,73.0,9490,html_scrape
2026-07-11 16:49,2026-07-17,NBO→KIS,12:50,13:50,60,Jambojet,0,103.0,13390,html_scrape
2026-07-11 16:49,2026-07-17,NBO→KIS,06:50,07:40,50,Safarilink,0,105.0,13650,html_scrape
2026-07-11 16:49,2026-07-18,NBO→KIS,12:50,13:50,60,Jambojet,0,95.0,12350,html_scrape
2026-07-11 16:49,2026-07-18,NBO→KIS,17:05,18:05,60,Jambojet,0,103.0,13390,html_scrape
2026-07-11 16:50,2026-07-13,NBO→EDL,06:05,12:00,355,Jambojet,1,214.0,27820,html_scrape
2026-07-11 16:50,2026-07-13,NBO→EDL,16:00,07:20,920,Jambojet,2,227.0,29510,html_scrape
2026-07-11 16:50,2026-07-13,NBO→EDL,16:00,13:20,1280,Jambojet,2,222.0,28860,html_scrape
2026-07-11 16:50,2026-07-14,NBO→EDL,06:20,07:20,60,Jambojet,0,68.0,8840,html_scrape
2026-07-11 16:51,2026-07-15,NBO→EDL,21:10,12:00,890,Unknown,1,312.0,40560,html_scrape
2026-07-11 16:51,2026-07-15,NBO→EDL,19:10,12:00,1010,Unknown,1,312.0,40560,html_scrape
2026-07-11 16:51,2026-07-15,NBO→EDL,17:30,12:00,1110,Unknown,1,312.0,40560,html_scrape
2026-07-11 16:51,2026-07-16,NBO→EDL,08:25,12:00,215,Unknown,1,331.0,43030,html_scrape
2026-07-11 16:51,2026-07-16,NBO→EDL,06:00,12:00,360,Unknown,1,331.0,43030,html_scrape
2026-07-11 16:51,2026-07-17,NBO→EDL,07:00,12:00,300,Unknown,1,290.0,37700,html_scrape
2026-07-11 16:51,2026-07-17,NBO→EDL,21:10,12:00,890,Unknown,1,294.0,38220,html_scrape
2026-07-11 16:51,2026-07-17,NBO→EDL,19:00,12:00,1020,Unknown,1,305.0,39650,html_scrape
2026-07-11 16:51,2026-07-18,NBO→EDL,08:25,12:00,215,Unknown,1,322.0,41860,html_scrape
2026-07-11 16:51,2026-07-18,NBO→EDL,06:00,12:00,360,Unknown,1,294.0,38220,html_scrape
2026-07-12 06:27,2026-07-13,NBO→MBA,17:30,18:45,75,Unknown,0,91.0,11830,html_scrape
2026-07-12 06:27,2026-07-13,NBO→MBA,12:25,13:40,75,Unknown,0,99.0,12870,html_scrape
2026-07-12 06:28,2026-07-16,NBO→MBA,12:25,13:40,75,Unknown,0,68.0,8840,html_scrape
2026-07-12 06:28,2026-07-17,NBO→MBA,17:30,18:45,75,Unknown,0,95.0,12350,html_scrape
2026-07-12 06:28,2026-07-17,NBO→MBA,14:00,15:10,70,Unknown,0,121.0,15730,html_scrape
2026-07-12 06:29,2026-07-19,NBO→MBA,18:15,19:30,75,Unknown,0,65.0,8450,html_scrape
2026-07-12 06:29,2026-07-19,NBO→MBA,19:00,20:15,75,Unknown,0,65.0,8450,html_scrape
2026-07-12 06:29,2026-07-19,NBO→MBA,19:20,20:35,75,Unknown,0,65.0,8450,html_scrape
2026-07-12 06:29,2026-07-19,NBO→MBA,12:00,13:00,60,Unknown,0,78.0,10140,html_scrape
2026-07-12 06:29,2026-07-19,NBO→MBA,17:30,18:45,75,Unknown,0,73.0,9490,html_scrape
2026-07-12 06:29,2026-07-19,NBO→MBA,16:00,17:00,60,Unknown,0,78.0,10140,html_scrape
2026-07-12 06:29,2026-07-19,NBO→MBA,21:10,22:25,75,Unknown,0,65.0,8450,html_scrape
2026-07-12 06:29,2026-07-19,NBO→MBA,13:35,14:50,75,Unknown,0,88.0,11440,html_scrape
2026-07-12 06:29,2026-07-19,NBO→MBA,17:00,18:00,60,Unknown,0,93.0,12090,html_scrape
2026-07-12 06:29,2026-07-19,NBO→MBA,09:40,10:55,75,Unknown,0,88.0,11440,html_scrape
2026-07-12 06:29,2026-07-13,NBO→KIS,17:20,18:10,50,Unknown,0,99.0,12870,html_scrape
2026-07-12 06:29,2026-07-13,NBO→KIS,15:30,16:30,60,Unknown,0,102.0,13260,html_scrape
2026-07-12 06:29,2026-07-13,NBO→KIS,09:20,10:20,60,Unknown,0,126.0,16380,html_scrape
2026-07-12 06:29,2026-07-13,NBO→KIS,13:10,14:10,60,Unknown,0,142.0,18460,html_scrape
2026-07-12 06:30,2026-07-17,NBO→KIS,15:30,16:30,60,Unknown,0,95.0,12350,html_scrape
2026-07-12 06:30,2026-07-17,NBO→KIS,12:50,13:50,60,Unknown,0,102.0,13260,html_scrape
2026-07-12 06:30,2026-07-18,NBO→KIS,18:00,19:00,60,Unknown,0,88.0,11440,html_scrape
2026-07-12 06:30,2026-07-18,NBO→KIS,12:50,13:50,60,Unknown,0,102.0,13260,html_scrape
2026-07-12 06:30,2026-07-18,NBO→KIS,17:05,18:05,60,Unknown,0,111.0,14430,html_scrape
2026-07-12 06:30,2026-07-19,NBO→KIS,12:50,13:50,60,Unknown,0,80.0,10400,html_scrape
2026-07-12 06:30,2026-07-19,NBO→KIS,15:30,16:30,60,Unknown,0,80.0,10400,html_scrape
2026-07-12 06:30,2026-07-19,NBO→KIS,11:55,12:45,50,Unknown,0,86.0,11180,html_scrape
2026-07-12 06:30,2026-07-19,NBO→KIS,17:20,18:10,50,Unknown,0,86.0,11180,html_scrape
2026-07-12 06:30,2026-07-19,NBO→KIS,09:10,10:10,60,Unknown,0,80.0,10400,html_scrape
2026-07-12 06:30,2026-07-19,NBO→KIS,17:10,18:10,60,Unknown,0,88.0,11440,html_scrape
2026-07-12 06:30,2026-07-19,NBO→KIS,06:30,07:30,60,Unknown,0,65.0,8450,html_scrape
2026-07-12 06:30,2026-07-19,NBO→KIS,06:00,07:00,60,Unknown,0,65.0,8450,html_scrape
2026-07-12 06:30,2026-07-19,NBO→KIS,18:00,18:50,50,Unknown,0,105.0,13650,html_scrape
2026-07-12 06:30,2026-07-19,NBO→KIS,19:20,20:10,50,Unknown,0,105.0,13650,html_scrape
2026-07-12 06:31,2026-07-12,NBO→EDL,12:20,13:20,60,Jambojet,0,65.0,8450,html_scrape
2026-07-12 06:31,2026-07-12,NBO→EDL,09:30,10:30,60,Jambojet,0,65.0,8450,html_scrape
2026-07-12 06:31,2026-07-12,NBO→EDL,15:50,16:50,60,Jambojet,0,65.0,8450,html_scrape
2026-07-12 06:31,2026-07-13,NBO→EDL,09:30,10:30,60,Unknown,0,68.0,8840,html_scrape
2026-07-12 06:31,2026-07-13,NBO→EDL,06:05,12:00,355,Unknown,1,221.0,28730,html_scrape
2026-07-12 06:31,2026-07-13,NBO→EDL,17:30,07:20,830,Unknown,2,238.0,30940,html_scrape
2026-07-12 06:31,2026-07-13,NBO→EDL,17:30,13:20,1190,Unknown,2,233.0,30290,html_scrape
2026-07-12 06:31,2026-07-14,NBO→EDL,06:00,12:00,360,Unknown,1,244.0,31720,html_scrape
2026-07-12 06:31,2026-07-14,NBO→EDL,06:00,16:50,650,Unknown,2,210.0,27300,html_scrape
2026-07-12 06:31,2026-07-14,NBO→EDL,21:10,12:00,890,Unknown,1,286.0,37180,html_scrape
2026-07-12 06:31,2026-07-15,NBO→EDL,17:30,12:00,1110,Unknown,1,303.0,39390,html_scrape
2026-07-12 06:31,2026-07-16,NBO→EDL,06:00,12:00,360,Unknown,1,322.0,41860,html_scrape
2026-07-12 06:31,2026-07-16,NBO→EDL,09:45,17:40,475,Unknown,2,341.0,44330,html_scrape
2026-07-12 06:32,2026-07-17,NBO→EDL,19:20,12:00,1000,Unknown,1,305.0,39650,html_scrape
2026-07-12 06:32,2026-07-17,NBO→EDL,18:15,12:00,1065,Unknown,1,305.0,39650,html_scrape
2026-07-12 06:32,2026-07-18,NBO→EDL,17:00,17:40,40,Unknown,0,69.0,8970,html_scrape
2026-07-12 06:32,2026-07-18,NBO→EDL,19:00,10:30,930,Unknown,2,208.0,27040,html_scrape
2026-07-12 06:32,2026-07-19,NBO→EDL,17:00,17:40,40,Unknown,0,61.0,7930,html_scrape
2026-07-12 06:32,2026-07-19,NBO→EDL,12:10,13:10,60,Unknown,0,73.0,9490,html_scrape
2026-07-12 06:32,2026-07-19,NBO→EDL,16:00,17:00,60,Unknown,0,73.0,9490,html_scrape
2026-07-12 06:32,2026-07-19,NBO→EDL,18:30,19:30,60,Unknown,0,73.0,9490,html_scrape
2026-07-12 06:32,2026-07-19,NBO→EDL,09:30,10:30,60,Unknown,0,73.0,9490,html_scrape
2026-07-12 06:32,2026-07-19,NBO→EDL,08:25,12:00,215,Unknown,1,331.0,43030,html_scrape
2026-07-12 06:32,2026-07-19,NBO→EDL,06:05,12:00,355,Unknown,1,314.0,40820,html_scrape
2026-07-12 06:32,2026-07-19,NBO→EDL,16:00,07:20,920,Unknown,2,220.0,28600,html_scrape
2026-07-12 06:32,2026-07-19,NBO→EDL,21:10,12:00,890,Unknown,1,286.0,37180,html_scrape
2026-07-12 06:32,2026-07-19,NBO→EDL,12:00,07:20,1160,Unknown,2,220.0,28600,html_scrape
2026-07-12 16:51,2026-07-12,NBO→MBA,21:10,22:25,75,Jambojet,0,73.0,9490,html_scrape
2026-07-12 16:51,2026-07-12,NBO→MBA,23:59,00:59,60,Unknown,0,88.0,11440,html_scrape
2026-07-12 16:51,2026-07-13,NBO→MBA,21:10,22:25,75,Unknown,0,73.0,9490,html_scrape
2026-07-12 16:51,2026-07-13,NBO→MBA,19:15,20:15,60,Unknown,0,132.0,17160,html_scrape
2026-07-12 16:51,2026-07-13,NBO→MBA,14:45,15:50,65,Unknown,0,152.0,19760,html_scrape
2026-07-12 16:51,2026-07-13,NBO→MBA,06:30,07:30,60,Unknown,0,139.0,18070,html_scrape
2026-07-12 16:51,2026-07-13,NBO→MBA,14:50,15:50,60,Unknown,0,192.0,24960,html_scrape
2026-07-12 16:51,2026-07-13,NBO→MBA,13:00,14:00,60,Unknown,0,192.0,24960,html_scrape
2026-07-12 16:51,2026-07-14,NBO→MBA,08:25,09:40,75,Unknown,0,84.0,10920,html_scrape
2026-07-12 16:51,2026-07-14,NBO→MBA,14:45,15:50,65,Unknown,0,121.0,15730,html_scrape
2026-07-12 16:52,2026-07-17,NBO→MBA,19:20,20:35,75,Unknown,0,73.0,9490,html_scrape
2026-07-12 16:52,2026-07-19,NBO→MBA,12:00,13:00,60,Unknown,0,90.0,11700,html_scrape
2026-07-12 16:53,2026-07-13,NBO→KIS,17:20,18:10,50,Unknown,0,104.0,13520,html_scrape
2026-07-12 16:53,2026-07-13,NBO→KIS,07:00,07:50,50,Unknown,0,129.0,16770,html_scrape
2026-07-12 16:53,2026-07-14,NBO→KIS,06:30,07:30,60,Unknown,0,56.0,7280,html_scrape
2026-07-12 16:53,2026-07-14,NBO→KIS,06:00,07:00,60,Unknown,0,56.0,7280,html_scrape
2026-07-12 16:53,2026-07-14,NBO→KIS,16:40,17:30,50,Unknown,0,104.0,13520,html_scrape
2026-07-12 16:53,2026-07-15,NBO→KIS,08:00,08:50,50,Unknown,0,99.0,12870,html_scrape
2026-07-12 16:54,2026-07-16,NBO→KIS,18:00,19:00,60,Unknown,0,73.0,9490,html_scrape
2026-07-12 16:54,2026-07-17,NBO→KIS,12:50,13:50,60,Unknown,0,111.0,14430,html_scrape
2026-07-12 16:55,2026-07-12,NBO→EDL,18:30,19:30,60,Unknown,0,115.0,14950,html_scrape
2026-07-12 16:55,2026-07-13,NBO→EDL,12:30,17:40,1750,Unknown,2,261.0,33930,html_scrape
2026-07-12 16:55,2026-07-13,NBO→EDL,12:30,19:30,1860,Unknown,2,273.0,35490,html_scrape
2026-07-12 16:55,2026-07-13,NBO→EDL,12:30,12:00,2850,Unknown,3,493.0,64090,html_scrape
2026-07-12 16:55,2026-07-15,NBO→EDL,21:10,12:00,890,Unknown,1,321.0,41730,html_scrape
2026-07-12 16:55,2026-07-15,NBO→EDL,19:10,12:00,1010,Unknown,1,321.0,41730,html_scrape
2026-07-12 16:55,2026-07-15,NBO→EDL,17:30,12:00,1110,Unknown,1,321.0,41730,html_scrape
2026-07-12 16:55,2026-07-16,NBO→EDL,08:25,12:00,215,Unknown,1,340.0,44200,html_scrape
2026-07-12 16:55,2026-07-16,NBO→EDL,06:00,12:00,360,Unknown,1,340.0,44200,html_scrape
2026-07-12 16:55,2026-07-16,NBO→EDL,09:45,17:40,475,Unknown,2,343.0,44590,html_scrape
2026-07-12 16:56,2026-07-17,NBO→EDL,18:15,12:00,1065,Unknown,1,313.0,40690,html_scrape
2026-07-12 16:56,2026-07-18,NBO→EDL,06:00,12:00,360,Unknown,1,305.0,39650,html_scrape
2026-07-12 16:56,2026-07-19,NBO→EDL,17:00,17:40,40,Unknown,0,69.0,8970,html_scrape
2026-07-13 06:47,2026-07-13,NBO→MBA,23:59,00:59,60,Unknown,0,114.0,14820,html_scrape
2026-07-13 06:47,2026-07-13,NBO→MBA,19:15,20:15,60,Unknown,0,187.0,24310,html_scrape
2026-07-13 06:47,2026-07-14,NBO→MBA,12:25,13:40,75,Unknown,0,76.0,9880,html_scrape
2026-07-13 06:47,2026-07-16,NBO→MBA,12:25,13:40,75,Unknown,0,76.0,9880,html_scrape
2026-07-13 06:47,2026-07-16,NBO→MBA,08:25,09:40,75,Unknown,0,91.0,11830,html_scrape
2026-07-13 06:48,2026-07-17,NBO→MBA,19:00,20:15,75,Unknown,0,73.0,9490,html_scrape
2026-07-13 06:48,2026-07-18,NBO→MBA,13:30,14:45,75,Unknown,0,80.0,10400,html_scrape
2026-07-13 06:48,2026-07-18,NBO→MBA,12:30,13:30,60,Unknown,0,113.0,14690,html_scrape
2026-07-13 06:48,2026-07-20,NBO→MBA,18:15,19:30,75,Unknown,0,65.0,8450,html_scrape
2026-07-13 06:48,2026-07-20,NBO→MBA,21:10,22:25,75,Unknown,0,65.0,8450,html_scrape
2026-07-13 06:48,2026-07-20,NBO→MBA,19:20,20:35,75,Unknown,0,73.0,9490,html_scrape
2026-07-13 06:48,2026-07-20,NBO→MBA,15:00,16:00,60,Unknown,0,88.0,11440,html_scrape
2026-07-13 06:48,2026-07-20,NBO→MBA,17:30,18:45,75,Unknown,0,80.0,10400,html_scrape
2026-07-13 06:48,2026-07-20,NBO→MBA,06:05,07:20,75,Unknown,0,65.0,8450,html_scrape
2026-07-13 06:48,2026-07-20,NBO→MBA,13:35,14:50,75,Unknown,0,88.0,11440,html_scrape
2026-07-13 06:48,2026-07-20,NBO→MBA,17:00,18:00,60,Unknown,0,94.0,12220,html_scrape
2026-07-13 06:48,2026-07-20,NBO→MBA,08:25,09:40,75,Unknown,0,95.0,12350,html_scrape
2026-07-13 06:48,2026-07-20,NBO→MBA,09:40,10:55,75,Unknown,0,102.0,13260,html_scrape
2026-07-13 06:49,2026-07-14,NBO→KIS,06:30,07:30,60,Unknown,0,64.0,8320,html_scrape
2026-07-13 06:49,2026-07-14,NBO→KIS,16:40,17:30,50,Unknown,0,129.0,16770,html_scrape
2026-07-13 06:50,2026-07-19,NBO→KIS,06:00,07:00,60,Unknown,0,73.0,9490,html_scrape
2026-07-13 06:50,2026-07-20,NBO→KIS,15:30,16:30,60,Unknown,0,68.0,8840,html_scrape
2026-07-13 06:50,2026-07-20,NBO→KIS,17:10,18:10,60,Unknown,0,68.0,8840,html_scrape
2026-07-13 06:50,2026-07-20,NBO→KIS,13:10,14:10,60,Unknown,0,73.0,9490,html_scrape
2026-07-13 06:50,2026-07-20,NBO→KIS,09:20,10:20,60,Unknown,0,73.0,9490,html_scrape
2026-07-13 06:50,2026-07-20,NBO→KIS,17:20,18:10,50,Unknown,0,81.0,10530,html_scrape
2026-07-13 06:50,2026-07-20,NBO→KIS,06:30,07:30,60,Unknown,0,68.0,8840,html_scrape
2026-07-13 06:50,2026-07-20,NBO→KIS,06:00,07:00,60,Unknown,0,65.0,8450,html_scrape
2026-07-13 06:50,2026-07-20,NBO→KIS,18:00,18:50,50,Unknown,0,105.0,13650,html_scrape
2026-07-13 06:50,2026-07-20,NBO→KIS,19:20,20:10,50,Unknown,0,105.0,13650,html_scrape
2026-07-13 06:50,2026-07-20,NBO→KIS,06:50,07:40,50,Unknown,0,105.0,13650,html_scrape
2026-07-13 06:50,2026-07-13,NBO→EDL,15:50,16:50,60,Jambojet,0,65.0,8450,html_scrape
2026-07-13 06:50,2026-07-14,NBO→EDL,09:45,17:40,475,Unknown,2,334.0,43420,html_scrape
2026-07-13 06:50,2026-07-14,NBO→EDL,09:45,19:30,585,Unknown,2,335.0,43550,html_scrape
2026-07-13 06:50,2026-07-14,NBO→EDL,09:45,12:00,1575,Unknown,3,556.0,72280,html_scrape
2026-07-13 06:51,2026-07-15,NBO→EDL,16:00,17:00,60,Unknown,0,68.0,8840,html_scrape
2026-07-13 06:51,2026-07-15,NBO→EDL,16:00,12:00,1200,Unknown,1,340.0,44200,html_scrape
2026-07-13 06:51,2026-07-16,NBO→EDL,08:25,12:00,215,Unknown,1,360.0,46800,html_scrape
2026-07-13 06:51,2026-07-16,NBO→EDL,09:45,17:40,475,Unknown,2,273.0,35490,html_scrape
2026-07-13 06:51,2026-07-17,NBO→EDL,19:00,12:00,1020,Unknown,1,314.0,40820,html_scrape
2026-07-13 06:51,2026-07-17,NBO→EDL,19:20,12:00,1000,Unknown,1,314.0,40820,html_scrape
2026-07-13 06:51,2026-07-17,NBO→EDL,18:15,12:00,1065,Unknown,1,322.0,41860,html_scrape
2026-07-13 06:51,2026-07-18,NBO→EDL,06:00,12:00,360,Unknown,1,314.0,40820,html_scrape
2026-07-13 06:51,2026-07-18,NBO→EDL,21:10,12:00,890,Unknown,1,303.0,39390,html_scrape
2026-07-13 06:51,2026-07-19,NBO→EDL,19:00,12:00,1020,Unknown,1,297.0,38610,html_scrape
2026-07-13 06:51,2026-07-19,NBO→EDL,19:20,12:00,1000,Unknown,1,297.0,38610,html_scrape
2026-07-13 06:52,2026-07-20,NBO→EDL,17:00,17:40,40,Unknown,0,61.0,7930,html_scrape
2026-07-13 06:52,2026-07-20,NBO→EDL,12:20,13:20,60,Unknown,0,73.0,9490,html_scrape
2026-07-13 06:52,2026-07-20,NBO→EDL,16:10,17:10,60,Unknown,0,73.0,9490,html_scrape
2026-07-13 06:52,2026-07-20,NBO→EDL,09:30,10:30,60,Unknown,0,73.0,9490,html_scrape
2026-07-13 06:52,2026-07-20,NBO→EDL,18:30,19:30,60,Unknown,0,73.0,9490,html_scrape
2026-07-13 06:52,2026-07-20,NBO→EDL,06:20,07:20,60,Unknown,0,73.0,9490,html_scrape
2026-07-13 06:52,2026-07-20,NBO→EDL,08:25,12:00,215,Unknown,1,327.0,42510,html_scrape
2026-07-13 06:52,2026-07-20,NBO→EDL,06:05,12:00,355,Unknown,1,297.0,38610,html_scrape
2026-07-13 06:52,2026-07-20,NBO→EDL,23:59,12:00,721,Unknown,1,263.0,34190,html_scrape
2026-07-13 06:52,2026-07-20,NBO→EDL,21:10,12:00,890,Unknown,1,286.0,37180,html_scrape
2026-07-13 17:50,2026-07-13,NBO→MBA,19:10,20:25,75,Jambojet,0,65.0,8450,html_scrape
2026-07-13 17:50,2026-07-14,NBO→MBA,14:50,15:50,60,Unknown,0,114.0,14820,html_scrape
2026-07-13 17:50,2026-07-14,NBO→MBA,10:25,11:25,60,Unknown,0,114.0,14820,html_scrape
2026-07-13 17:50,2026-07-14,NBO→MBA,19:15,20:15,60,Unknown,0,114.0,14820,html_scrape
2026-07-13 17:50,2026-07-14,NBO→MBA,23:59,00:59,60,Unknown,0,88.0,11440,html_scrape
2026-07-13 17:50,2026-07-14,NBO→MBA,06:00,07:00,60,Unknown,0,114.0,14820,html_scrape
2026-07-13 17:50,2026-07-14,NBO→MBA,06:45,07:55,70,Unknown,0,121.0,15730,html_scrape
2026-07-13 17:50,2026-07-14,NBO→MBA,14:45,15:50,65,Unknown,0,152.0,19760,html_scrape
2026-07-13 17:50,2026-07-14,NBO→MBA,14:00,15:10,70,Unknown,0,152.0,19760,html_scrape
2026-07-13 17:50,2026-07-15,NBO→MBA,17:30,18:45,75,Unknown,0,73.0,9490,html_scrape
2026-07-13 17:50,2026-07-15,NBO→MBA,16:00,17:15,75,Unknown,0,76.0,9880,html_scrape
2026-07-13 17:50,2026-07-15,NBO→MBA,12:25,13:40,75,Unknown,0,99.0,12870,html_scrape
2026-07-13 17:50,2026-07-15,NBO→MBA,14:00,15:10,70,Unknown,0,121.0,15730,html_scrape
2026-07-13 17:50,2026-07-15,NBO→MBA,10:25,11:25,60,Unknown,0,120.0,15600,html_scrape
2026-07-13 17:50,2026-07-16,NBO→MBA,17:30,18:45,75,Unknown,0,65.0,8450,html_scrape
2026-07-13 17:50,2026-07-16,NBO→MBA,16:00,17:15,75,Unknown,0,68.0,8840,html_scrape
2026-07-13 17:50,2026-07-16,NBO→MBA,12:25,13:40,75,Unknown,0,84.0,10920,html_scrape
2026-07-13 17:50,2026-07-16,NBO→MBA,21:10,22:25,75,Unknown,0,68.0,8840,html_scrape
2026-07-13 17:50,2026-07-16,NBO→MBA,06:00,07:15,75,Unknown,0,80.0,10400,html_scrape
2026-07-13 17:50,2026-07-17,NBO→MBA,19:00,20:15,75,Unknown,0,80.0,10400,html_scrape
2026-07-13 17:50,2026-07-17,NBO→MBA,19:20,20:35,75,Unknown,0,80.0,10400,html_scrape
2026-07-13 17:50,2026-07-17,NBO→MBA,18:15,19:30,75,Unknown,0,88.0,11440,html_scrape
2026-07-13 17:50,2026-07-17,NBO→MBA,17:30,18:45,75,Unknown,0,102.0,13260,html_scrape
2026-07-13 17:51,2026-07-18,NBO→MBA,12:55,14:10,75,Unknown,0,65.0,8450,html_scrape
2026-07-13 17:51,2026-07-18,NBO→MBA,13:30,14:45,75,Unknown,0,88.0,11440,html_scrape
2026-07-13 17:51,2026-07-18,NBO→MBA,16:30,17:45,75,Unknown,0,88.0,11440,html_scrape
2026-07-13 17:51,2026-07-18,NBO→MBA,08:25,09:40,75,Unknown,0,88.0,11440,html_scrape
2026-07-13 17:51,2026-07-19,NBO→MBA,16:00,17:00,60,Unknown,0,65.0,8450,html_scrape
2026-07-13 17:51,2026-07-19,NBO→MBA,18:15,19:30,75,Unknown,0,73.0,9490,html_scrape
2026-07-13 17:51,2026-07-19,NBO→MBA,17:30,18:45,75,Unknown,0,80.0,10400,html_scrape
2026-07-13 17:51,2026-07-19,NBO→MBA,13:35,14:50,75,Unknown,0,95.0,12350,html_scrape
2026-07-13 17:51,2026-07-19,NBO→MBA,19:20,20:20,60,Unknown,0,93.0,12090,html_scrape
2026-07-13 17:51,2026-07-19,NBO→MBA,06:05,07:20,75,Unknown,0,73.0,9490,html_scrape
2026-07-13 17:51,2026-07-20,NBO→MBA,13:35,14:50,75,Unknown,0,80.0,10400,html_scrape
2026-07-13 17:51,2026-07-20,NBO→MBA,07:00,08:00,60,Unknown,0,65.0,8450,html_scrape
2026-07-13 17:51,2026-07-20,NBO→MBA,15:00,16:00,60,Unknown,0,94.0,12220,html_scrape
2026-07-13 17:51,2026-07-20,NBO→MBA,06:05,07:20,75,Unknown,0,80.0,10400,html_scrape
2026-07-13 17:51,2026-07-20,NBO→MBA,08:25,09:40,75,Unknown,0,102.0,13260,html_scrape
2026-07-13 17:51,2026-07-20,NBO→MBA,14:45,15:50,65,Unknown,0,121.0,15730,html_scrape
2026-07-13 17:51,2026-07-13,NBO→KIS,21:10,12:55,945,Unknown,1,311.0,40430,html_scrape
2026-07-13 17:52,2026-07-14,NBO→KIS,09:45,19:50,605,Unknown,2,280.0,36400,html_scrape
2026-07-13 17:52,2026-07-14,NBO→KIS,09:45,17:30,465,Unknown,2,415.0,53950,html_scrape
2026-07-13 17:52,2026-07-15,NBO→KIS,09:20,10:20,60,Unknown,0,84.0,10920,html_scrape
2026-07-13 17:52,2026-07-15,NBO→KIS,17:20,18:10,50,Unknown,0,99.0,12870,html_scrape
2026-07-13 17:52,2026-07-16,NBO→KIS,13:00,14:00,60,Unknown,0,76.0,9880,html_scrape
2026-07-13 17:52,2026-07-16,NBO→KIS,15:30,16:30,60,Unknown,0,76.0,9880,html_scrape
2026-07-13 17:52,2026-07-16,NBO→KIS,18:00,19:00,60,Unknown,0,76.0,9880,html_scrape
2026-07-13 17:52,2026-07-16,NBO→KIS,12:20,13:10,50,Unknown,0,104.0,13520,html_scrape
2026-07-13 17:52,2026-07-16,NBO→KIS,06:30,07:30,60,Unknown,0,76.0,9880,html_scrape
2026-07-13 17:52,2026-07-16,NBO→KIS,06:00,07:00,60,Unknown,0,80.0,10400,html_scrape
2026-07-13 17:52,2026-07-17,NBO→KIS,17:10,18:10,60,Unknown,0,102.0,13260,html_scrape
2026-07-13 17:52,2026-07-17,NBO→KIS,17:20,18:10,50,Unknown,0,109.0,14170,html_scrape
2026-07-13 17:52,2026-07-17,NBO→KIS,12:50,13:50,60,Unknown,0,119.0,15470,html_scrape
2026-07-13 17:52,2026-07-17,NBO→KIS,06:30,07:30,60,Unknown,0,95.0,12350,html_scrape
2026-07-13 17:52,2026-07-17,NBO→KIS,09:20,10:20,60,Unknown,0,134.0,17420,html_scrape
2026-07-13 17:52,2026-07-18,NBO→KIS,09:20,10:20,60,Unknown,0,102.0,13260,html_scrape
2026-07-13 17:52,2026-07-18,NBO→KIS,12:50,13:50,60,Unknown,0,111.0,14430,html_scrape
2026-07-13 17:52,2026-07-18,NBO→KIS,06:30,07:30,60,Unknown,0,88.0,11440,html_scrape
2026-07-13 17:52,2026-07-18,NBO→KIS,06:00,07:00,60,Unknown,0,88.0,11440,html_scrape
2026-07-13 17:52,2026-07-18,NBO→KIS,06:50,07:40,50,Unknown,0,105.0,13650,html_scrape
2026-07-13 17:53,2026-07-19,NBO→KIS,06:00,07:00,60,Unknown,0,56.0,7280,html_scrape
2026-07-13 17:53,2026-07-19,NBO→KIS,09:10,10:10,60,Unknown,0,88.0,11440,html_scrape
2026-07-13 17:53,2026-07-19,NBO→KIS,06:30,07:30,60,Unknown,0,73.0,9490,html_scrape
2026-07-13 17:53,2026-07-20,NBO→KIS,06:00,07:00,60,Unknown,0,68.0,8840,html_scrape
2026-07-13 17:53,2026-07-14,NBO→EDL,09:45,12:00,1575,Unknown,3,493.0,64090,html_scrape
2026-07-13 17:54,2026-07-15,NBO→EDL,06:20,07:20,60,Unknown,0,80.0,10400,html_scrape
2026-07-13 17:54,2026-07-15,NBO→EDL,19:10,12:00,1010,Unknown,1,319.0,41470,html_scrape
2026-07-13 17:54,2026-07-15,NBO→EDL,17:30,12:00,1110,Unknown,1,331.0,43030,html_scrape
2026-07-13 17:54,2026-07-15,NBO→EDL,12:30,12:00,1410,Unknown,3,447.0,58110,html_scrape
2026-07-13 17:54,2026-07-16,NBO→EDL,08:25,12:00,215,Unknown,1,364.0,47320,html_scrape
2026-07-13 17:54,2026-07-16,NBO→EDL,09:45,17:40,475,Unknown,2,274.0,35620,html_scrape
2026-07-13 17:54,2026-07-17,NBO→EDL,21:10,12:00,890,Unknown,1,323.0,41990,html_scrape
2026-07-13 17:54,2026-07-17,NBO→EDL,19:20,12:00,1000,Unknown,1,331.0,43030,html_scrape
2026-07-13 17:54,2026-07-17,NBO→EDL,19:00,12:00,1020,Unknown,1,340.0,44200,html_scrape
2026-07-13 17:54,2026-07-17,NBO→EDL,18:15,12:00,1065,Unknown,1,340.0,44200,html_scrape
2026-07-13 17:54,2026-07-18,NBO→EDL,08:25,12:00,215,Unknown,1,351.0,45630,html_scrape
2026-07-13 17:54,2026-07-18,NBO→EDL,06:00,12:00,360,Unknown,1,340.0,44200,html_scrape
2026-07-13 17:54,2026-07-18,NBO→EDL,21:10,12:00,890,Unknown,1,312.0,40560,html_scrape
2026-07-13 17:54,2026-07-19,NBO→EDL,08:25,12:00,215,Unknown,1,340.0,44200,html_scrape
2026-07-13 17:54,2026-07-19,NBO→EDL,06:05,12:00,355,Unknown,1,323.0,41990,html_scrape
2026-07-13 17:55,2026-07-20,NBO→EDL,08:25,12:00,215,Unknown,1,347.0,45110,html_scrape
2026-07-13 17:55,2026-07-20,NBO→EDL,06:05,12:00,355,Unknown,1,314.0,40820,html_scrape
2026-07-14 06:05,2026-07-14,NBO→MBA,23:59,00:59,60,Unknown,0,192.0,24960,html_scrape
2026-07-14 06:05,2026-07-15,NBO→MBA,14:50,15:50,60,Unknown,0,114.0,14820,html_scrape
2026-07-14 06:05,2026-07-15,NBO→MBA,06:05,07:20,75,Jambojet,0,99.0,12870,html_scrape
2026-07-14 06:05,2026-07-16,NBO→MBA,12:25,13:40,75,Jambojet,0,91.0,11830,html_scrape
2026-07-14 06:05,2026-07-16,NBO→MBA,06:00,07:15,75,Jambojet,0,84.0,10920,html_scrape
2026-07-14 06:05,2026-07-17,NBO→MBA,07:00,08:00,60,Unknown,0,65.0,8450,html_scrape
2026-07-14 06:05,2026-07-17,NBO→MBA,16:00,17:00,60,Unknown,0,89.0,11570,html_scrape
2026-07-14 06:05,2026-07-17,NBO→MBA,21:10,22:25,75,Jambojet,0,73.0,9490,html_scrape
2026-07-14 06:05,2026-07-17,NBO→MBA,19:00,20:15,75,Jambojet,0,88.0,11440,html_scrape
2026-07-14 06:06,2026-07-19,NBO→MBA,12:00,13:00,60,Unknown,0,89.0,11570,html_scrape
2026-07-14 06:06,2026-07-19,NBO→MBA,17:30,18:45,75,Jambojet,0,88.0,11440,html_scrape
2026-07-14 06:06,2026-07-20,NBO→MBA,17:00,18:00,60,Unknown,0,114.0,14820,html_scrape
2026-07-14 06:06,2026-07-21,NBO→MBA,19:20,20:35,75,Jambojet,0,65.0,8450,html_scrape
2026-07-14 06:06,2026-07-21,NBO→MBA,12:00,13:00,60,Unknown,0,78.0,10140,html_scrape
2026-07-14 06:06,2026-07-21,NBO→MBA,18:15,19:30,75,Jambojet,0,73.0,9490,html_scrape
2026-07-14 06:06,2026-07-21,NBO→MBA,21:10,22:25,75,Jambojet,0,65.0,8450,html_scrape
2026-07-14 06:06,2026-07-21,NBO→MBA,17:05,18:20,75,Jambojet,0,80.0,10400,html_scrape
2026-07-14 06:06,2026-07-21,NBO→MBA,17:30,18:45,75,Jambojet,0,80.0,10400,html_scrape
2026-07-14 06:06,2026-07-21,NBO→MBA,07:00,08:00,60,Unknown,0,78.0,10140,html_scrape
2026-07-14 06:06,2026-07-21,NBO→MBA,13:30,14:45,75,Jambojet,0,102.0,13260,html_scrape
2026-07-14 06:06,2026-07-21,NBO→MBA,09:35,10:50,75,Jambojet,0,102.0,13260,html_scrape
2026-07-14 06:06,2026-07-21,NBO→MBA,13:00,14:00,60,Unknown,0,114.0,14820,html_scrape
2026-07-14 06:07,2026-07-15,NBO→KIS,09:10,10:00,50,Unknown,0,87.0,11310,html_scrape
2026-07-14 06:07,2026-07-15,NBO→KIS,09:20,10:20,60,Jambojet,0,88.0,11440,html_scrape
2026-07-14 06:07,2026-07-16,NBO→KIS,18:00,19:00,60,Jambojet,0,80.0,10400,html_scrape
2026-07-14 06:07,2026-07-16,NBO→KIS,17:20,18:10,50,Unknown,0,87.0,11310,html_scrape
2026-07-14 06:07,2026-07-16,NBO→KIS,09:20,10:20,60,Jambojet,0,84.0,10920,html_scrape
2026-07-14 06:07,2026-07-16,NBO→KIS,12:20,13:10,50,Unknown,0,129.0,16770,html_scrape
2026-07-14 06:07,2026-07-17,NBO→KIS,17:20,18:10,50,Unknown,0,122.0,15860,html_scrape
2026-07-14 06:07,2026-07-19,NBO→KIS,12:50,13:50,60,Jambojet,0,88.0,11440,html_scrape
2026-07-14 06:08,2026-07-20,NBO→KIS,09:20,10:20,60,Jambojet,0,76.0,9880,html_scrape
2026-07-14 06:08,2026-07-21,NBO→KIS,12:50,13:50,60,Jambojet,0,68.0,8840,html_scrape
2026-07-14 06:08,2026-07-21,NBO→KIS,15:30,16:30,60,Jambojet,0,68.0,8840,html_scrape
2026-07-14 06:08,2026-07-21,NBO→KIS,18:50,19:50,60,Jambojet,0,65.0,8450,html_scrape
2026-07-14 06:08,2026-07-21,NBO→KIS,09:20,10:20,60,Jambojet,0,68.0,8840,html_scrape
2026-07-14 06:08,2026-07-21,NBO→KIS,17:20,18:10,50,Unknown,0,81.0,10530,html_scrape
2026-07-14 06:08,2026-07-21,NBO→KIS,06:30,07:30,60,Jambojet,0,65.0,8450,html_scrape
2026-07-14 06:08,2026-07-21,NBO→KIS,06:00,07:00,60,Jambojet,0,65.0,8450,html_scrape
2026-07-14 06:08,2026-07-21,NBO→KIS,18:00,18:50,50,Safarilink,0,105.0,13650,html_scrape
2026-07-14 06:08,2026-07-21,NBO→KIS,19:20,20:10,50,Safarilink,0,105.0,13650,html_scrape
2026-07-14 06:08,2026-07-21,NBO→KIS,06:50,07:40,50,Safarilink,0,105.0,13650,html_scrape
2026-07-14 06:08,2026-07-14,NBO→EDL,17:00,17:40,40,Unknown,0,61.0,7930,html_scrape
2026-07-14 06:08,2026-07-14,NBO→EDL,16:00,17:00,60,Jambojet,0,65.0,8450,html_scrape
2026-07-14 06:08,2026-07-14,NBO→EDL,07:20,08:20,60,Jambojet,0,65.0,8450,html_scrape
2026-07-14 06:08,2026-07-15,NBO→EDL,12:20,13:20,60,Jambojet,0,68.0,8840,html_scrape
2026-07-14 06:08,2026-07-15,NBO→EDL,06:50,19:30,760,Jambojet,3,669.0,86970,html_scrape
2026-07-14 06:09,2026-07-16,NBO→EDL,08:25,12:00,215,Unknown,1,373.0,48490,html_scrape
2026-07-14 06:09,2026-07-17,NBO→EDL,17:00,17:40,40,Unknown,0,78.0,10140,html_scrape
2026-07-14 06:09,2026-07-17,NBO→EDL,21:10,12:00,890,Unknown,1,332.0,43160,html_scrape
2026-07-14 06:09,2026-07-17,NBO→EDL,19:20,12:00,1000,Unknown,1,340.0,44200,html_scrape
2026-07-14 06:09,2026-07-17,NBO→EDL,19:00,12:00,1020,Unknown,1,349.0,45370,html_scrape
2026-07-14 06:09,2026-07-17,NBO→EDL,18:15,12:00,1065,Unknown,1,349.0,45370,html_scrape
2026-07-14 06:09,2026-07-18,NBO→EDL,08:25,12:00,215,Unknown,1,360.0,46800,html_scrape
2026-07-14 06:09,2026-07-18,NBO→EDL,06:00,12:00,360,Unknown,1,349.0,45370,html_scrape
2026-07-14 06:09,2026-07-20,NBO→EDL,18:15,12:00,1065,Unknown,1,286.0,37180,html_scrape
2026-07-14 06:10,2026-07-21,NBO→EDL,17:00,17:40,40,Unknown,0,61.0,7930,html_scrape
2026-07-14 06:10,2026-07-21,NBO→EDL,12:20,13:20,60,Jambojet,0,73.0,9490,html_scrape
2026-07-14 06:10,2026-07-21,NBO→EDL,15:50,16:50,60,Jambojet,0,73.0,9490,html_scrape
2026-07-14 06:10,2026-07-21,NBO→EDL,09:30,10:30,60,Jambojet,0,73.0,9490,html_scrape
2026-07-14 06:10,2026-07-21,NBO→EDL,18:30,19:30,60,Jambojet,0,73.0,9490,html_scrape
2026-07-14 06:10,2026-07-21,NBO→EDL,06:20,07:20,60,Jambojet,0,73.0,9490,html_scrape
2026-07-14 06:10,2026-07-21,NBO→EDL,08:25,12:00,215,Unknown,1,347.0,45110,html_scrape
2026-07-14 06:10,2026-07-21,NBO→EDL,06:00,12:00,360,Unknown,1,325.0,42250,html_scrape
2026-07-14 06:10,2026-07-21,NBO→EDL,23:59,12:00,721,Jambojet,1,199.0,25870,html_scrape
2026-07-14 06:10,2026-07-21,NBO→EDL,19:20,10:30,910,Jambojet,2,207.0,26910,html_scrape
2026-07-14 17:06,2026-07-14,NBO→MBA,21:10,22:25,75,Jambojet,0,56.0,7280,html_scrape
2026-07-14 17:06,2026-07-15,NBO→MBA,23:59,00:59,60,Unknown,0,88.0,11440,html_scrape
2026-07-14 17:06,2026-07-15,NBO→MBA,06:00,07:00,60,Unknown,0,108.0,14040,html_scrape
2026-07-14 17:06,2026-07-15,NBO→MBA,14:50,15:50,60,Unknown,0,139.0,18070,html_scrape
2026-07-14 17:06,2026-07-15,NBO→MBA,06:45,07:55,70,Unknown,0,121.0,15730,html_scrape
2026-07-14 17:06,2026-07-15,NBO→MBA,10:25,11:25,60,Unknown,0,187.0,24310,html_scrape
2026-07-14 17:06,2026-07-15,NBO→MBA,14:00,15:10,70,Unknown,0,193.0,25090,html_scrape
2026-07-14 17:06,2026-07-16,NBO→MBA,19:10,20:25,75,Unknown,0,73.0,9490,html_scrape
2026-07-14 17:06,2026-07-16,NBO→MBA,16:00,17:15,75,Unknown,0,88.0,11440,html_scrape
2026-07-14 17:06,2026-07-16,NBO→MBA,21:10,22:25,75,Unknown,0,80.0,10400,html_scrape
2026-07-14 17:06,2026-07-16,NBO→MBA,14:00,15:10,70,Unknown,0,121.0,15730,html_scrape
2026-07-14 17:06,2026-07-16,NBO→MBA,23:59,00:59,60,Unknown,0,88.0,11440,html_scrape
2026-07-14 17:06,2026-07-16,NBO→MBA,12:25,13:40,75,Unknown,0,134.0,17420,html_scrape
2026-07-14 17:07,2026-07-17,NBO→MBA,19:00,20:15,75,Unknown,0,68.0,8840,html_scrape
2026-07-14 17:07,2026-07-17,NBO→MBA,17:30,18:45,75,Unknown,0,80.0,10400,html_scrape
2026-07-14 17:07,2026-07-17,NBO→MBA,21:10,22:25,75,Unknown,0,76.0,9880,html_scrape
2026-07-14 17:07,2026-07-17,NBO→MBA,06:05,07:20,75,Unknown,0,84.0,10920,html_scrape
2026-07-14 17:07,2026-07-17,NBO→MBA,13:35,14:50,75,Unknown,0,119.0,15470,html_scrape
2026-07-14 17:07,2026-07-18,NBO→MBA,12:55,14:10,75,Unknown,0,56.0,7280,html_scrape
2026-07-14 17:07,2026-07-18,NBO→MBA,19:00,20:15,75,Unknown,0,56.0,7280,html_scrape
2026-07-14 17:07,2026-07-18,NBO→MBA,17:30,18:45,75,Unknown,0,64.0,8320,html_scrape
2026-07-14 17:07,2026-07-18,NBO→MBA,16:30,17:45,75,Unknown,0,68.0,8840,html_scrape
2026-07-14 17:07,2026-07-18,NBO→MBA,19:20,20:35,75,Unknown,0,64.0,8320,html_scrape
2026-07-14 17:07,2026-07-18,NBO→MBA,08:25,09:40,75,Unknown,0,68.0,8840,html_scrape
2026-07-14 17:07,2026-07-18,NBO→MBA,09:35,10:50,75,Unknown,0,76.0,9880,html_scrape
2026-07-14 17:07,2026-07-18,NBO→MBA,12:30,13:30,60,Unknown,0,99.0,12870,html_scrape
2026-07-14 17:07,2026-07-19,NBO→MBA,13:35,14:50,75,Unknown,0,73.0,9490,html_scrape
2026-07-14 17:07,2026-07-19,NBO→MBA,08:25,09:40,75,Unknown,0,68.0,8840,html_scrape
2026-07-14 17:07,2026-07-19,NBO→MBA,09:40,10:55,75,Unknown,0,80.0,10400,html_scrape
2026-07-14 17:07,2026-07-20,NBO→MBA,17:30,18:45,75,Unknown,0,73.0,9490,html_scrape
2026-07-14 17:07,2026-07-20,NBO→MBA,07:00,08:00,60,Unknown,0,78.0,10140,html_scrape
2026-07-14 17:07,2026-07-20,NBO→MBA,06:05,07:20,75,Unknown,0,95.0,12350,html_scrape
2026-07-14 17:07,2026-07-21,NBO→MBA,12:00,13:00,60,Unknown,0,65.0,8450,html_scrape
2026-07-14 17:07,2026-07-21,NBO→MBA,07:00,08:00,60,Unknown,0,65.0,8450,html_scrape
2026-07-14 17:07,2026-07-21,NBO→MBA,17:05,18:20,75,Unknown,0,88.0,11440,html_scrape
2026-07-14 17:07,2026-07-21,NBO→MBA,14:45,15:50,65,Unknown,0,121.0,15730,html_scrape
2026-07-14 17:08,2026-07-14,NBO→KIS,17:20,18:10,50,Unknown,0,99.0,12870,html_scrape
2026-07-14 17:08,2026-07-14,NBO→KIS,12:20,13:10,50,Unknown,0,134.0,17420,html_scrape
2026-07-14 17:08,2026-07-14,NBO→KIS,18:00,19:00,60,Unknown,0,143.0,18590,html_scrape
2026-07-14 17:08,2026-07-15,NBO→KIS,08:40,09:30,50,Unknown,0,87.0,11310,html_scrape
2026-07-14 17:08,2026-07-15,NBO→KIS,17:20,18:10,50,Unknown,0,122.0,15860,html_scrape
2026-07-14 17:08,2026-07-15,NBO→KIS,21:10,12:55,945,Unknown,1,206.0,26780,html_scrape
2026-07-14 17:08,2026-07-15,NBO→KIS,23:59,12:55,776,Unknown,1,229.0,29770,html_scrape
2026-07-14 17:08,2026-07-15,NBO→KIS,21:10,18:10,1260,Unknown,2,222.0,28860,html_scrape
2026-07-14 17:08,2026-07-16,NBO→KIS,13:00,14:00,60,Unknown,0,80.0,10400,html_scrape
2026-07-14 17:08,2026-07-16,NBO→KIS,15:30,16:30,60,Unknown,0,80.0,10400,html_scrape
2026-07-14 17:08,2026-07-16,NBO→KIS,09:20,10:20,60,Unknown,0,88.0,11440,html_scrape
2026-07-14 17:08,2026-07-16,NBO→KIS,17:20,18:10,50,Unknown,0,99.0,12870,html_scrape
2026-07-14 17:08,2026-07-16,NBO→KIS,06:30,07:30,60,Unknown,0,80.0,10400,html_scrape
2026-07-14 17:08,2026-07-16,NBO→KIS,06:50,07:40,50,Unknown,0,105.0,13650,html_scrape
2026-07-14 17:08,2026-07-17,NBO→KIS,15:30,16:30,60,Unknown,0,111.0,14430,html_scrape
2026-07-14 17:08,2026-07-17,NBO→KIS,17:10,18:10,60,Unknown,0,111.0,14430,html_scrape
2026-07-14 17:08,2026-07-17,NBO→KIS,06:00,07:00,60,Unknown,0,95.0,12350,html_scrape
2026-07-14 17:08,2026-07-17,NBO→KIS,06:30,07:30,60,Unknown,0,110.0,14300,html_scrape
2026-07-14 17:08,2026-07-17,NBO→KIS,12:50,13:50,60,Unknown,0,141.0,18330,html_scrape
2026-07-14 17:08,2026-07-17,NBO→KIS,17:20,18:10,50,Unknown,0,151.0,19630,html_scrape
2026-07-14 17:09,2026-07-18,NBO→KIS,18:00,19:00,60,Unknown,0,95.0,12350,html_scrape
2026-07-14 17:09,2026-07-18,NBO→KIS,17:05,18:05,60,Unknown,0,102.0,13260,html_scrape
2026-07-14 17:09,2026-07-18,NBO→KIS,12:50,13:50,60,Unknown,0,119.0,15470,html_scrape
2026-07-14 17:09,2026-07-18,NBO→KIS,06:30,07:30,60,Unknown,0,95.0,12350,html_scrape
2026-07-14 17:09,2026-07-18,NBO→KIS,09:20,10:20,60,Unknown,0,119.0,15470,html_scrape
2026-07-14 17:09,2026-07-18,NBO→KIS,06:00,07:00,60,Unknown,0,95.0,12350,html_scrape
2026-07-14 17:09,2026-07-19,NBO→KIS,15:30,16:30,60,Unknown,0,88.0,11440,html_scrape
2026-07-14 17:09,2026-07-19,NBO→KIS,11:55,12:45,50,Unknown,0,104.0,13520,html_scrape
2026-07-14 17:09,2026-07-20,NBO→KIS,17:10,18:10,60,Unknown,0,73.0,9490,html_scrape
2026-07-14 17:09,2026-07-20,NBO→KIS,13:10,14:10,60,Unknown,0,80.0,10400,html_scrape
2026-07-14 17:09,2026-07-20,NBO→KIS,06:30,07:30,60,Unknown,0,73.0,9490,html_scrape
2026-07-14 17:09,2026-07-21,NBO→KIS,12:50,13:50,60,Unknown,0,73.0,9490,html_scrape
2026-07-14 17:09,2026-07-21,NBO→KIS,18:50,19:50,60,Unknown,0,68.0,8840,html_scrape
2026-07-14 17:09,2026-07-21,NBO→KIS,06:00,07:00,60,Unknown,0,68.0,8840,html_scrape
2026-07-14 17:10,2026-07-16,NBO→EDL,18:30,19:30,60,Unknown,0,68.0,8840,html_scrape
2026-07-14 17:10,2026-07-17,NBO→EDL,12:20,13:20,60,Unknown,0,76.0,9880,html_scrape
2026-07-14 17:10,2026-07-17,NBO→EDL,09:30,10:30,60,Unknown,0,76.0,9880,html_scrape
2026-07-14 17:10,2026-07-17,NBO→EDL,06:20,07:20,60,Unknown,0,80.0,10400,html_scrape
2026-07-14 17:10,2026-07-17,NBO→EDL,21:10,12:00,890,Unknown,1,340.0,44200,html_scrape
2026-07-14 17:10,2026-07-17,NBO→EDL,19:00,12:00,1020,Unknown,1,332.0,43160,html_scrape
2026-07-14 17:10,2026-07-17,NBO→EDL,19:20,12:00,1000,Unknown,1,332.0,43160,html_scrape
2026-07-14 17:10,2026-07-17,NBO→EDL,18:15,12:00,1065,Unknown,1,332.0,43160,html_scrape
2026-07-14 17:10,2026-07-18,NBO→EDL,12:20,13:20,60,Unknown,0,80.0,10400,html_scrape
2026-07-14 17:10,2026-07-18,NBO→EDL,08:25,12:00,215,Unknown,1,332.0,43160,html_scrape
2026-07-14 17:10,2026-07-18,NBO→EDL,21:10,12:00,890,Unknown,1,294.0,38220,html_scrape
2026-07-14 17:11,2026-07-19,NBO→EDL,12:10,13:10,60,Unknown,0,76.0,9880,html_scrape
2026-07-14 17:11,2026-07-19,NBO→EDL,08:25,12:00,215,Unknown,1,305.0,39650,html_scrape
2026-07-14 17:11,2026-07-19,NBO→EDL,06:05,12:00,355,Unknown,1,294.0,38220,html_scrape
2026-07-14 17:11,2026-07-19,NBO→EDL,19:00,12:00,1020,Unknown,1,286.0,37180,html_scrape
2026-07-14 17:11,2026-07-19,NBO→EDL,19:20,12:00,1000,Unknown,1,286.0,37180,html_scrape
2026-07-14 17:11,2026-07-20,NBO→EDL,08:25,12:00,215,Unknown,1,364.0,47320,html_scrape
2026-07-14 17:11,2026-07-20,NBO→EDL,06:05,12:00,355,Unknown,1,325.0,42250,html_scrape
2026-07-14 17:11,2026-07-21,NBO→EDL,08:25,12:00,215,Unknown,1,355.0,46150,html_scrape
2026-07-15 06:09,2026-07-16,NBO→MBA,17:30,18:45,75,Jambojet,0,73.0,9490,html_scrape
2026-07-15 06:09,2026-07-16,NBO→MBA,19:10,20:25,75,Jambojet,0,76.0,9880,html_scrape
2026-07-15 06:09,2026-07-16,NBO→MBA,12:25,13:40,75,Jambojet,0,119.0,15470,html_scrape
2026-07-15 06:09,2026-07-16,NBO→MBA,14:50,15:50,60,Unknown,0,126.0,16380,html_scrape
2026-07-15 06:09,2026-07-17,NBO→MBA,19:20,20:35,75,Jambojet,0,68.0,8840,html_scrape
2026-07-15 06:09,2026-07-17,NBO→MBA,06:05,07:20,75,Jambojet,0,91.0,11830,html_scrape
2026-07-15 06:09,2026-07-18,NBO→MBA,19:20,20:35,75,Jambojet,0,56.0,7280,html_scrape
2026-07-15 06:10,2026-07-19,NBO→MBA,18:15,19:30,75,Jambojet,0,68.0,8840,html_scrape
2026-07-15 06:10,2026-07-19,NBO→MBA,13:35,14:50,75,Jambojet,0,76.0,9880,html_scrape
2026-07-15 06:10,2026-07-20,NBO→MBA,14:00,15:10,70,Safarilink,0,121.0,15730,html_scrape
2026-07-15 06:10,2026-07-21,NBO→MBA,13:00,14:00,60,Unknown,0,88.0,11440,html_scrape
2026-07-15 06:10,2026-07-21,NBO→MBA,08:00,09:00,60,Unknown,0,88.0,11440,html_scrape
2026-07-15 06:10,2026-07-22,NBO→MBA,18:15,19:30,75,Jambojet,0,65.0,8450,html_scrape
2026-07-15 06:10,2026-07-22,NBO→MBA,19:00,20:15,75,Jambojet,0,65.0,8450,html_scrape
2026-07-15 06:10,2026-07-22,NBO→MBA,19:20,20:35,75,Jambojet,0,65.0,8450,html_scrape
2026-07-15 06:10,2026-07-22,NBO→MBA,21:10,22:25,75,Jambojet,0,65.0,8450,html_scrape
2026-07-15 06:10,2026-07-22,NBO→MBA,17:30,18:45,75,Jambojet,0,80.0,10400,html_scrape
2026-07-15 06:10,2026-07-22,NBO→MBA,09:40,10:55,75,Jambojet,0,102.0,13260,html_scrape
2026-07-15 06:10,2026-07-22,NBO→MBA,07:00,08:00,60,Unknown,0,90.0,11700,html_scrape
2026-07-15 06:10,2026-07-22,NBO→MBA,14:45,15:50,65,Safarilink,0,121.0,15730,html_scrape
2026-07-15 06:10,2026-07-22,NBO→MBA,06:05,07:20,75,Jambojet,0,95.0,12350,html_scrape
2026-07-15 06:10,2026-07-22,NBO→MBA,14:00,15:10,70,Safarilink,0,121.0,15730,html_scrape
2026-07-15 06:10,2026-07-15,NBO→KIS,17:20,18:10,50,Unknown,0,134.0,17420,html_scrape
2026-07-15 06:11,2026-07-16,NBO→KIS,13:00,14:00,60,Jambojet,0,84.0,10920,html_scrape
2026-07-15 06:11,2026-07-16,NBO→KIS,18:00,19:00,60,Jambojet,0,84.0,10920,html_scrape
2026-07-15 06:11,2026-07-16,NBO→KIS,09:20,10:20,60,Jambojet,0,91.0,11830,html_scrape
2026-07-15 06:11,2026-07-16,NBO→KIS,17:20,18:10,50,Unknown,0,104.0,13520,html_scrape
2026-07-15 06:11,2026-07-16,NBO→KIS,12:20,13:10,50,Unknown,0,146.0,18980,html_scrape
2026-07-15 06:11,2026-07-17,NBO→KIS,17:10,18:10,60,Jambojet,0,119.0,15470,html_scrape
2026-07-15 06:11,2026-07-17,NBO→KIS,06:30,07:30,60,Jambojet,0,102.0,13260,html_scrape
2026-07-15 06:11,2026-07-17,NBO→KIS,12:50,13:50,60,Jambojet,0,134.0,17420,html_scrape
2026-07-15 06:12,2026-07-20,NBO→KIS,09:20,10:20,60,Jambojet,0,80.0,10400,html_scrape
2026-07-15 06:12,2026-07-20,NBO→KIS,17:20,18:10,50,Unknown,0,99.0,12870,html_scrape
2026-07-15 06:12,2026-07-21,NBO→KIS,09:20,10:20,60,Jambojet,0,73.0,9490,html_scrape
2026-07-15 06:12,2026-07-22,NBO→KIS,17:10,18:10,60,Jambojet,0,65.0,8450,html_scrape
2026-07-15 06:12,2026-07-22,NBO→KIS,15:30,16:30,60,Jambojet,0,68.0,8840,html_scrape
2026-07-15 06:12,2026-07-22,NBO→KIS,12:50,13:50,60,Jambojet,0,73.0,9490,html_scrape
2026-07-15 06:12,2026-07-22,NBO→KIS,09:20,10:20,60,Jambojet,0,68.0,8840,html_scrape
2026-07-15 06:12,2026-07-22,NBO→KIS,17:20,18:10,50,Unknown,0,81.0,10530,html_scrape
2026-07-15 06:12,2026-07-22,NBO→KIS,08:00,08:50,50,Unknown,0,81.0,10530,html_scrape
2026-07-15 06:12,2026-07-22,NBO→KIS,06:30,07:30,60,Jambojet,0,68.0,8840,html_scrape
2026-07-15 06:12,2026-07-22,NBO→KIS,06:00,07:00,60,Jambojet,0,65.0,8450,html_scrape
2026-07-15 06:12,2026-07-22,NBO→KIS,18:00,18:50,50,Safarilink,0,105.0,13650,html_scrape
2026-07-15 06:12,2026-07-22,NBO→KIS,19:20,20:10,50,Safarilink,0,105.0,13650,html_scrape
2026-07-15 06:12,2026-07-15,NBO→EDL,07:20,08:20,60,Jambojet,0,65.0,8450,html_scrape
2026-07-15 06:13,2026-07-17,NBO→EDL,16:00,17:00,60,Jambojet,0,80.0,10400,html_scrape
2026-07-15 06:13,2026-07-17,NBO→EDL,09:30,10:30,60,Jambojet,0,84.0,10920,html_scrape
2026-07-15 06:13,2026-07-18,NBO→EDL,19:00,10:30,930,Jambojet,2,198.0,25740,html_scrape
2026-07-15 06:13,2026-07-19,NBO→EDL,08:25,12:00,215,Unknown,1,323.0,41990,html_scrape
2026-07-15 06:13,2026-07-19,NBO→EDL,06:05,12:00,355,Unknown,1,312.0,40560,html_scrape
2026-07-15 06:13,2026-07-19,NBO→EDL,16:00,07:20,920,Unknown,2,207.0,26910,html_scrape
2026-07-15 06:13,2026-07-20,NBO→EDL,07:00,12:00,300,Unknown,1,243.0,31590,html_scrape
2026-07-15 06:13,2026-07-20,NBO→EDL,08:25,12:00,215,Unknown,1,355.0,46150,html_scrape
2026-07-15 06:13,2026-07-20,NBO→EDL,06:05,12:00,355,Unknown,1,327.0,42510,html_scrape
2026-07-15 06:13,2026-07-20,NBO→EDL,21:10,12:00,890,Unknown,1,305.0,39650,html_scrape
2026-07-15 06:13,2026-07-21,NBO→EDL,08:25,12:00,215,Unknown,1,363.0,47190,html_scrape
2026-07-15 06:13,2026-07-21,NBO→EDL,06:00,12:00,360,Unknown,1,333.0,43290,html_scrape
2026-07-15 06:14,2026-07-22,NBO→EDL,17:00,17:40,40,Unknown,0,57.0,7410,html_scrape
2026-07-15 06:14,2026-07-22,NBO→EDL,12:20,13:20,60,Jambojet,0,73.0,9490,html_scrape
2026-07-15 06:14,2026-07-22,NBO→EDL,16:00,17:00,60,Jambojet,0,73.0,9490,html_scrape
2026-07-15 06:14,2026-07-22,NBO→EDL,09:30,10:30,60,Jambojet,0,73.0,9490,html_scrape
2026-07-15 06:14,2026-07-22,NBO→EDL,18:30,19:30,60,Jambojet,0,73.0,9490,html_scrape
2026-07-15 06:14,2026-07-22,NBO→EDL,06:20,07:20,60,Jambojet,0,73.0,9490,html_scrape
2026-07-15 06:14,2026-07-22,NBO→EDL,08:25,12:00,215,Unknown,1,355.0,46150,html_scrape
2026-07-15 06:14,2026-07-22,NBO→EDL,06:05,12:00,355,Unknown,1,327.0,42510,html_scrape
2026-07-15 06:14,2026-07-22,NBO→EDL,21:10,12:00,890,Unknown,1,286.0,37180,html_scrape
2026-07-15 06:14,2026-07-22,NBO→EDL,19:00,12:00,1020,Unknown,1,286.0,37180,html_scrape
2026-07-15 17:08,2026-07-15,NBO→MBA,19:10,20:25,75,Jambojet,0,73.0,9490,html_scrape
2026-07-15 17:08,2026-07-15,NBO→MBA,21:10,22:25,75,Jambojet,0,73.0,9490,html_scrape
2026-07-15 17:09,2026-07-16,NBO→MBA,06:00,07:00,60,Unknown,0,108.0,14040,html_scrape
2026-07-15 17:09,2026-07-16,NBO→MBA,06:45,07:55,70,Unknown,0,121.0,15730,html_scrape
2026-07-15 17:09,2026-07-16,NBO→MBA,14:50,15:50,60,Unknown,0,151.0,19630,html_scrape
2026-07-15 17:09,2026-07-16,NBO→MBA,10:25,11:25,60,Unknown,0,192.0,24960,html_scrape
2026-07-15 17:09,2026-07-17,NBO→MBA,17:30,18:45,75,Unknown,0,76.0,9880,html_scrape
2026-07-15 17:09,2026-07-17,NBO→MBA,06:05,07:20,75,Unknown,0,99.0,12870,html_scrape
2026-07-15 17:09,2026-07-17,NBO→MBA,09:40,10:55,75,Unknown,0,119.0,15470,html_scrape
2026-07-15 17:09,2026-07-17,NBO→MBA,23:59,00:59,60,Unknown,0,99.0,12870,html_scrape
2026-07-15 17:09,2026-07-18,NBO→MBA,19:00,20:15,75,Unknown,0,64.0,8320,html_scrape
2026-07-15 17:09,2026-07-18,NBO→MBA,09:35,10:50,75,Unknown,0,73.0,9490,html_scrape
2026-07-15 17:09,2026-07-18,NBO→MBA,08:25,09:40,75,Unknown,0,76.0,9880,html_scrape
2026-07-15 17:09,2026-07-18,NBO→MBA,08:00,09:00,60,Unknown,0,93.0,12090,html_scrape
2026-07-15 17:09,2026-07-19,NBO→MBA,16:00,17:00,60,Unknown,0,57.0,7410,html_scrape
2026-07-15 17:09,2026-07-19,NBO→MBA,13:35,14:50,75,Unknown,0,80.0,10400,html_scrape
2026-07-15 17:09,2026-07-19,NBO→MBA,18:15,19:30,75,Unknown,0,80.0,10400,html_scrape
2026-07-15 17:09,2026-07-19,NBO→MBA,08:25,09:40,75,Unknown,0,73.0,9490,html_scrape
2026-07-15 17:09,2026-07-19,NBO→MBA,06:05,07:20,75,Unknown,0,65.0,8450,html_scrape
2026-07-15 17:09,2026-07-20,NBO→MBA,18:15,19:30,75,Unknown,0,73.0,9490,html_scrape
2026-07-15 17:09,2026-07-20,NBO→MBA,19:20,20:35,75,Unknown,0,80.0,10400,html_scrape
2026-07-15 17:09,2026-07-20,NBO→MBA,13:35,14:50,75,Unknown,0,102.0,13260,html_scrape
2026-07-15 17:09,2026-07-20,NBO→MBA,17:00,18:00,60,Unknown,0,120.0,15600,html_scrape
2026-07-15 17:09,2026-07-20,NBO→MBA,15:00,16:00,60,Unknown,0,126.0,16380,html_scrape
2026-07-15 17:09,2026-07-20,NBO→MBA,06:05,07:20,75,Unknown,0,102.0,13260,html_scrape
2026-07-15 17:10,2026-07-21,NBO→MBA,12:00,13:00,60,Unknown,0,57.0,7410,html_scrape
2026-07-15 17:10,2026-07-21,NBO→MBA,19:20,20:35,75,Unknown,0,73.0,9490,html_scrape
2026-07-15 17:10,2026-07-21,NBO→MBA,18:15,19:30,75,Unknown,0,80.0,10400,html_scrape
2026-07-15 17:10,2026-07-22,NBO→MBA,18:15,19:30,75,Unknown,0,73.0,9490,html_scrape
2026-07-15 17:10,2026-07-22,NBO→MBA,07:00,08:00,60,Unknown,0,78.0,10140,html_scrape
2026-07-15 17:10,2026-07-22,NBO→MBA,23:59,00:59,60,Unknown,0,88.0,11440,html_scrape
2026-07-15 17:10,2026-07-16,NBO→KIS,12:20,13:10,50,Unknown,0,192.0,24960,html_scrape
2026-07-15 17:10,2026-07-16,NBO→KIS,17:20,18:10,50,Unknown,0,192.0,24960,html_scrape
2026-07-15 17:10,2026-07-16,NBO→KIS,06:00,12:55,415,Unknown,1,249.0,32370,html_scrape
2026-07-15 17:10,2026-07-16,NBO→KIS,06:00,16:30,630,Unknown,2,272.0,35360,html_scrape
2026-07-15 17:10,2026-07-16,NBO→KIS,06:00,19:00,780,Unknown,2,284.0,36920,html_scrape
2026-07-15 17:11,2026-07-17,NBO→KIS,15:30,16:30,60,Unknown,0,126.0,16380,html_scrape
2026-07-15 17:11,2026-07-17,NBO→KIS,17:10,18:10,60,Unknown,0,126.0,16380,html_scrape
2026-07-15 17:11,2026-07-17,NBO→KIS,06:30,07:30,60,Unknown,0,119.0,15470,html_scrape
2026-07-15 17:11,2026-07-17,NBO→KIS,09:20,10:20,60,Unknown,0,141.0,18330,html_scrape
2026-07-15 17:11,2026-07-17,NBO→KIS,06:50,07:40,50,Unknown,0,120.0,15600,html_scrape
2026-07-15 17:11,2026-07-17,NBO→KIS,06:00,07:00,60,Unknown,0,119.0,15470,html_scrape
2026-07-15 17:11,2026-07-17,NBO→KIS,17:20,18:10,50,Unknown,0,170.0,22100,html_scrape
2026-07-15 17:11,2026-07-18,NBO→KIS,18:00,19:00,60,Unknown,0,76.0,9880,html_scrape
2026-07-15 17:11,2026-07-18,NBO→KIS,09:20,10:20,60,Unknown,0,126.0,16380,html_scrape
2026-07-15 17:11,2026-07-18,NBO→KIS,12:50,13:50,60,Unknown,0,141.0,18330,html_scrape
2026-07-15 17:11,2026-07-19,NBO→KIS,15:30,16:30,60,Unknown,0,73.0,9490,html_scrape
2026-07-15 17:11,2026-07-19,NBO→KIS,09:10,10:10,60,Unknown,0,65.0,8450,html_scrape
2026-07-15 17:11,2026-07-19,NBO→KIS,12:50,13:50,60,Unknown,0,76.0,9880,html_scrape
2026-07-15 17:11,2026-07-19,NBO→KIS,17:10,18:10,60,Unknown,0,73.0,9490,html_scrape
2026-07-15 17:11,2026-07-19,NBO→KIS,11:55,12:45,50,Unknown,0,122.0,15860,html_scrape
2026-07-15 17:11,2026-07-20,NBO→KIS,13:10,14:10,60,Unknown,0,76.0,9880,html_scrape
2026-07-15 17:11,2026-07-21,NBO→KIS,15:30,16:30,60,Unknown,0,65.0,8450,html_scrape
2026-07-15 17:11,2026-07-21,NBO→KIS,06:30,07:30,60,Unknown,0,68.0,8840,html_scrape
2026-07-15 17:12,2026-07-22,NBO→KIS,15:30,16:30,60,Unknown,0,65.0,8450,html_scrape
2026-07-15 17:12,2026-07-22,NBO→KIS,09:20,10:20,60,Unknown,0,65.0,8450,html_scrape
2026-07-15 17:12,2026-07-22,NBO→KIS,06:30,07:30,60,Unknown,0,65.0,8450,html_scrape
2026-07-15 17:12,2026-07-15,NBO→EDL,17:00,17:40,40,Unknown,0,57.0,7410,html_scrape
2026-07-15 17:12,2026-07-15,NBO→EDL,12:20,13:20,60,Jambojet,0,76.0,9880,html_scrape
2026-07-15 17:12,2026-07-16,NBO→EDL,10:30,17:40,1870,Unknown,2,483.0,62790,html_scrape
2026-07-15 17:12,2026-07-16,NBO→EDL,10:30,19:30,1980,Unknown,2,499.0,64870,html_scrape
2026-07-15 17:12,2026-07-16,NBO→EDL,10:30,17:00,1830,Unknown,2,506.0,65780,html_scrape
2026-07-15 17:12,2026-07-17,NBO→EDL,17:00,17:40,40,Unknown,0,57.0,7410,html_scrape
2026-07-15 17:12,2026-07-17,NBO→EDL,12:20,13:20,60,Unknown,0,80.0,10400,html_scrape
2026-07-15 17:12,2026-07-17,NBO→EDL,18:30,19:30,60,Unknown,0,80.0,10400,html_scrape
2026-07-15 17:12,2026-07-17,NBO→EDL,16:00,17:00,60,Unknown,0,84.0,10920,html_scrape
2026-07-15 17:12,2026-07-17,NBO→EDL,09:30,10:30,60,Unknown,0,91.0,11830,html_scrape
2026-07-15 17:12,2026-07-17,NBO→EDL,06:20,07:20,60,Unknown,0,111.0,14430,html_scrape
2026-07-15 17:13,2026-07-18,NBO→EDL,17:00,17:40,40,Unknown,0,57.0,7410,html_scrape
2026-07-15 17:13,2026-07-18,NBO→EDL,12:20,13:20,60,Unknown,0,65.0,8450,html_scrape
2026-07-15 17:13,2026-07-18,NBO→EDL,09:30,10:30,60,Unknown,0,65.0,8450,html_scrape
2026-07-15 17:13,2026-07-18,NBO→EDL,16:00,17:00,60,Unknown,0,65.0,8450,html_scrape
2026-07-15 17:13,2026-07-18,NBO→EDL,19:10,20:10,60,Unknown,0,65.0,8450,html_scrape
2026-07-15 17:13,2026-07-18,NBO→EDL,07:20,08:20,60,Unknown,0,65.0,8450,html_scrape
2026-07-15 17:13,2026-07-18,NBO→EDL,06:20,07:20,60,Unknown,0,65.0,8450,html_scrape
2026-07-15 17:13,2026-07-18,NBO→EDL,19:00,10:30,930,Unknown,2,206.0,26780,html_scrape
2026-07-15 17:13,2026-07-18,NBO→EDL,19:20,10:30,910,Unknown,2,206.0,26780,html_scrape
2026-07-15 17:13,2026-07-18,NBO→EDL,21:10,10:30,800,Unknown,2,207.0,26910,html_scrape
2026-07-15 17:13,2026-07-19,NBO→EDL,17:00,17:40,40,Unknown,0,57.0,7410,html_scrape
2026-07-15 17:13,2026-07-19,NBO→EDL,16:00,17:00,60,Unknown,0,76.0,9880,html_scrape
2026-07-15 17:13,2026-07-19,NBO→EDL,16:00,07:20,920,Unknown,2,199.0,25870,html_scrape
2026-07-15 17:13,2026-07-20,NBO→EDL,17:00,17:40,40,Unknown,0,57.0,7410,html_scrape
2026-07-15 17:13,2026-07-20,NBO→EDL,12:20,13:20,60,Unknown,0,65.0,8450,html_scrape
2026-07-15 17:13,2026-07-20,NBO→EDL,16:10,17:10,60,Unknown,0,65.0,8450,html_scrape
2026-07-15 17:13,2026-07-20,NBO→EDL,09:30,10:30,60,Unknown,0,65.0,8450,html_scrape
2026-07-15 17:13,2026-07-20,NBO→EDL,18:30,19:30,60,Unknown,0,65.0,8450,html_scrape
2026-07-15 17:13,2026-07-20,NBO→EDL,06:20,07:20,60,Unknown,0,65.0,8450,html_scrape
2026-07-15 17:13,2026-07-20,NBO→EDL,08:25,12:00,215,Unknown,1,372.0,48360,html_scrape
2026-07-15 17:13,2026-07-20,NBO→EDL,06:05,12:00,355,Unknown,1,355.0,46150,html_scrape
2026-07-15 17:13,2026-07-20,NBO→EDL,21:10,12:00,890,Unknown,1,294.0,38220,html_scrape
2026-07-15 17:13,2026-07-20,NBO→EDL,19:20,12:00,1000,Unknown,1,313.0,40690,html_scrape
2026-07-15 17:13,2026-07-21,NBO→EDL,17:00,17:40,40,Unknown,0,57.0,7410,html_scrape
2026-07-15 17:13,2026-07-21,NBO→EDL,12:20,13:20,60,Unknown,0,65.0,8450,html_scrape
2026-07-15 17:13,2026-07-21,NBO→EDL,15:50,16:50,60,Unknown,0,65.0,8450,html_scrape
2026-07-15 17:13,2026-07-21,NBO→EDL,09:30,10:30,60,Unknown,0,65.0,8450,html_scrape
2026-07-15 17:13,2026-07-21,NBO→EDL,18:30,19:30,60,Unknown,0,65.0,8450,html_scrape
2026-07-15 17:13,2026-07-21,NBO→EDL,06:20,07:20,60,Unknown,0,65.0,8450,html_scrape
2026-07-15 17:13,2026-07-21,NBO→EDL,06:00,12:00,360,Unknown,1,335.0,43550,html_scrape
2026-07-15 17:13,2026-07-21,NBO→EDL,23:59,12:00,721,Unknown,1,205.0,26650,html_scrape
2026-07-15 17:13,2026-07-21,NBO→EDL,21:10,10:30,800,Unknown,2,207.0,26910,html_scrape
2026-07-15 17:13,2026-07-22,NBO→EDL,12:20,13:20,60,Unknown,0,65.0,8450,html_scrape
2026-07-15 17:13,2026-07-22,NBO→EDL,16:00,17:00,60,Unknown,0,65.0,8450,html_scrape
2026-07-15 17:13,2026-07-22,NBO→EDL,09:30,10:30,60,Unknown,0,65.0,8450,html_scrape
2026-07-15 17:13,2026-07-22,NBO→EDL,18:30,19:30,60,Unknown,0,65.0,8450,html_scrape
2026-07-15 17:13,2026-07-22,NBO→EDL,06:20,07:20,60,Unknown,0,65.0,8450,html_scrape
2026-07-15 17:13,2026-07-22,NBO→EDL,06:05,12:00,355,Unknown,1,347.0,45110,html_scrape
2026-07-15 17:13,2026-07-22,NBO→EDL,21:10,12:00,890,Unknown,1,297.0,38610,html_scrape
2026-07-16 06:11,2026-07-16,NBO→MBA,19:15,20:15,60,Unknown,0,126.0,16380,html_scrape
2026-07-16 06:11,2026-07-16,NBO→MBA,14:50,15:50,60,Unknown,0,187.0,24310,html_scrape
2026-07-16 06:12,2026-07-17,NBO→MBA,23:59,00:59,60,Unknown,0,93.0,12090,html_scrape
2026-07-16 06:12,2026-07-19,NBO→MBA,13:35,14:50,75,Unknown,0,84.0,10920,html_scrape
2026-07-16 06:12,2026-07-19,NBO→MBA,17:30,18:45,75,Unknown,0,84.0,10920,html_scrape
2026-07-16 06:12,2026-07-20,NBO→MBA,21:10,22:25,75,Unknown,0,73.0,9490,html_scrape
2026-07-16 06:12,2026-07-20,NBO→MBA,07:00,08:00,60,Unknown,0,90.0,11700,html_scrape
2026-07-16 06:12,2026-07-20,NBO→MBA,17:00,18:00,60,Unknown,0,126.0,16380,html_scrape
2026-07-16 06:12,2026-07-21,NBO→MBA,19:10,20:10,60,Unknown,0,94.0,12220,html_scrape
2026-07-16 06:13,2026-07-22,NBO→MBA,18:15,19:30,75,Unknown,0,80.0,10400,html_scrape
2026-07-16 06:13,2026-07-22,NBO→MBA,17:30,18:45,75,Unknown,0,88.0,11440,html_scrape
2026-07-16 06:13,2026-07-22,NBO→MBA,09:40,10:55,75,Unknown,0,119.0,15470,html_scrape
2026-07-16 06:13,2026-07-23,NBO→MBA,19:00,20:15,75,Unknown,0,73.0,9490,html_scrape
2026-07-16 06:13,2026-07-23,NBO→MBA,21:10,22:25,75,Unknown,0,65.0,8450,html_scrape
2026-07-16 06:13,2026-07-23,NBO→MBA,19:20,20:35,75,Unknown,0,73.0,9490,html_scrape
2026-07-16 06:13,2026-07-23,NBO→MBA,17:05,18:20,75,Unknown,0,80.0,10400,html_scrape
2026-07-16 06:13,2026-07-23,NBO→MBA,17:30,18:45,75,Unknown,0,80.0,10400,html_scrape
2026-07-16 06:13,2026-07-23,NBO→MBA,12:00,13:00,60,Unknown,0,90.0,11700,html_scrape
2026-07-16 06:13,2026-07-23,NBO→MBA,14:45,15:50,65,Unknown,0,121.0,15730,html_scrape
2026-07-16 06:13,2026-07-23,NBO→MBA,14:00,15:10,70,Unknown,0,121.0,15730,html_scrape
2026-07-16 06:13,2026-07-23,NBO→MBA,23:59,00:59,60,Unknown,0,88.0,11440,html_scrape
2026-07-16 06:13,2026-07-23,NBO→MBA,19:20,20:20,60,Unknown,0,120.0,15600,html_scrape
2026-07-16 06:13,2026-07-16,NBO→KIS,18:35,19:25,50,Unknown,0,192.0,24960,html_scrape
2026-07-16 06:13,2026-07-17,NBO→KIS,15:30,16:30,60,Unknown,0,119.0,15470,html_scrape
2026-07-16 06:13,2026-07-17,NBO→KIS,06:00,07:00,60,Unknown,0,126.0,16380,html_scrape
2026-07-16 06:13,2026-07-17,NBO→KIS,06:30,07:30,60,Unknown,0,134.0,17420,html_scrape
2026-07-16 06:13,2026-07-17,NBO→KIS,17:20,18:10,50,Unknown,0,185.0,24050,html_scrape
2026-07-16 06:13,2026-07-17,NBO→KIS,06:50,07:40,50,Unknown,0,157.0,20410,html_scrape
2026-07-16 06:13,2026-07-17,NBO→KIS,08:00,08:50,50,Unknown,0,197.0,25610,html_scrape
2026-07-16 06:14,2026-07-18,NBO→KIS,06:30,07:30,60,Unknown,0,84.0,10920,html_scrape
2026-07-16 06:14,2026-07-18,NBO→KIS,06:00,07:00,60,Unknown,0,84.0,10920,html_scrape
2026-07-16 06:14,2026-07-18,NBO→KIS,12:50,13:50,60,Unknown,0,126.0,16380,html_scrape
2026-07-16 06:14,2026-07-19,NBO→KIS,09:10,10:10,60,Unknown,0,68.0,8840,html_scrape
2026-07-16 06:14,2026-07-20,NBO→KIS,16:50,17:40,50,Unknown,0,99.0,12870,html_scrape
2026-07-16 06:14,2026-07-21,NBO→KIS,16:40,17:30,50,Unknown,0,81.0,10530,html_scrape
2026-07-16 06:15,2026-07-23,NBO→KIS,18:00,19:00,60,Unknown,0,65.0,8450,html_scrape
2026-07-16 06:15,2026-07-23,NBO→KIS,12:50,13:50,60,Unknown,0,68.0,8840,html_scrape
2026-07-16 06:15,2026-07-23,NBO→KIS,15:30,16:30,60,Unknown,0,68.0,8840,html_scrape
2026-07-16 06:15,2026-07-23,NBO→KIS,09:20,10:20,60,Unknown,0,73.0,9490,html_scrape
2026-07-16 06:15,2026-07-23,NBO→KIS,16:05,16:55,50,Unknown,0,81.0,10530,html_scrape
2026-07-16 06:15,2026-07-23,NBO→KIS,06:30,07:30,60,Unknown,0,65.0,8450,html_scrape
2026-07-16 06:15,2026-07-23,NBO→KIS,06:00,07:00,60,Unknown,0,65.0,8450,html_scrape
2026-07-16 06:15,2026-07-23,NBO→KIS,11:45,12:35,50,Unknown,0,104.0,13520,html_scrape
2026-07-16 06:15,2026-07-23,NBO→KIS,18:00,18:50,50,Unknown,0,105.0,13650,html_scrape
2026-07-16 06:15,2026-07-23,NBO→KIS,19:20,20:10,50,Unknown,0,105.0,13650,html_scrape
2026-07-16 06:15,2026-07-16,NBO→EDL,17:00,17:40,40,Unknown,0,57.0,7410,html_scrape
2026-07-16 06:15,2026-07-17,NBO→EDL,18:30,19:30,60,Unknown,0,84.0,10920,html_scrape
2026-07-16 06:15,2026-07-17,NBO→EDL,09:30,10:30,60,Unknown,0,102.0,13260,html_scrape
2026-07-16 06:15,2026-07-17,NBO→EDL,21:10,12:00,890,Unknown,1,221.0,28730,html_scrape
2026-07-16 06:15,2026-07-17,NBO→EDL,23:59,12:00,721,Unknown,1,241.0,31330,html_scrape
2026-07-16 06:15,2026-07-17,NBO→EDL,19:20,10:30,910,Unknown,2,301.0,39130,html_scrape
2026-07-16 06:15,2026-07-18,NBO→EDL,06:00,12:00,360,Unknown,1,224.0,29120,html_scrape
2026-07-16 06:15,2026-07-18,NBO→EDL,17:30,10:30,1020,Unknown,2,311.0,40430,html_scrape
2026-07-16 06:15,2026-07-18,NBO→EDL,12:55,10:30,1295,Unknown,2,312.0,40560,html_scrape
2026-07-16 06:16,2026-07-19,NBO→EDL,21:10,12:00,890,Unknown,1,305.0,39650,html_scrape
2026-07-16 06:16,2026-07-19,NBO→EDL,19:20,12:00,1000,Unknown,1,294.0,38220,html_scrape
2026-07-16 06:16,2026-07-19,NBO→EDL,19:00,12:00,1020,Unknown,1,305.0,39650,html_scrape
2026-07-16 06:16,2026-07-19,NBO→EDL,06:05,13:20,1875,Unknown,2,207.0,26910,html_scrape
2026-07-16 06:16,2026-07-22,NBO→EDL,08:25,12:00,215,Unknown,1,364.0,47320,html_scrape
2026-07-16 06:16,2026-07-23,NBO→EDL,17:00,17:40,40,Unknown,0,57.0,7410,html_scrape
2026-07-16 06:16,2026-07-23,NBO→EDL,12:20,13:20,60,Unknown,0,65.0,8450,html_scrape
2026-07-16 06:16,2026-07-23,NBO→EDL,16:00,17:00,60,Unknown,0,65.0,8450,html_scrape
2026-07-16 06:16,2026-07-23,NBO→EDL,18:30,19:30,60,Unknown,0,65.0,8450,html_scrape
2026-07-16 06:16,2026-07-23,NBO→EDL,09:30,10:30,60,Unknown,0,65.0,8450,html_scrape
2026-07-16 06:16,2026-07-23,NBO→EDL,07:20,08:20,60,Unknown,0,65.0,8450,html_scrape
2026-07-16 06:16,2026-07-23,NBO→EDL,06:20,07:20,60,Unknown,0,65.0,8450,html_scrape
2026-07-16 06:16,2026-07-23,NBO→EDL,08:25,12:00,215,Unknown,1,364.0,47320,html_scrape
2026-07-16 06:16,2026-07-23,NBO→EDL,06:00,12:00,360,Unknown,1,347.0,45110,html_scrape
2026-07-16 06:16,2026-07-23,NBO→EDL,21:10,10:30,800,Unknown,2,207.0,26910,html_scrape
2026-07-16 17:07,2026-07-16,NBO→MBA,19:00,20:15,75,Jambojet,0,65.0,8450,html_scrape
2026-07-16 17:07,2026-07-16,NBO→MBA,19:20,20:35,75,Jambojet,0,65.0,8450,html_scrape
2026-07-16 17:07,2026-07-17,NBO→MBA,19:10,20:10,60,Unknown,0,99.0,12870,html_scrape
2026-07-16 17:07,2026-07-17,NBO→MBA,23:59,00:59,60,Unknown,0,125.0,16250,html_scrape
2026-07-16 17:07,2026-07-17,NBO→MBA,08:00,09:00,60,Unknown,0,192.0,24960,html_scrape
2026-07-16 17:07,2026-07-17,NBO→MBA,06:45,07:55,70,Safarilink,0,193.0,25090,html_scrape
2026-07-16 17:07,2026-07-17,NBO→MBA,06:00,14:55,535,Jambojet,1,260.0,33800,html_scrape
2026-07-16 17:07,2026-07-18,NBO→MBA,12:55,14:10,75,Jambojet,0,64.0,8320,html_scrape
2026-07-16 17:07,2026-07-18,NBO→MBA,13:30,14:45,75,Jambojet,0,65.0,8450,html_scrape
2026-07-16 17:07,2026-07-18,NBO→MBA,16:30,17:45,75,Jambojet,0,65.0,8450,html_scrape
2026-07-16 17:08,2026-07-19,NBO→MBA,19:00,20:15,75,Jambojet,0,68.0,8840,html_scrape
2026-07-16 17:08,2026-07-19,NBO→MBA,19:20,20:35,75,Jambojet,0,68.0,8840,html_scrape
2026-07-16 17:08,2026-07-19,NBO→MBA,18:15,19:30,75,Jambojet,0,76.0,9880,html_scrape
2026-07-16 17:08,2026-07-19,NBO→MBA,21:10,22:25,75,Jambojet,0,68.0,8840,html_scrape
2026-07-16 17:08,2026-07-19,NBO→MBA,08:25,09:40,75,Jambojet,0,76.0,9880,html_scrape
2026-07-16 17:08,2026-07-19,NBO→MBA,12:00,13:00,60,Unknown,0,101.0,13130,html_scrape
2026-07-16 17:08,2026-07-19,NBO→MBA,13:35,14:50,75,Jambojet,0,111.0,14430,html_scrape
2026-07-16 17:08,2026-07-20,NBO→MBA,17:30,18:45,75,Jambojet,0,76.0,9880,html_scrape
2026-07-16 17:08,2026-07-20,NBO→MBA,21:10,22:25,75,Jambojet,0,68.0,8840,html_scrape
2026-07-16 17:08,2026-07-20,NBO→MBA,06:05,07:20,75,Jambojet,0,88.0,11440,html_scrape
2026-07-16 17:08,2026-07-20,NBO→MBA,08:25,09:40,75,Jambojet,0,111.0,14430,html_scrape
2026-07-16 17:08,2026-07-20,NBO→MBA,09:40,10:55,75,Jambojet,0,119.0,15470,html_scrape
2026-07-16 17:08,2026-07-21,NBO→MBA,19:20,20:35,75,Jambojet,0,68.0,8840,html_scrape
2026-07-16 17:08,2026-07-21,NBO→MBA,17:30,18:45,75,Jambojet,0,76.0,9880,html_scrape
2026-07-16 17:08,2026-07-21,NBO→MBA,21:10,22:25,75,Jambojet,0,68.0,8840,html_scrape
2026-07-16 17:08,2026-07-21,NBO→MBA,13:30,14:45,75,Jambojet,0,91.0,11830,html_scrape
2026-07-16 17:08,2026-07-22,NBO→MBA,19:20,20:35,75,Jambojet,0,56.0,7280,html_scrape
2026-07-16 17:08,2026-07-22,NBO→MBA,19:00,20:15,75,Jambojet,0,68.0,8840,html_scrape
2026-07-16 17:08,2026-07-22,NBO→MBA,21:10,22:25,75,Jambojet,0,68.0,8840,html_scrape
2026-07-16 17:08,2026-07-22,NBO→MBA,17:30,18:45,75,Jambojet,0,91.0,11830,html_scrape
2026-07-16 17:08,2026-07-22,NBO→MBA,08:25,09:40,75,Jambojet,0,99.0,12870,html_scrape
2026-07-16 17:08,2026-07-22,NBO→MBA,06:05,07:20,75,Jambojet,0,91.0,11830,html_scrape
2026-07-16 17:08,2026-07-22,NBO→MBA,09:40,10:55,75,Jambojet,0,111.0,14430,html_scrape
2026-07-16 17:08,2026-07-23,NBO→MBA,12:00,13:00,60,Unknown,0,57.0,7410,html_scrape
2026-07-16 17:08,2026-07-23,NBO→MBA,19:20,20:35,75,Jambojet,0,68.0,8840,html_scrape
2026-07-16 17:08,2026-07-23,NBO→MBA,17:05,18:20,75,Jambojet,0,76.0,9880,html_scrape
2026-07-16 17:08,2026-07-23,NBO→MBA,07:00,08:00,60,Unknown,0,57.0,7410,html_scrape
2026-07-16 17:08,2026-07-23,NBO→MBA,17:30,18:45,75,Jambojet,0,76.0,9880,html_scrape
2026-07-16 17:08,2026-07-23,NBO→MBA,21:10,22:25,75,Jambojet,0,64.0,8320,html_scrape
2026-07-16 17:08,2026-07-23,NBO→MBA,13:30,14:45,75,Jambojet,0,88.0,11440,html_scrape
2026-07-16 17:08,2026-07-23,NBO→MBA,06:00,07:15,75,Jambojet,0,84.0,10920,html_scrape
2026-07-16 17:09,2026-07-16,NBO→KIS,17:05,18:05,60,Jambojet,0,73.0,9490,html_scrape
2026-07-16 17:09,2026-07-17,NBO→KIS,19:20,20:10,50,Safarilink,0,120.0,15600,html_scrape
2026-07-16 17:09,2026-07-18,NBO→KIS,17:05,18:05,60,Jambojet,0,76.0,9880,html_scrape
2026-07-16 17:09,2026-07-18,NBO→KIS,07:00,07:50,50,Unknown,0,104.0,13520,html_scrape
2026-07-16 17:09,2026-07-18,NBO→KIS,16:10,17:00,50,Unknown,0,134.0,17420,html_scrape
2026-07-16 17:09,2026-07-19,NBO→KIS,15:30,16:30,60,Jambojet,0,76.0,9880,html_scrape
2026-07-16 17:09,2026-07-19,NBO→KIS,09:10,10:10,60,Jambojet,0,73.0,9490,html_scrape
2026-07-16 17:09,2026-07-19,NBO→KIS,12:50,13:50,60,Jambojet,0,84.0,10920,html_scrape
2026-07-16 17:09,2026-07-19,NBO→KIS,17:10,18:10,60,Jambojet,0,84.0,10920,html_scrape
2026-07-16 17:10,2026-07-20,NBO→KIS,16:50,17:40,50,Unknown,0,104.0,13520,html_scrape
2026-07-16 17:10,2026-07-20,NBO→KIS,06:00,07:00,60,Jambojet,0,73.0,9490,html_scrape
2026-07-16 17:10,2026-07-21,NBO→KIS,16:40,17:30,50,Unknown,0,87.0,11310,html_scrape
2026-07-16 17:10,2026-07-21,NBO→KIS,06:30,07:30,60,Jambojet,0,73.0,9490,html_scrape
2026-07-16 17:10,2026-07-23,NBO→KIS,18:00,19:00,60,Jambojet,0,68.0,8840,html_scrape
2026-07-16 17:10,2026-07-23,NBO→KIS,12:50,13:50,60,Jambojet,0,73.0,9490,html_scrape
2026-07-16 17:10,2026-07-23,NBO→KIS,06:30,07:30,60,Jambojet,0,68.0,8840,html_scrape
2026-07-16 17:10,2026-07-23,NBO→KIS,11:45,12:35,50,Unknown,0,117.0,15210,html_scrape
2026-07-16 17:11,2026-07-17,NBO→EDL,23:59,12:00,721,Jambojet,1,273.0,35490,html_scrape
2026-07-16 17:11,2026-07-18,NBO→EDL,21:10,12:00,890,Unknown,1,321.0,41730,html_scrape
2026-07-16 17:11,2026-07-18,NBO→EDL,19:00,12:00,1020,Unknown,1,321.0,41730,html_scrape
2026-07-16 17:11,2026-07-18,NBO→EDL,19:20,12:00,1000,Unknown,1,321.0,41730,html_scrape
2026-07-16 17:11,2026-07-19,NBO→EDL,12:10,13:10,60,Jambojet,0,65.0,8450,html_scrape
2026-07-16 17:11,2026-07-19,NBO→EDL,18:30,19:30,60,Jambojet,0,65.0,8450,html_scrape
2026-07-16 17:11,2026-07-19,NBO→EDL,09:30,10:30,60,Jambojet,0,65.0,8450,html_scrape
2026-07-16 17:11,2026-07-19,NBO→EDL,08:25,12:00,215,Unknown,1,349.0,45370,html_scrape
2026-07-16 17:11,2026-07-19,NBO→EDL,06:05,12:00,355,Unknown,1,332.0,43160,html_scrape
2026-07-16 17:11,2026-07-19,NBO→EDL,21:10,12:00,890,Unknown,1,323.0,41990,html_scrape
2026-07-16 17:11,2026-07-19,NBO→EDL,19:00,12:00,1020,Unknown,1,323.0,41990,html_scrape
2026-07-16 17:11,2026-07-20,NBO→EDL,08:25,12:00,215,Unknown,1,381.0,49530,html_scrape
2026-07-16 17:11,2026-07-20,NBO→EDL,06:05,12:00,355,Unknown,1,351.0,45630,html_scrape
2026-07-16 17:12,2026-07-21,NBO→EDL,08:25,12:00,215,Unknown,1,390.0,50700,html_scrape
2026-07-16 17:12,2026-07-21,NBO→EDL,06:00,12:00,360,Unknown,1,355.0,46150,html_scrape
2026-07-16 17:12,2026-07-21,NBO→EDL,23:59,12:00,721,Jambojet,1,219.0,28470,html_scrape
2026-07-16 17:12,2026-07-21,NBO→EDL,19:20,10:30,910,Jambojet,2,210.0,27300,html_scrape
2026-07-16 17:12,2026-07-22,NBO→EDL,08:25,12:00,215,Unknown,1,338.0,43940,html_scrape
2026-07-16 17:12,2026-07-22,NBO→EDL,19:20,12:00,1000,Unknown,1,286.0,37180,html_scrape
2026-07-16 17:12,2026-07-23,NBO→EDL,08:25,12:00,215,Unknown,1,347.0,45110,html_scrape
2026-07-16 17:12,2026-07-23,NBO→EDL,06:00,12:00,360,Unknown,1,314.0,40820,html_scrape
2026-07-16 17:12,2026-07-23,NBO→EDL,21:10,10:30,800,Jambojet,2,206.0,26780,html_scrape
2026-07-17 06:10,2026-07-17,NBO→MBA,20:15,21:15,60,Unknown,0,119.0,15470,html_scrape
2026-07-17 06:10,2026-07-18,NBO→MBA,09:35,10:50,75,Jambojet,0,80.0,10400,html_scrape
2026-07-17 06:10,2026-07-18,NBO→MBA,06:00,07:15,75,Jambojet,0,76.0,9880,html_scrape
2026-07-17 06:10,2026-07-19,NBO→MBA,16:00,17:00,60,Unknown,0,90.0,11700,html_scrape
2026-07-17 06:10,2026-07-19,NBO→MBA,06:05,07:20,75,Jambojet,0,68.0,8840,html_scrape
2026-07-17 06:10,2026-07-19,NBO→MBA,08:25,09:40,75,Jambojet,0,80.0,10400,html_scrape
2026-07-17 06:10,2026-07-19,NBO→MBA,12:00,13:00,60,Unknown,0,102.0,13260,html_scrape
2026-07-17 06:10,2026-07-19,NBO→MBA,09:40,10:55,75,Jambojet,0,91.0,11830,html_scrape
2026-07-17 06:10,2026-07-20,NBO→MBA,18:15,19:30,75,Jambojet,0,80.0,10400,html_scrape
2026-07-17 06:10,2026-07-20,NBO→MBA,13:35,14:50,75,Jambojet,0,91.0,11830,html_scrape
2026-07-17 06:10,2026-07-20,NBO→MBA,06:05,07:20,75,Jambojet,0,91.0,11830,html_scrape
2026-07-17 06:10,2026-07-20,NBO→MBA,08:25,09:40,75,Jambojet,0,119.0,15470,html_scrape
2026-07-17 06:10,2026-07-20,NBO→MBA,23:59,00:59,60,Unknown,0,88.0,11440,html_scrape
2026-07-17 06:10,2026-07-21,NBO→MBA,18:15,19:30,75,Jambojet,0,76.0,9880,html_scrape
2026-07-17 06:11,2026-07-22,NBO→MBA,19:20,20:35,75,Jambojet,0,64.0,8320,html_scrape
2026-07-17 06:11,2026-07-22,NBO→MBA,08:25,09:40,75,Jambojet,0,102.0,13260,html_scrape
2026-07-17 06:11,2026-07-23,NBO→MBA,17:30,18:45,75,Jambojet,0,73.0,9490,html_scrape
2026-07-17 06:11,2026-07-23,NBO→MBA,07:00,08:00,60,Unknown,0,65.0,8450,html_scrape
2026-07-17 06:11,2026-07-24,NBO→MBA,19:00,20:15,75,Jambojet,0,65.0,8450,html_scrape
2026-07-17 06:11,2026-07-24,NBO→MBA,19:20,20:35,75,Jambojet,0,65.0,8450,html_scrape
2026-07-17 06:11,2026-07-24,NBO→MBA,16:00,17:00,60,Unknown,0,78.0,10140,html_scrape
2026-07-17 06:11,2026-07-24,NBO→MBA,21:10,22:25,75,Jambojet,0,65.0,8450,html_scrape
2026-07-17 06:11,2026-07-24,NBO→MBA,18:15,19:30,75,Jambojet,0,80.0,10400,html_scrape
2026-07-17 06:11,2026-07-24,NBO→MBA,12:00,13:00,60,Unknown,0,90.0,11700,html_scrape
2026-07-17 06:11,2026-07-24,NBO→MBA,17:30,18:45,75,Jambojet,0,88.0,11440,html_scrape
2026-07-17 06:11,2026-07-24,NBO→MBA,13:00,14:00,60,Unknown,0,93.0,12090,html_scrape
2026-07-17 06:11,2026-07-24,NBO→MBA,19:10,20:10,60,Unknown,0,93.0,12090,html_scrape
2026-07-17 06:11,2026-07-24,NBO→MBA,14:45,15:50,65,Safarilink,0,121.0,15730,html_scrape
2026-07-17 06:11,2026-07-17,NBO→KIS,16:50,17:40,50,Unknown,0,86.0,11180,html_scrape
2026-07-17 06:11,2026-07-17,NBO→KIS,19:20,20:10,50,Safarilink,0,157.0,20410,html_scrape
2026-07-17 06:12,2026-07-18,NBO→KIS,18:00,19:00,60,Jambojet,0,73.0,9490,html_scrape
2026-07-17 06:12,2026-07-18,NBO→KIS,12:50,13:50,60,Jambojet,0,134.0,17420,html_scrape
2026-07-17 06:12,2026-07-18,NBO→KIS,16:10,17:00,50,Unknown,0,139.0,18070,html_scrape
2026-07-17 06:12,2026-07-18,NBO→KIS,06:50,07:40,50,Safarilink,0,120.0,15600,html_scrape
2026-07-17 06:12,2026-07-19,NBO→KIS,17:20,18:10,50,Unknown,0,104.0,13520,html_scrape
2026-07-17 06:12,2026-07-19,NBO→KIS,11:55,12:45,50,Unknown,0,127.0,16510,html_scrape
2026-07-17 06:12,2026-07-20,NBO→KIS,15:30,16:30,60,Jambojet,0,73.0,9490,html_scrape
2026-07-17 06:12,2026-07-20,NBO→KIS,09:20,10:20,60,Jambojet,0,84.0,10920,html_scrape
2026-07-17 06:13,2026-07-24,NBO→KIS,12:50,13:50,60,Jambojet,0,73.0,9490,html_scrape
2026-07-17 06:13,2026-07-24,NBO→KIS,15:30,16:30,60,Jambojet,0,73.0,9490,html_scrape
2026-07-17 06:13,2026-07-24,NBO→KIS,17:10,18:10,60,Jambojet,0,76.0,9880,html_scrape
2026-07-17 06:13,2026-07-24,NBO→KIS,17:20,18:10,50,Unknown,0,86.0,11180,html_scrape
2026-07-17 06:13,2026-07-24,NBO→KIS,09:20,10:20,60,Jambojet,0,88.0,11440,html_scrape
2026-07-17 06:13,2026-07-24,NBO→KIS,06:30,07:30,60,Jambojet,0,76.0,9880,html_scrape
2026-07-17 06:13,2026-07-24,NBO→KIS,18:00,18:50,50,Safarilink,0,105.0,13650,html_scrape
2026-07-17 06:13,2026-07-24,NBO→KIS,06:00,07:00,60,Jambojet,0,73.0,9490,html_scrape
2026-07-17 06:13,2026-07-24,NBO→KIS,19:20,20:10,50,Safarilink,0,105.0,13650,html_scrape
2026-07-17 06:13,2026-07-24,NBO→KIS,06:50,07:40,50,Safarilink,0,105.0,13650,html_scrape
2026-07-17 06:13,2026-07-17,NBO→EDL,12:10,13:10,60,Jambojet,0,65.0,8450,html_scrape
2026-07-17 06:13,2026-07-17,NBO→EDL,09:30,10:30,60,Jambojet,0,65.0,8450,html_scrape
2026-07-17 06:13,2026-07-18,NBO→EDL,16:30,10:30,1080,Jambojet,2,312.0,40560,html_scrape
2026-07-17 06:14,2026-07-19,NBO→EDL,06:05,13:20,1875,Jambojet,2,210.0,27300,html_scrape
2026-07-17 06:14,2026-07-20,NBO→EDL,06:05,12:00,355,Unknown,1,353.0,45890,html_scrape
2026-07-17 06:14,2026-07-20,NBO→EDL,21:10,12:00,890,Unknown,1,314.0,40820,html_scrape
2026-07-17 06:14,2026-07-20,NBO→EDL,19:20,12:00,1000,Unknown,1,322.0,41860,html_scrape
2026-07-17 06:14,2026-07-21,NBO→EDL,08:25,12:00,215,Unknown,1,399.0,51870,html_scrape
2026-07-17 06:14,2026-07-21,NBO→EDL,06:00,12:00,360,Unknown,1,372.0,48360,html_scrape
2026-07-17 06:14,2026-07-21,NBO→EDL,21:10,10:30,800,Jambojet,2,210.0,27300,html_scrape
2026-07-17 06:14,2026-07-22,NBO→EDL,06:05,12:00,355,Unknown,1,338.0,43940,html_scrape
2026-07-17 06:15,2026-07-24,NBO→EDL,17:00,17:40,40,Unknown,0,57.0,7410,html_scrape
2026-07-17 06:15,2026-07-24,NBO→EDL,12:20,13:20,60,Jambojet,0,65.0,8450,html_scrape
2026-07-17 06:15,2026-07-24,NBO→EDL,16:00,17:00,60,Jambojet,0,65.0,8450,html_scrape
2026-07-17 06:15,2026-07-24,NBO→EDL,18:30,19:30,60,Jambojet,0,65.0,8450,html_scrape
2026-07-17 06:15,2026-07-24,NBO→EDL,09:30,10:30,60,Jambojet,0,65.0,8450,html_scrape
2026-07-17 06:15,2026-07-24,NBO→EDL,06:20,07:20,60,Jambojet,0,65.0,8450,html_scrape
2026-07-17 06:15,2026-07-24,NBO→EDL,08:25,12:00,215,Unknown,1,347.0,45110,html_scrape
2026-07-17 06:15,2026-07-24,NBO→EDL,06:05,12:00,355,Unknown,1,325.0,42250,html_scrape
2026-07-17 06:15,2026-07-24,NBO→EDL,16:00,07:20,920,Unknown,2,220.0,28600,html_scrape
2026-07-17 17:04,2026-07-17,NBO→MBA,19:00,20:15,75,Jambojet,0,64.0,8320,html_scrape
2026-07-17 17:04,2026-07-17,NBO→MBA,19:20,20:35,75,Jambojet,0,64.0,8320,html_scrape
2026-07-17 17:04,2026-07-18,NBO→MBA,19:25,20:25,60,Unknown,0,99.0,12870,html_scrape
2026-07-17 17:04,2026-07-18,NBO→MBA,14:00,15:10,70,Safarilink,0,121.0,15730,html_scrape
2026-07-17 17:04,2026-07-18,NBO→MBA,14:45,15:50,65,Safarilink,0,121.0,15730,html_scrape
2026-07-17 17:04,2026-07-18,NBO→MBA,12:30,13:30,60,Unknown,0,125.0,16250,html_scrape
2026-07-17 17:04,2026-07-18,NBO→MBA,08:00,09:00,60,Unknown,0,113.0,14690,html_scrape
2026-07-17 17:04,2026-07-18,NBO→MBA,06:45,07:55,70,Safarilink,0,121.0,15730,html_scrape
2026-07-17 17:04,2026-07-18,NBO→MBA,23:59,00:59,60,Unknown,0,113.0,14690,html_scrape
2026-07-17 17:04,2026-07-19,NBO→MBA,19:00,20:15,75,Jambojet,0,80.0,10400,html_scrape
2026-07-17 17:04,2026-07-19,NBO→MBA,19:20,20:35,75,Jambojet,0,80.0,10400,html_scrape
2026-07-17 17:04,2026-07-19,NBO→MBA,21:10,22:25,75,Jambojet,0,80.0,10400,html_scrape
2026-07-17 17:04,2026-07-19,NBO→MBA,09:40,10:55,75,Jambojet,0,95.0,12350,html_scrape
2026-07-17 17:04,2026-07-19,NBO→MBA,08:25,09:40,75,Jambojet,0,95.0,12350,html_scrape
2026-07-17 17:04,2026-07-19,NBO→MBA,14:45,15:50,65,Safarilink,0,121.0,15730,html_scrape
2026-07-17 17:04,2026-07-19,NBO→MBA,14:00,15:10,70,Safarilink,0,121.0,15730,html_scrape
2026-07-17 17:04,2026-07-19,NBO→MBA,17:30,18:45,75,Jambojet,0,141.0,18330,html_scrape
2026-07-17 17:04,2026-07-20,NBO→MBA,19:20,20:35,75,Jambojet,0,76.0,9880,html_scrape
2026-07-17 17:04,2026-07-20,NBO→MBA,13:35,14:50,75,Jambojet,0,111.0,14430,html_scrape
2026-07-17 17:04,2026-07-20,NBO→MBA,06:05,07:20,75,Jambojet,0,111.0,14430,html_scrape
2026-07-17 17:04,2026-07-20,NBO→MBA,06:45,07:55,70,Safarilink,0,121.0,15730,html_scrape
2026-07-17 17:05,2026-07-21,NBO→MBA,17:05,18:20,75,Jambojet,0,76.0,9880,html_scrape
2026-07-17 17:05,2026-07-21,NBO→MBA,12:00,13:00,60,Unknown,0,90.0,11700,html_scrape
2026-07-17 17:05,2026-07-21,NBO→MBA,21:10,22:25,75,Jambojet,0,73.0,9490,html_scrape
2026-07-17 17:05,2026-07-21,NBO→MBA,13:30,14:45,75,Jambojet,0,111.0,14430,html_scrape
2026-07-17 17:05,2026-07-22,NBO→MBA,19:00,20:15,75,Jambojet,0,73.0,9490,html_scrape
2026-07-17 17:05,2026-07-22,NBO→MBA,17:30,18:45,75,Jambojet,0,119.0,15470,html_scrape
2026-07-17 17:05,2026-07-22,NBO→MBA,08:25,09:40,75,Jambojet,0,111.0,14430,html_scrape
2026-07-17 17:05,2026-07-23,NBO→MBA,13:30,14:45,75,Jambojet,0,91.0,11830,html_scrape
2026-07-17 17:05,2026-07-23,NBO→MBA,06:00,07:15,75,Jambojet,0,88.0,11440,html_scrape
2026-07-17 17:05,2026-07-24,NBO→MBA,12:00,13:00,60,Unknown,0,57.0,7410,html_scrape
2026-07-17 17:05,2026-07-24,NBO→MBA,16:00,17:00,60,Unknown,0,57.0,7410,html_scrape
2026-07-17 17:05,2026-07-24,NBO→MBA,21:10,22:25,75,Jambojet,0,73.0,9490,html_scrape
2026-07-17 17:05,2026-07-24,NBO→MBA,13:00,14:00,60,Unknown,0,99.0,12870,html_scrape
2026-07-17 17:06,2026-07-17,NBO→KIS,16:10,17:00,50,Unknown,0,185.0,24050,html_scrape
2026-07-17 17:06,2026-07-18,NBO→KIS,07:00,07:50,50,Unknown,0,151.0,19630,html_scrape
2026-07-17 17:06,2026-07-18,NBO→KIS,16:10,17:00,50,Unknown,0,185.0,24050,html_scrape
2026-07-17 17:06,2026-07-18,NBO→KIS,21:10,12:55,945,Jambojet,1,213.0,27690,html_scrape
2026-07-17 17:06,2026-07-18,NBO→KIS,19:20,10:10,890,Jambojet,2,221.0,28730,html_scrape
2026-07-17 17:06,2026-07-18,NBO→KIS,21:10,10:10,780,Jambojet,2,222.0,28860,html_scrape
2026-07-17 17:06,2026-07-19,NBO→KIS,15:30,16:30,60,Jambojet,0,91.0,11830,html_scrape
2026-07-17 17:06,2026-07-19,NBO→KIS,11:55,12:45,50,Unknown,0,134.0,17420,html_scrape
2026-07-17 17:06,2026-07-20,NBO→KIS,09:20,10:20,60,Jambojet,0,99.0,12870,html_scrape
2026-07-17 17:06,2026-07-20,NBO→KIS,06:00,07:00,60,Jambojet,0,80.0,10400,html_scrape
2026-07-17 17:06,2026-07-20,NBO→KIS,06:30,07:30,60,Jambojet,0,91.0,11830,html_scrape
2026-07-17 17:06,2026-07-20,NBO→KIS,16:50,17:40,50,Unknown,0,146.0,18980,html_scrape
2026-07-17 17:06,2026-07-21,NBO→KIS,15:30,16:30,60,Jambojet,0,73.0,9490,html_scrape
2026-07-17 17:06,2026-07-21,NBO→KIS,12:50,13:50,60,Jambojet,0,76.0,9880,html_scrape
2026-07-17 17:06,2026-07-21,NBO→KIS,09:20,10:20,60,Jambojet,0,76.0,9880,html_scrape
2026-07-17 17:07,2026-07-22,NBO→KIS,12:50,13:50,60,Jambojet,0,76.0,9880,html_scrape
2026-07-17 17:07,2026-07-22,NBO→KIS,08:00,08:50,50,Unknown,0,87.0,11310,html_scrape
2026-07-17 17:07,2026-07-22,NBO→KIS,06:30,07:30,60,Jambojet,0,73.0,9490,html_scrape
2026-07-17 17:07,2026-07-22,NBO→KIS,06:00,07:00,60,Jambojet,0,68.0,8840,html_scrape
2026-07-17 17:07,2026-07-23,NBO→KIS,15:30,16:30,60,Jambojet,0,73.0,9490,html_scrape
2026-07-17 17:07,2026-07-23,NBO→KIS,18:00,19:00,60,Jambojet,0,73.0,9490,html_scrape
2026-07-17 17:07,2026-07-23,NBO→KIS,11:45,12:35,50,Unknown,0,122.0,15860,html_scrape
2026-07-17 17:07,2026-07-24,NBO→KIS,12:50,13:50,60,Jambojet,0,76.0,9880,html_scrape
2026-07-17 17:07,2026-07-24,NBO→KIS,15:30,16:30,60,Jambojet,0,76.0,9880,html_scrape
2026-07-17 17:07,2026-07-17,NBO→EDL,18:30,19:30,60,Jambojet,0,65.0,8450,html_scrape
2026-07-17 17:08,2026-07-19,NBO→EDL,21:10,12:00,890,Unknown,1,349.0,45370,html_scrape
2026-07-17 17:08,2026-07-20,NBO→EDL,08:25,12:00,215,Unknown,1,417.0,54210,html_scrape
2026-07-17 17:08,2026-07-20,NBO→EDL,06:05,12:00,355,Unknown,1,373.0,48490,html_scrape
2026-07-17 17:08,2026-07-21,NBO→EDL,08:25,12:00,215,Unknown,1,381.0,49530,html_scrape
2026-07-17 17:08,2026-07-21,NBO→EDL,21:10,12:00,890,Unknown,1,297.0,38610,html_scrape
2026-07-17 17:08,2026-07-21,NBO→EDL,19:20,12:00,1000,Unknown,1,305.0,39650,html_scrape
2026-07-17 17:09,2026-07-22,NBO→EDL,08:25,12:00,215,Unknown,1,347.0,45110,html_scrape
2026-07-17 17:09,2026-07-23,NBO→EDL,06:00,12:00,360,Unknown,1,325.0,42250,html_scrape
2026-07-17 17:09,2026-07-24,NBO→EDL,08:25,12:00,215,Unknown,1,355.0,46150,html_scrape
2026-07-17 17:09,2026-07-24,NBO→EDL,06:05,12:00,355,Unknown,1,327.0,42510,html_scrape
2026-07-17 17:09,2026-07-24,NBO→EDL,16:00,07:20,920,Unknown,2,199.0,25870,html_scrape
2026-07-18 05:59,2026-07-18,NBO→MBA,19:25,20:25,60,Unknown,0,119.0,15470,html_scrape
2026-07-18 05:59,2026-07-18,NBO→MBA,15:55,16:55,60,Unknown,0,197.0,25610,html_scrape
2026-07-18 05:59,2026-07-19,NBO→MBA,18:15,19:30,75,Jambojet,0,84.0,10920,html_scrape
2026-07-18 05:59,2026-07-19,NBO→MBA,09:40,10:55,75,Jambojet,0,102.0,13260,html_scrape
2026-07-18 05:59,2026-07-19,NBO→MBA,08:25,09:40,75,Jambojet,0,99.0,12870,html_scrape
2026-07-18 05:59,2026-07-19,NBO→MBA,13:35,14:50,75,Jambojet,0,134.0,17420,html_scrape
2026-07-18 05:59,2026-07-20,NBO→MBA,18:15,19:30,75,Jambojet,0,76.0,9880,html_scrape
2026-07-18 05:59,2026-07-22,NBO→MBA,21:10,22:25,75,Jambojet,0,64.0,8320,html_scrape
2026-07-18 05:59,2026-07-22,NBO→MBA,18:15,19:30,75,Jambojet,0,84.0,10920,html_scrape
2026-07-18 05:59,2026-07-22,NBO→MBA,19:10,20:10,60,Unknown,0,114.0,14820,html_scrape
2026-07-18 06:00,2026-07-25,NBO→MBA,19:00,20:15,75,Jambojet,0,65.0,8450,html_scrape
2026-07-18 06:00,2026-07-25,NBO→MBA,19:20,20:35,75,Jambojet,0,65.0,8450,html_scrape
2026-07-18 06:00,2026-07-25,NBO→MBA,17:30,18:45,75,Jambojet,0,73.0,9490,html_scrape
2026-07-18 06:00,2026-07-25,NBO→MBA,12:00,13:00,60,Unknown,0,90.0,11700,html_scrape
2026-07-18 06:00,2026-07-25,NBO→MBA,21:10,22:25,75,Jambojet,0,65.0,8450,html_scrape
2026-07-18 06:00,2026-07-25,NBO→MBA,16:30,17:45,75,Jambojet,0,80.0,10400,html_scrape
2026-07-18 06:00,2026-07-25,NBO→MBA,13:30,14:45,75,Jambojet,0,95.0,12350,html_scrape
2026-07-18 06:00,2026-07-25,NBO→MBA,19:10,20:10,60,Unknown,0,93.0,12090,html_scrape
2026-07-18 06:00,2026-07-25,NBO→MBA,08:25,09:40,75,Jambojet,0,95.0,12350,html_scrape
2026-07-18 06:00,2026-07-25,NBO→MBA,08:00,09:00,60,Unknown,0,99.0,12870,html_scrape
2026-07-18 06:00,2026-07-18,NBO→KIS,16:10,17:00,50,Unknown,0,197.0,25610,html_scrape
2026-07-18 06:01,2026-07-19,NBO→KIS,09:10,10:10,60,Jambojet,0,84.0,10920,html_scrape
2026-07-18 06:01,2026-07-19,NBO→KIS,06:50,07:40,50,Safarilink,0,105.0,13650,html_scrape
2026-07-18 06:01,2026-07-20,NBO→KIS,17:10,18:10,60,Jambojet,0,76.0,9880,html_scrape
2026-07-18 06:01,2026-07-20,NBO→KIS,09:20,10:20,60,Jambojet,0,111.0,14430,html_scrape
2026-07-18 06:01,2026-07-20,NBO→KIS,06:00,07:00,60,Jambojet,0,88.0,11440,html_scrape
2026-07-18 06:01,2026-07-20,NBO→KIS,16:50,17:40,50,Unknown,0,134.0,17420,html_scrape
2026-07-18 06:01,2026-07-21,NBO→KIS,06:00,07:00,60,Jambojet,0,73.0,9490,html_scrape
2026-07-18 06:01,2026-07-22,NBO→KIS,09:20,10:20,60,Jambojet,0,73.0,9490,html_scrape
2026-07-18 06:01,2026-07-22,NBO→KIS,08:00,08:50,50,Unknown,0,99.0,12870,html_scrape
2026-07-18 06:01,2026-07-23,NBO→KIS,09:20,10:20,60,Jambojet,0,76.0,9880,html_scrape
2026-07-18 06:02,2026-07-25,NBO→KIS,17:05,18:05,60,Jambojet,0,73.0,9490,html_scrape
2026-07-18 06:02,2026-07-25,NBO→KIS,18:00,19:00,60,Jambojet,0,73.0,9490,html_scrape
2026-07-18 06:02,2026-07-25,NBO→KIS,12:50,13:50,60,Jambojet,0,84.0,10920,html_scrape
2026-07-18 06:02,2026-07-25,NBO→KIS,16:45,17:35,50,Unknown,0,86.0,11180,html_scrape
2026-07-18 06:02,2026-07-25,NBO→KIS,09:20,10:20,60,Jambojet,0,88.0,11440,html_scrape
2026-07-18 06:02,2026-07-25,NBO→KIS,06:30,07:30,60,Jambojet,0,76.0,9880,html_scrape
2026-07-18 06:02,2026-07-25,NBO→KIS,18:00,18:50,50,Safarilink,0,105.0,13650,html_scrape
2026-07-18 06:02,2026-07-25,NBO→KIS,06:00,07:00,60,Jambojet,0,80.0,10400,html_scrape
2026-07-18 06:02,2026-07-25,NBO→KIS,19:20,20:10,50,Safarilink,0,105.0,13650,html_scrape
2026-07-18 06:02,2026-07-25,NBO→KIS,06:50,07:40,50,Safarilink,0,105.0,13650,html_scrape
2026-07-18 06:02,2026-07-18,NBO→EDL,16:10,17:10,60,Jambojet,0,65.0,8450,html_scrape
2026-07-18 06:02,2026-07-18,NBO→EDL,18:30,19:30,60,Jambojet,0,65.0,8450,html_scrape
2026-07-18 06:02,2026-07-19,NBO→EDL,06:05,12:00,355,Jambojet,1,222.0,28860,html_scrape
2026-07-18 06:02,2026-07-19,NBO→EDL,21:10,12:00,890,Jambojet,1,214.0,27820,html_scrape
2026-07-18 06:02,2026-07-19,NBO→EDL,23:59,12:00,721,Jambojet,1,253.0,32890,html_scrape
2026-07-18 06:03,2026-07-20,NBO→EDL,06:05,12:00,355,Jambojet,1,245.0,31850,html_scrape
2026-07-18 06:03,2026-07-20,NBO→EDL,23:59,12:00,721,Jambojet,1,214.0,27820,html_scrape
2026-07-18 06:03,2026-07-20,NBO→EDL,21:10,10:30,800,Jambojet,2,215.0,27950,html_scrape
2026-07-18 06:03,2026-07-21,NBO→EDL,07:00,12:00,300,Jambojet,1,252.0,32760,html_scrape
2026-07-18 06:03,2026-07-21,NBO→EDL,12:00,19:30,450,Unknown,2,231.0,30030,html_scrape
2026-07-18 06:04,2026-07-25,NBO→EDL,17:00,17:40,40,Unknown,0,57.0,7410,html_scrape
2026-07-18 06:04,2026-07-25,NBO→EDL,12:20,13:20,60,Jambojet,0,65.0,8450,html_scrape
2026-07-18 06:04,2026-07-25,NBO→EDL,09:30,10:30,60,Jambojet,0,65.0,8450,html_scrape
2026-07-18 06:04,2026-07-25,NBO→EDL,16:00,17:00,60,Jambojet,0,65.0,8450,html_scrape
2026-07-18 06:04,2026-07-25,NBO→EDL,19:10,20:10,60,Jambojet,0,65.0,8450,html_scrape
2026-07-18 06:04,2026-07-25,NBO→EDL,07:20,08:20,60,Jambojet,0,65.0,8450,html_scrape
2026-07-18 06:04,2026-07-25,NBO→EDL,06:20,07:20,60,Jambojet,0,65.0,8450,html_scrape
2026-07-18 06:04,2026-07-25,NBO→EDL,08:25,12:00,215,Unknown,1,362.0,47060,html_scrape
2026-07-18 06:04,2026-07-25,NBO→EDL,06:00,12:00,360,Unknown,1,340.0,44200,html_scrape
2026-07-18 06:04,2026-07-25,NBO→EDL,21:10,12:00,890,Unknown,1,321.0,41730,html_scrape
2026-07-18 16:48,2026-07-18,NBO→MBA,19:20,20:35,75,Jambojet,0,73.0,9490,html_scrape
2026-07-18 16:48,2026-07-18,NBO→MBA,21:10,22:25,75,Jambojet,0,73.0,9490,html_scrape
2026-07-18 16:48,2026-07-18,NBO→MBA,19:00,20:15,75,Jambojet,0,73.0,9490,html_scrape
2026-07-18 16:48,2026-07-19,NBO→MBA,19:00,20:15,75,Jambojet,0,73.0,9490,html_scrape
2026-07-18 16:48,2026-07-19,NBO→MBA,19:20,20:35,75,Jambojet,0,73.0,9490,html_scrape
2026-07-18 16:48,2026-07-19,NBO→MBA,21:10,22:25,75,Jambojet,0,73.0,9490,html_scrape
2026-07-18 16:48,2026-07-19,NBO→MBA,17:30,18:45,75,Jambojet,0,99.0,12870,html_scrape
2026-07-18 16:48,2026-07-19,NBO→MBA,13:35,14:50,75,Jambojet,0,126.0,16380,html_scrape
2026-07-18 16:48,2026-07-19,NBO→MBA,06:45,07:55,70,Safarilink,0,121.0,15730,html_scrape
2026-07-18 16:48,2026-07-19,NBO→MBA,21:20,22:20,60,Unknown,0,137.0,17810,html_scrape
2026-07-18 16:48,2026-07-20,NBO→MBA,17:30,18:45,75,Jambojet,0,91.0,11830,html_scrape
2026-07-18 16:48,2026-07-20,NBO→MBA,08:25,09:40,75,Jambojet,0,141.0,18330,html_scrape
2026-07-18 16:48,2026-07-21,NBO→MBA,19:20,20:35,75,Jambojet,0,76.0,9880,html_scrape
2026-07-18 16:48,2026-07-21,NBO→MBA,12:00,13:00,60,Unknown,0,101.0,13130,html_scrape
2026-07-18 16:49,2026-07-22,NBO→MBA,19:10,20:10,60,Unknown,0,94.0,12220,html_scrape
2026-07-18 16:49,2026-07-23,NBO→MBA,12:00,13:00,60,Unknown,0,65.0,8450,html_scrape
2026-07-18 16:49,2026-07-23,NBO→MBA,19:00,20:15,75,Jambojet,0,76.0,9880,html_scrape
2026-07-18 16:49,2026-07-23,NBO→MBA,21:10,22:25,75,Jambojet,0,68.0,8840,html_scrape
2026-07-18 16:49,2026-07-23,NBO→MBA,13:30,14:45,75,Jambojet,0,99.0,12870,html_scrape
2026-07-18 16:49,2026-07-23,NBO→MBA,06:00,07:15,75,Jambojet,0,91.0,11830,html_scrape
2026-07-18 16:49,2026-07-24,NBO→MBA,16:00,17:00,60,Unknown,0,65.0,8450,html_scrape
2026-07-18 16:49,2026-07-24,NBO→MBA,17:30,18:45,75,Jambojet,0,95.0,12350,html_scrape
2026-07-18 16:49,2026-07-24,NBO→MBA,21:10,22:25,75,Jambojet,0,80.0,10400,html_scrape
2026-07-18 16:49,2026-07-24,NBO→MBA,14:00,15:10,70,Safarilink,0,121.0,15730,html_scrape
2026-07-18 16:49,2026-07-25,NBO→MBA,13:30,14:45,75,Jambojet,0,102.0,13260,html_scrape
2026-07-18 16:49,2026-07-25,NBO→MBA,14:45,15:50,65,Safarilink,0,121.0,15730,html_scrape
2026-07-18 16:50,2026-07-19,NBO→KIS,17:20,18:10,50,Unknown,0,122.0,15860,html_scrape
2026-07-18 16:50,2026-07-19,NBO→KIS,11:55,12:45,50,Unknown,0,151.0,19630,html_scrape
2026-07-18 16:50,2026-07-20,NBO→KIS,15:30,16:30,60,Jambojet,0,76.0,9880,html_scrape
2026-07-18 16:50,2026-07-20,NBO→KIS,17:10,18:10,60,Jambojet,0,80.0,10400,html_scrape
2026-07-18 16:50,2026-07-20,NBO→KIS,13:10,14:10,60,Jambojet,0,95.0,12350,html_scrape
2026-07-18 16:50,2026-07-20,NBO→KIS,06:00,07:00,60,Jambojet,0,95.0,12350,html_scrape
2026-07-18 16:50,2026-07-20,NBO→KIS,09:20,10:20,60,Jambojet,0,134.0,17420,html_scrape
2026-07-18 16:50,2026-07-21,NBO→KIS,18:50,19:50,60,Jambojet,0,73.0,9490,html_scrape
2026-07-18 16:50,2026-07-21,NBO→KIS,09:20,10:20,60,Jambojet,0,80.0,10400,html_scrape
2026-07-18 16:50,2026-07-21,NBO→KIS,06:30,07:30,60,Jambojet,0,76.0,9880,html_scrape
2026-07-18 16:50,2026-07-22,NBO→KIS,17:10,18:10,60,Jambojet,0,68.0,8840,html_scrape
2026-07-18 16:50,2026-07-22,NBO→KIS,09:20,10:20,60,Jambojet,0,76.0,9880,html_scrape
2026-07-18 16:51,2026-07-23,NBO→KIS,06:00,07:00,60,Jambojet,0,68.0,8840,html_scrape
2026-07-18 16:51,2026-07-23,NBO→KIS,06:50,07:40,50,Safarilink,0,105.0,13650,html_scrape
2026-07-18 16:51,2026-07-24,NBO→KIS,06:00,07:00,60,Jambojet,0,76.0,9880,html_scrape
2026-07-18 16:52,2026-07-19,NBO→EDL,21:10,12:00,890,Jambojet,1,207.0,26910,html_scrape
2026-07-18 16:52,2026-07-19,NBO→EDL,21:10,10:30,800,Jambojet,2,215.0,27950,html_scrape
2026-07-18 16:52,2026-07-20,NBO→EDL,21:10,12:00,890,Unknown,1,331.0,43030,html_scrape
2026-07-18 16:52,2026-07-21,NBO→EDL,12:00,19:30,450,Unknown,2,243.0,31590,html_scrape
2026-07-18 16:52,2026-07-21,NBO→EDL,06:00,12:00,360,Unknown,1,364.0,47320,html_scrape
2026-07-18 16:52,2026-07-23,NBO→EDL,08:25,12:00,215,Unknown,1,355.0,46150,html_scrape
2026-07-18 16:52,2026-07-23,NBO→EDL,06:00,12:00,360,Unknown,1,327.0,42510,html_scrape
2026-07-18 16:52,2026-07-23,NBO→EDL,21:10,10:30,800,Jambojet,2,210.0,27300,html_scrape
2026-07-18 16:53,2026-07-24,NBO→EDL,06:05,12:00,355,Unknown,1,347.0,45110,html_scrape
2026-07-18 16:53,2026-07-24,NBO→EDL,12:00,07:20,1160,Unknown,2,199.0,25870,html_scrape
2026-07-18 16:53,2026-07-25,NBO→EDL,08:25,12:00,215,Unknown,1,390.0,50700,html_scrape
2026-07-18 16:53,2026-07-25,NBO→EDL,06:00,12:00,360,Unknown,1,382.0,49660,html_scrape
2026-07-19 06:24,2026-07-19,NBO→MBA,20:20,21:20,60,Unknown,0,197.0,25610,html_scrape
2026-07-19 06:24,2026-07-19,NBO→MBA,23:59,00:59,60,Unknown,0,197.0,25610,html_scrape
2026-07-19 06:25,2026-07-20,NBO→MBA,17:30,18:45,75,Jambojet,0,88.0,11440,html_scrape
2026-07-19 06:25,2026-07-20,NBO→MBA,21:10,22:25,75,Jambojet,0,80.0,10400,html_scrape
2026-07-19 06:25,2026-07-20,NBO→MBA,13:35,14:50,75,Jambojet,0,119.0,15470,html_scrape
2026-07-19 06:25,2026-07-20,NBO→MBA,09:40,10:55,75,Jambojet,0,148.0,19240,html_scrape
2026-07-19 06:25,2026-07-21,NBO→MBA,13:30,14:45,75,Jambojet,0,95.0,12350,html_scrape
2026-07-19 06:25,2026-07-21,NBO→MBA,20:00,21:00,60,Unknown,0,94.0,12220,html_scrape
2026-07-19 06:25,2026-07-22,NBO→MBA,19:20,20:35,75,Jambojet,0,68.0,8840,html_scrape
2026-07-19 06:25,2026-07-22,NBO→MBA,08:25,09:40,75,Jambojet,0,119.0,15470,html_scrape
2026-07-19 06:25,2026-07-23,NBO→MBA,19:20,20:35,75,Jambojet,0,76.0,9880,html_scrape
2026-07-19 06:25,2026-07-24,NBO→MBA,12:00,13:00,60,Unknown,0,65.0,8450,html_scrape
2026-07-19 06:25,2026-07-24,NBO→MBA,19:00,20:15,75,Jambojet,0,73.0,9490,html_scrape
2026-07-19 06:25,2026-07-24,NBO→MBA,19:20,20:35,75,Jambojet,0,73.0,9490,html_scrape
2026-07-19 06:26,2026-07-25,NBO→MBA,16:05,17:05,60,Unknown,0,119.0,15470,html_scrape
2026-07-19 06:26,2026-07-26,NBO→MBA,19:00,20:15,75,Jambojet,0,65.0,8450,html_scrape
2026-07-19 06:26,2026-07-26,NBO→MBA,19:20,20:35,75,Jambojet,0,65.0,8450,html_scrape
2026-07-19 06:26,2026-07-26,NBO→MBA,12:00,13:00,60,Unknown,0,78.0,10140,html_scrape
2026-07-19 06:26,2026-07-26,NBO→MBA,16:00,17:00,60,Unknown,0,78.0,10140,html_scrape
2026-07-19 06:26,2026-07-26,NBO→MBA,21:10,22:25,75,Jambojet,0,65.0,8450,html_scrape
2026-07-19 06:26,2026-07-26,NBO→MBA,17:30,18:45,75,Jambojet,0,88.0,11440,html_scrape
2026-07-19 06:26,2026-07-26,NBO→MBA,18:15,19:30,75,Jambojet,0,88.0,11440,html_scrape
2026-07-19 06:26,2026-07-26,NBO→MBA,19:10,20:10,60,Unknown,0,93.0,12090,html_scrape
2026-07-19 06:26,2026-07-26,NBO→MBA,13:35,14:50,75,Jambojet,0,102.0,13260,html_scrape
2026-07-19 06:26,2026-07-26,NBO→MBA,09:40,10:55,75,Jambojet,0,95.0,12350,html_scrape
2026-07-19 06:26,2026-07-19,NBO→KIS,17:20,18:10,50,Unknown,0,127.0,16510,html_scrape
2026-07-19 06:26,2026-07-20,NBO→KIS,06:30,07:30,60,Jambojet,0,111.0,14430,html_scrape
2026-07-19 06:26,2026-07-20,NBO→KIS,06:00,07:00,60,Jambojet,0,111.0,14430,html_scrape
2026-07-19 06:26,2026-07-20,NBO→KIS,06:50,07:40,50,Safarilink,0,120.0,15600,html_scrape
2026-07-19 06:27,2026-07-23,NBO→KIS,15:30,16:30,60,Jambojet,0,76.0,9880,html_scrape
2026-07-19 06:27,2026-07-26,NBO→KIS,15:30,16:30,60,Jambojet,0,80.0,10400,html_scrape
2026-07-19 06:27,2026-07-26,NBO→KIS,11:45,12:35,50,Unknown,0,86.0,11180,html_scrape
2026-07-19 06:27,2026-07-26,NBO→KIS,09:10,10:10,60,Jambojet,0,73.0,9490,html_scrape
2026-07-19 06:27,2026-07-26,NBO→KIS,06:30,07:30,60,Jambojet,0,56.0,7280,html_scrape
2026-07-19 06:27,2026-07-26,NBO→KIS,17:10,18:10,60,Jambojet,0,80.0,10400,html_scrape
2026-07-19 06:27,2026-07-26,NBO→KIS,17:20,18:10,50,Unknown,0,86.0,11180,html_scrape
2026-07-19 06:27,2026-07-26,NBO→KIS,12:50,13:50,60,Jambojet,0,88.0,11440,html_scrape
2026-07-19 06:27,2026-07-26,NBO→KIS,06:00,07:00,60,Jambojet,0,56.0,7280,html_scrape
2026-07-19 06:27,2026-07-26,NBO→KIS,18:00,18:50,50,Safarilink,0,105.0,13650,html_scrape
2026-07-19 06:27,2026-07-26,NBO→KIS,19:20,20:10,50,Safarilink,0,105.0,13650,html_scrape
2026-07-19 06:28,2026-07-19,NBO→EDL,06:20,07:20,60,Jambojet,0,65.0,8450,html_scrape
2026-07-19 06:28,2026-07-20,NBO→EDL,06:20,07:20,60,Jambojet,0,84.0,10920,html_scrape
2026-07-19 06:28,2026-07-20,NBO→EDL,06:05,12:00,355,Jambojet,1,290.0,37700,html_scrape
2026-07-19 06:28,2026-07-20,NBO→EDL,17:30,07:20,830,Jambojet,2,332.0,43160,html_scrape
2026-07-19 06:28,2026-07-21,NBO→EDL,06:00,12:00,360,Jambojet,1,237.0,30810,html_scrape
2026-07-19 06:28,2026-07-21,NBO→EDL,08:25,12:00,215,Unknown,1,388.0,50440,html_scrape
2026-07-19 06:28,2026-07-21,NBO→EDL,08:00,19:30,690,Unknown,2,229.0,29770,html_scrape
2026-07-19 06:28,2026-07-22,NBO→EDL,19:00,12:00,1020,Unknown,1,297.0,38610,html_scrape
2026-07-19 06:29,2026-07-24,NBO→EDL,16:00,07:20,920,Unknown,2,207.0,26910,html_scrape
2026-07-19 06:29,2026-07-26,NBO→EDL,17:00,17:40,40,Unknown,0,57.0,7410,html_scrape
2026-07-19 06:29,2026-07-26,NBO→EDL,12:10,13:10,60,Jambojet,0,73.0,9490,html_scrape
2026-07-19 06:29,2026-07-26,NBO→EDL,16:00,17:00,60,Jambojet,0,73.0,9490,html_scrape
2026-07-19 06:29,2026-07-26,NBO→EDL,18:30,19:30,60,Jambojet,0,73.0,9490,html_scrape
2026-07-19 06:29,2026-07-26,NBO→EDL,09:30,10:30,60,Jambojet,0,73.0,9490,html_scrape
2026-07-19 06:29,2026-07-26,NBO→EDL,21:10,12:00,890,Unknown,1,286.0,37180,html_scrape
2026-07-19 06:29,2026-07-26,NBO→EDL,19:00,12:00,1020,Unknown,1,286.0,37180,html_scrape
2026-07-19 06:29,2026-07-26,NBO→EDL,19:20,12:00,1000,Unknown,1,286.0,37180,html_scrape
2026-07-19 06:29,2026-07-26,NBO→EDL,18:15,12:00,1065,Unknown,1,314.0,40820,html_scrape
2026-07-19 06:29,2026-07-26,NBO→EDL,17:30,12:00,1110,Unknown,1,314.0,40820,html_scrape
2026-07-19 16:49,2026-07-19,NBO→MBA,19:20,20:35,75,Jambojet,0,76.0,9880,html_scrape
2026-07-19 16:49,2026-07-20,NBO→MBA,19:20,20:35,75,Jambojet,0,84.0,10920,html_scrape
2026-07-19 16:49,2026-07-20,NBO→MBA,21:10,22:25,75,Jambojet,0,84.0,10920,html_scrape
2026-07-19 16:49,2026-07-20,NBO→MBA,14:00,15:10,70,Safarilink,0,152.0,19760,html_scrape
2026-07-19 16:49,2026-07-20,NBO→MBA,14:45,15:50,65,Safarilink,0,152.0,19760,html_scrape
2026-07-19 16:49,2026-07-20,NBO→MBA,15:50,16:50,60,Unknown,0,166.0,21580,html_scrape
2026-07-19 16:49,2026-07-20,NBO→MBA,13:00,14:00,60,Unknown,0,192.0,24960,html_scrape
2026-07-19 16:49,2026-07-20,NBO→MBA,17:00,18:00,60,Unknown,0,192.0,24960,html_scrape
2026-07-19 16:49,2026-07-20,NBO→MBA,17:00,00:59,479,Unknown,2,183.0,23790,html_scrape
2026-07-19 16:49,2026-07-21,NBO→MBA,17:05,18:20,75,Jambojet,0,84.0,10920,html_scrape
2026-07-19 16:49,2026-07-21,NBO→MBA,09:35,10:50,75,Jambojet,0,111.0,14430,html_scrape
2026-07-19 16:50,2026-07-23,NBO→MBA,12:00,13:00,60,Unknown,0,78.0,10140,html_scrape
2026-07-19 16:50,2026-07-23,NBO→MBA,21:10,22:25,75,Jambojet,0,73.0,9490,html_scrape
2026-07-19 16:50,2026-07-24,NBO→MBA,12:00,13:00,60,Unknown,0,78.0,10140,html_scrape
2026-07-19 16:50,2026-07-25,NBO→MBA,06:00,07:15,75,Jambojet,0,80.0,10400,html_scrape
2026-07-19 16:51,2026-07-26,NBO→MBA,12:00,13:00,60,Unknown,0,90.0,11700,html_scrape
2026-07-19 16:51,2026-07-26,NBO→MBA,17:00,18:00,60,Unknown,0,99.0,12870,html_scrape
2026-07-19 16:51,2026-07-19,NBO→KIS,06:00,07:00,60,Jambojet,0,68.0,8840,html_scrape
2026-07-19 16:51,2026-07-19,NBO→KIS,06:30,07:30,60,Jambojet,0,68.0,8840,html_scrape
2026-07-19 16:51,2026-07-19,NBO→KIS,18:00,19:00,60,Jambojet,0,73.0,9490,html_scrape
2026-07-19 16:51,2026-07-21,NBO→KIS,16:40,17:30,50,Unknown,0,99.0,12870,html_scrape
2026-07-19 16:52,2026-07-25,NBO→KIS,12:50,13:50,60,Jambojet,0,88.0,11440,html_scrape
2026-07-19 16:52,2026-07-26,NBO→KIS,06:30,07:30,60,Jambojet,0,64.0,8320,html_scrape
2026-07-19 16:53,2026-07-19,NBO→EDL,15:50,16:50,60,Jambojet,0,65.0,8450,html_scrape
2026-07-19 16:53,2026-07-19,NBO→EDL,12:20,13:20,60,Jambojet,0,65.0,8450,html_scrape
2026-07-19 16:53,2026-07-20,NBO→EDL,17:00,07:20,860,Unknown,2,430.0,55900,html_scrape
2026-07-19 16:53,2026-07-21,NBO→EDL,21:10,12:00,890,Unknown,1,305.0,39650,html_scrape
2026-07-19 16:53,2026-07-22,NBO→EDL,06:05,12:00,355,Unknown,1,355.0,46150,html_scrape
2026-07-19 16:53,2026-07-22,NBO→EDL,19:00,12:00,1020,Unknown,1,305.0,39650,html_scrape
2026-07-19 16:54,2026-07-23,NBO→EDL,08:25,12:00,215,Unknown,1,373.0,48490,html_scrape
2026-07-19 16:54,2026-07-23,NBO→EDL,06:00,12:00,360,Unknown,1,338.0,43940,html_scrape
2026-07-19 16:54,2026-07-23,NBO→EDL,19:20,10:30,910,Jambojet,2,215.0,27950,html_scrape
2026-07-19 16:54,2026-07-25,NBO→EDL,08:25,12:00,215,Unknown,1,399.0,51870,html_scrape
2026-07-19 16:54,2026-07-25,NBO→EDL,06:00,12:00,360,Unknown,1,349.0,45370,html_scrape
2026-07-19 16:54,2026-07-26,NBO→EDL,19:00,12:00,1020,Unknown,1,297.0,38610,html_scrape
2026-07-20 06:40,2026-07-20,NBO→MBA,14:45,15:50,65,Safarilink,0,193.0,25090,html_scrape
2026-07-20 06:40,2026-07-20,NBO→MBA,17:00,18:00,60,Unknown,0,219.0,28470,html_scrape
2026-07-20 06:40,2026-07-20,NBO→MBA,23:59,00:59,60,Unknown,0,192.0,24960,html_scrape
2026-07-20 06:40,2026-07-21,NBO→MBA,19:20,20:35,75,Jambojet,0,80.0,10400,html_scrape
2026-07-20 06:40,2026-07-21,NBO→MBA,14:00,15:10,70,Safarilink,0,121.0,15730,html_scrape
2026-07-20 06:40,2026-07-22,NBO→MBA,19:20,20:35,75,Jambojet,0,73.0,9490,html_scrape
2026-07-20 06:40,2026-07-23,NBO→MBA,13:30,14:45,75,Jambojet,0,111.0,14430,html_scrape
2026-07-20 06:41,2026-07-25,NBO→MBA,16:30,17:45,75,Jambojet,0,88.0,11440,html_scrape
2026-07-20 06:41,2026-07-26,NBO→MBA,20:50,21:50,60,Unknown,0,93.0,12090,html_scrape
2026-07-20 06:41,2026-07-27,NBO→MBA,18:15,19:30,75,Jambojet,0,73.0,9490,html_scrape
2026-07-20 06:41,2026-07-27,NBO→MBA,19:20,20:35,75,Jambojet,0,73.0,9490,html_scrape
2026-07-20 06:41,2026-07-27,NBO→MBA,21:10,22:25,75,Jambojet,0,65.0,8450,html_scrape
2026-07-20 06:41,2026-07-27,NBO→MBA,15:00,16:00,60,Unknown,0,88.0,11440,html_scrape
2026-07-20 06:41,2026-07-27,NBO→MBA,12:00,13:00,60,Unknown,0,90.0,11700,html_scrape
2026-07-20 06:41,2026-07-27,NBO→MBA,17:00,18:00,60,Unknown,0,88.0,11440,html_scrape
2026-07-20 06:41,2026-07-27,NBO→MBA,17:30,18:45,75,Jambojet,0,88.0,11440,html_scrape
2026-07-20 06:41,2026-07-27,NBO→MBA,19:10,20:10,60,Unknown,0,88.0,11440,html_scrape
2026-07-20 06:41,2026-07-27,NBO→MBA,07:00,08:00,60,Unknown,0,78.0,10140,html_scrape
2026-07-20 06:41,2026-07-27,NBO→MBA,13:35,14:50,75,Jambojet,0,102.0,13260,html_scrape
2026-07-20 06:41,2026-07-20,NBO→KIS,16:50,17:40,50,Unknown,0,180.0,23400,html_scrape
2026-07-20 06:42,2026-07-21,NBO→KIS,12:50,13:50,60,Jambojet,0,80.0,10400,html_scrape
2026-07-20 06:42,2026-07-21,NBO→KIS,18:50,19:50,60,Jambojet,0,76.0,9880,html_scrape
2026-07-20 06:42,2026-07-21,NBO→KIS,06:00,07:00,60,Jambojet,0,76.0,9880,html_scrape
2026-07-20 06:42,2026-07-22,NBO→KIS,17:20,18:10,50,Unknown,0,87.0,11310,html_scrape
2026-07-20 06:42,2026-07-22,NBO→KIS,06:00,07:00,60,Jambojet,0,73.0,9490,html_scrape
2026-07-20 06:42,2026-07-22,NBO→KIS,08:00,08:50,50,Unknown,0,117.0,15210,html_scrape
2026-07-20 06:42,2026-07-23,NBO→KIS,12:50,13:50,60,Jambojet,0,76.0,9880,html_scrape
2026-07-20 06:42,2026-07-24,NBO→KIS,12:50,13:50,60,Jambojet,0,80.0,10400,html_scrape
2026-07-20 06:42,2026-07-24,NBO→KIS,09:20,10:20,60,Jambojet,0,91.0,11830,html_scrape
2026-07-20 06:42,2026-07-24,NBO→KIS,17:20,18:10,50,Unknown,0,104.0,13520,html_scrape
2026-07-20 06:42,2026-07-25,NBO→KIS,09:20,10:20,60,Jambojet,0,91.0,11830,html_scrape
2026-07-20 06:42,2026-07-25,NBO→KIS,06:30,07:30,60,Jambojet,0,80.0,10400,html_scrape
2026-07-20 06:43,2026-07-27,NBO→KIS,15:30,16:30,60,Jambojet,0,65.0,8450,html_scrape
2026-07-20 06:43,2026-07-27,NBO→KIS,17:10,18:10,60,Jambojet,0,65.0,8450,html_scrape
2026-07-20 06:43,2026-07-27,NBO→KIS,13:10,14:10,60,Jambojet,0,73.0,9490,html_scrape
2026-07-20 06:43,2026-07-27,NBO→KIS,09:20,10:20,60,Jambojet,0,68.0,8840,html_scrape
2026-07-20 06:43,2026-07-27,NBO→KIS,17:20,18:10,50,Unknown,0,81.0,10530,html_scrape
2026-07-20 06:43,2026-07-27,NBO→KIS,06:30,07:30,60,Jambojet,0,65.0,8450,html_scrape
2026-07-20 06:43,2026-07-27,NBO→KIS,06:00,07:00,60,Jambojet,0,65.0,8450,html_scrape
2026-07-20 06:43,2026-07-27,NBO→KIS,18:00,18:50,50,Safarilink,0,105.0,13650,html_scrape
2026-07-20 06:43,2026-07-27,NBO→KIS,07:00,07:50,50,Unknown,0,81.0,10530,html_scrape
2026-07-20 06:43,2026-07-27,NBO→KIS,19:20,20:10,50,Safarilink,0,105.0,13650,html_scrape
2026-07-20 06:43,2026-07-20,NBO→EDL,15:50,16:50,60,Jambojet,0,65.0,8450,html_scrape
2026-07-20 06:43,2026-07-21,NBO→EDL,06:00,12:00,360,Jambojet,1,245.0,31850,html_scrape
2026-07-20 06:44,2026-07-22,NBO→EDL,19:20,12:00,1000,Unknown,1,305.0,39650,html_scrape
2026-07-20 06:44,2026-07-22,NBO→EDL,18:15,12:00,1065,Unknown,1,314.0,40820,html_scrape
2026-07-20 06:44,2026-07-23,NBO→EDL,08:25,12:00,215,Unknown,1,382.0,49660,html_scrape
2026-07-20 06:44,2026-07-23,NBO→EDL,09:45,17:40,475,Unknown,2,344.0,44720,html_scrape
2026-07-20 06:44,2026-07-24,NBO→EDL,07:00,12:00,300,Unknown,1,290.0,37700,html_scrape
2026-07-20 06:44,2026-07-24,NBO→EDL,08:25,12:00,215,Unknown,1,363.0,47190,html_scrape
2026-07-20 06:44,2026-07-24,NBO→EDL,06:05,12:00,355,Unknown,1,355.0,46150,html_scrape
2026-07-20 06:44,2026-07-24,NBO→EDL,21:10,12:00,890,Unknown,1,340.0,44200,html_scrape
2026-07-20 06:45,2026-07-26,NBO→EDL,19:20,12:00,1000,Unknown,1,297.0,38610,html_scrape
2026-07-20 06:45,2026-07-26,NBO→EDL,17:30,12:00,1110,Unknown,1,325.0,42250,html_scrape
2026-07-20 06:45,2026-07-27,NBO→EDL,17:00,17:40,40,Unknown,0,57.0,7410,html_scrape
2026-07-20 06:45,2026-07-27,NBO→EDL,12:20,13:20,60,Jambojet,0,73.0,9490,html_scrape
2026-07-20 06:45,2026-07-27,NBO→EDL,16:10,17:10,60,Jambojet,0,73.0,9490,html_scrape
2026-07-20 06:45,2026-07-27,NBO→EDL,09:30,10:30,60,Jambojet,0,73.0,9490,html_scrape
2026-07-20 06:45,2026-07-27,NBO→EDL,18:30,19:30,60,Jambojet,0,73.0,9490,html_scrape
2026-07-20 06:45,2026-07-27,NBO→EDL,06:20,07:20,60,Jambojet,0,88.0,11440,html_scrape
2026-07-20 06:45,2026-07-27,NBO→EDL,08:25,12:00,215,Unknown,1,347.0,45110,html_scrape
2026-07-20 06:45,2026-07-27,NBO→EDL,06:05,12:00,355,Unknown,1,325.0,42250,html_scrape
2026-07-20 06:45,2026-07-27,NBO→EDL,23:59,12:00,721,Unknown,1,263.0,34190,html_scrape
2026-07-20 06:45,2026-07-27,NBO→EDL,21:10,12:00,890,Unknown,1,294.0,38220,html_scrape
2026-07-20 17:28,2026-07-20,NBO→MBA,08:00,09:00,60,Unknown,0,88.0,11440,html_scrape
2026-07-20 17:28,2026-07-20,NBO→MBA,13:00,14:00,60,Unknown,0,88.0,11440,html_scrape
2026-07-20 17:28,2026-07-21,NBO→MBA,21:10,22:25,75,Jambojet,0,88.0,11440,html_scrape
2026-07-20 17:28,2026-07-21,NBO→MBA,06:45,07:55,70,Safarilink,0,121.0,15730,html_scrape
2026-07-20 17:28,2026-07-21,NBO→MBA,20:00,21:00,60,Unknown,0,151.0,19630,html_scrape
2026-07-20 17:28,2026-07-21,NBO→MBA,23:59,00:59,60,Unknown,0,120.0,15600,html_scrape
2026-07-20 17:28,2026-07-21,NBO→MBA,09:45,20:35,650,Jambojet,2,293.0,38090,html_scrape
2026-07-20 17:28,2026-07-22,NBO→MBA,19:20,20:35,75,Jambojet,0,80.0,10400,html_scrape
2026-07-20 17:28,2026-07-22,NBO→MBA,19:00,20:15,75,Jambojet,0,84.0,10920,html_scrape
2026-07-20 17:28,2026-07-22,NBO→MBA,21:10,22:25,75,Jambojet,0,76.0,9880,html_scrape
2026-07-20 17:28,2026-07-22,NBO→MBA,18:15,19:30,75,Jambojet,0,95.0,12350,html_scrape
2026-07-20 17:28,2026-07-22,NBO→MBA,06:45,07:55,70,Safarilink,0,121.0,15730,html_scrape
2026-07-20 17:28,2026-07-22,NBO→MBA,23:59,00:59,60,Unknown,0,108.0,14040,html_scrape
2026-07-20 17:28,2026-07-22,NBO→MBA,08:25,09:40,75,Jambojet,0,134.0,17420,html_scrape
2026-07-20 17:28,2026-07-22,NBO→MBA,17:30,18:45,75,Jambojet,0,148.0,19240,html_scrape
2026-07-20 17:28,2026-07-23,NBO→MBA,17:05,18:20,75,Jambojet,0,84.0,10920,html_scrape
2026-07-20 17:28,2026-07-23,NBO→MBA,17:30,18:45,75,Jambojet,0,84.0,10920,html_scrape
2026-07-20 17:28,2026-07-23,NBO→MBA,19:00,20:15,75,Jambojet,0,80.0,10400,html_scrape
2026-07-20 17:28,2026-07-23,NBO→MBA,19:20,20:35,75,Jambojet,0,80.0,10400,html_scrape
2026-07-20 17:28,2026-07-23,NBO→MBA,21:10,22:25,75,Jambojet,0,76.0,9880,html_scrape
2026-07-20 17:28,2026-07-23,NBO→MBA,12:00,13:00,60,Unknown,0,126.0,16380,html_scrape
2026-07-20 17:28,2026-07-24,NBO→MBA,18:15,19:30,75,Jambojet,0,88.0,11440,html_scrape
2026-07-20 17:28,2026-07-24,NBO→MBA,19:00,20:15,75,Jambojet,0,88.0,11440,html_scrape
2026-07-20 17:28,2026-07-24,NBO→MBA,19:20,20:35,75,Jambojet,0,88.0,11440,html_scrape
2026-07-20 17:28,2026-07-24,NBO→MBA,12:00,13:00,60,Unknown,0,114.0,14820,html_scrape
2026-07-20 17:29,2026-07-25,NBO→MBA,12:00,13:00,60,Unknown,0,57.0,7410,html_scrape
2026-07-20 17:29,2026-07-25,NBO→MBA,17:30,18:45,75,Jambojet,0,80.0,10400,html_scrape
2026-07-20 17:29,2026-07-25,NBO→MBA,08:25,09:40,75,Jambojet,0,102.0,13260,html_scrape
2026-07-20 17:29,2026-07-26,NBO→MBA,12:00,13:00,60,Unknown,0,57.0,7410,html_scrape
2026-07-20 17:29,2026-07-26,NBO→MBA,16:00,17:00,60,Unknown,0,57.0,7410,html_scrape
2026-07-20 17:29,2026-07-26,NBO→MBA,08:25,09:40,75,Jambojet,0,95.0,12350,html_scrape
2026-07-20 17:29,2026-07-27,NBO→MBA,12:00,13:00,60,Unknown,0,57.0,7410,html_scrape
2026-07-20 17:29,2026-07-27,NBO→MBA,07:00,08:00,60,Unknown,0,57.0,7410,html_scrape
2026-07-20 17:29,2026-07-27,NBO→MBA,13:00,14:00,60,Unknown,0,114.0,14820,html_scrape
2026-07-20 17:29,2026-07-20,NBO→KIS,16:40,17:30,50,Unknown,0,117.0,15210,html_scrape
2026-07-20 17:30,2026-07-21,NBO→KIS,16:40,17:30,50,Unknown,0,117.0,15210,html_scrape
2026-07-20 17:30,2026-07-21,NBO→KIS,08:00,19:50,710,Unknown,2,244.0,31720,html_scrape
2026-07-20 17:30,2026-07-21,NBO→KIS,13:00,07:00,1080,Unknown,2,244.0,31720,html_scrape
2026-07-20 17:30,2026-07-22,NBO→KIS,15:30,16:30,60,Jambojet,0,73.0,9490,html_scrape
2026-07-20 17:30,2026-07-22,NBO→KIS,17:10,18:10,60,Jambojet,0,76.0,9880,html_scrape
2026-07-20 17:30,2026-07-22,NBO→KIS,12:50,13:50,60,Jambojet,0,91.0,11830,html_scrape
2026-07-20 17:30,2026-07-22,NBO→KIS,09:20,10:20,60,Jambojet,0,88.0,11440,html_scrape
2026-07-20 17:30,2026-07-22,NBO→KIS,06:30,07:30,60,Jambojet,0,76.0,9880,html_scrape
2026-07-20 17:30,2026-07-22,NBO→KIS,17:20,18:10,50,Unknown,0,117.0,15210,html_scrape
2026-07-20 17:30,2026-07-22,NBO→KIS,06:50,07:40,50,Safarilink,0,105.0,13650,html_scrape
2026-07-20 17:30,2026-07-23,NBO→KIS,16:05,16:55,50,Unknown,0,87.0,11310,html_scrape
2026-07-20 17:30,2026-07-23,NBO→KIS,18:00,19:00,60,Jambojet,0,80.0,10400,html_scrape
2026-07-20 17:30,2026-07-23,NBO→KIS,06:30,07:30,60,Jambojet,0,73.0,9490,html_scrape
2026-07-20 17:30,2026-07-23,NBO→KIS,09:20,10:20,60,Jambojet,0,95.0,12350,html_scrape
2026-07-20 17:30,2026-07-23,NBO→KIS,06:00,07:00,60,Jambojet,0,73.0,9490,html_scrape
2026-07-20 17:30,2026-07-24,NBO→KIS,15:30,16:30,60,Jambojet,0,80.0,10400,html_scrape
2026-07-20 17:30,2026-07-24,NBO→KIS,12:50,13:50,60,Jambojet,0,84.0,10920,html_scrape
2026-07-20 17:30,2026-07-24,NBO→KIS,17:10,18:10,60,Jambojet,0,88.0,11440,html_scrape
2026-07-20 17:30,2026-07-24,NBO→KIS,09:20,10:20,60,Jambojet,0,95.0,12350,html_scrape
2026-07-20 17:30,2026-07-24,NBO→KIS,17:20,18:10,50,Unknown,0,109.0,14170,html_scrape
2026-07-20 17:30,2026-07-24,NBO→KIS,06:30,07:30,60,Jambojet,0,80.0,10400,html_scrape
2026-07-20 17:30,2026-07-25,NBO→KIS,18:00,19:00,60,Jambojet,0,76.0,9880,html_scrape
2026-07-20 17:30,2026-07-25,NBO→KIS,12:50,13:50,60,Jambojet,0,95.0,12350,html_scrape
2026-07-20 17:30,2026-07-25,NBO→KIS,09:20,10:20,60,Jambojet,0,99.0,12870,html_scrape
2026-07-20 17:31,2026-07-26,NBO→KIS,15:30,16:30,60,Jambojet,0,88.0,11440,html_scrape
2026-07-20 17:31,2026-07-26,NBO→KIS,09:10,10:10,60,Jambojet,0,80.0,10400,html_scrape
2026-07-20 17:31,2026-07-26,NBO→KIS,17:10,18:10,60,Jambojet,0,88.0,11440,html_scrape
2026-07-20 17:31,2026-07-27,NBO→KIS,13:10,14:10,60,Jambojet,0,76.0,9880,html_scrape
2026-07-20 17:31,2026-07-20,NBO→EDL,18:30,19:30,60,Unknown,0,115.0,14950,html_scrape
2026-07-20 17:31,2026-07-20,NBO→EDL,21:10,12:00,890,Unknown,1,322.0,41860,html_scrape
2026-07-20 17:32,2026-07-22,NBO→EDL,21:10,12:00,890,Unknown,1,322.0,41860,html_scrape
2026-07-20 17:32,2026-07-22,NBO→EDL,19:20,12:00,1000,Unknown,1,322.0,41860,html_scrape
2026-07-20 17:32,2026-07-22,NBO→EDL,19:00,12:00,1020,Unknown,1,331.0,43030,html_scrape
2026-07-20 17:32,2026-07-22,NBO→EDL,18:15,12:00,1065,Unknown,1,355.0,46150,html_scrape
2026-07-20 17:32,2026-07-23,NBO→EDL,08:25,12:00,215,Unknown,1,399.0,51870,html_scrape
2026-07-20 17:32,2026-07-23,NBO→EDL,06:00,12:00,360,Unknown,1,372.0,48360,html_scrape
2026-07-20 17:32,2026-07-24,NBO→EDL,08:25,12:00,215,Unknown,1,390.0,50700,html_scrape
2026-07-20 17:32,2026-07-24,NBO→EDL,06:05,12:00,355,Unknown,1,372.0,48360,html_scrape
2026-07-20 17:32,2026-07-26,NBO→EDL,21:10,12:00,890,Unknown,1,297.0,38610,html_scrape
2026-07-20 17:32,2026-07-26,NBO→EDL,18:15,12:00,1065,Unknown,1,325.0,42250,html_scrape
2026-07-21 06:23,2026-07-21,NBO→MBA,23:59,00:59,60,Unknown,0,114.0,14820,html_scrape
2026-07-21 06:23,2026-07-21,NBO→MBA,20:00,21:00,60,Unknown,0,187.0,24310,html_scrape
2026-07-21 06:23,2026-07-22,NBO→MBA,19:00,20:15,75,Jambojet,0,80.0,10400,html_scrape
2026-07-21 06:23,2026-07-22,NBO→MBA,19:20,20:35,75,Jambojet,0,84.0,10920,html_scrape
2026-07-21 06:23,2026-07-22,NBO→MBA,21:10,22:25,75,Jambojet,0,80.0,10400,html_scrape
2026-07-21 06:23,2026-07-22,NBO→MBA,18:15,19:30,75,Jambojet,0,99.0,12870,html_scrape
2026-07-21 06:23,2026-07-22,NBO→MBA,19:10,20:10,60,Unknown,0,151.0,19630,html_scrape
2026-07-21 06:23,2026-07-23,NBO→MBA,23:59,00:59,60,Unknown,0,94.0,12220,html_scrape
2026-07-21 06:23,2026-07-24,NBO→MBA,17:30,18:45,75,Jambojet,0,102.0,13260,html_scrape
2026-07-21 06:23,2026-07-24,NBO→MBA,21:10,22:25,75,Jambojet,0,88.0,11440,html_scrape
2026-07-21 06:24,2026-07-25,NBO→MBA,19:00,20:15,75,Jambojet,0,73.0,9490,html_scrape
2026-07-21 06:24,2026-07-26,NBO→MBA,17:30,18:45,75,Jambojet,0,80.0,10400,html_scrape
2026-07-21 06:24,2026-07-26,NBO→MBA,09:40,10:55,75,Jambojet,0,102.0,13260,html_scrape
2026-07-21 06:24,2026-07-28,NBO→MBA,18:15,19:30,75,Jambojet,0,65.0,8450,html_scrape
2026-07-21 06:24,2026-07-28,NBO→MBA,19:20,20:35,75,Jambojet,0,65.0,8450,html_scrape
2026-07-21 06:24,2026-07-28,NBO→MBA,17:05,18:20,75,Jambojet,0,73.0,9490,html_scrape
2026-07-21 06:24,2026-07-28,NBO→MBA,17:30,18:45,75,Jambojet,0,73.0,9490,html_scrape
2026-07-21 06:24,2026-07-28,NBO→MBA,21:10,22:25,75,Jambojet,0,65.0,8450,html_scrape
2026-07-21 06:24,2026-07-28,NBO→MBA,12:00,13:00,60,Unknown,0,90.0,11700,html_scrape
2026-07-21 06:24,2026-07-28,NBO→MBA,13:30,14:45,75,Jambojet,0,95.0,12350,html_scrape
2026-07-21 06:24,2026-07-28,NBO→MBA,19:10,20:10,60,Unknown,0,94.0,12220,html_scrape
2026-07-21 06:24,2026-07-28,NBO→MBA,08:25,09:40,75,Jambojet,0,88.0,11440,html_scrape
2026-07-21 06:24,2026-07-28,NBO→MBA,06:00,07:15,75,Jambojet,0,73.0,9490,html_scrape
2026-07-21 06:25,2026-07-21,NBO→KIS,16:40,17:30,50,Unknown,0,134.0,17420,html_scrape
2026-07-21 06:25,2026-07-22,NBO→KIS,09:20,10:20,60,Jambojet,0,84.0,10920,html_scrape
2026-07-21 06:25,2026-07-22,NBO→KIS,12:50,13:50,60,Jambojet,0,88.0,11440,html_scrape
2026-07-21 06:25,2026-07-22,NBO→KIS,06:00,07:00,60,Jambojet,0,76.0,9880,html_scrape
2026-07-21 06:25,2026-07-22,NBO→KIS,06:30,07:30,60,Jambojet,0,80.0,10400,html_scrape
2026-07-21 06:25,2026-07-22,NBO→KIS,17:20,18:10,50,Unknown,0,104.0,13520,html_scrape
2026-07-21 06:25,2026-07-23,NBO→KIS,06:30,07:30,60,Jambojet,0,76.0,9880,html_scrape
2026-07-21 06:25,2026-07-24,NBO→KIS,09:20,10:20,60,Jambojet,0,99.0,12870,html_scrape
2026-07-21 06:26,2026-07-25,NBO→KIS,06:00,07:00,60,Jambojet,0,84.0,10920,html_scrape
2026-07-21 06:26,2026-07-27,NBO→KIS,09:20,10:20,60,Jambojet,0,73.0,9490,html_scrape
2026-07-21 06:26,2026-07-28,NBO→KIS,12:50,13:50,60,Jambojet,0,65.0,8450,html_scrape
2026-07-21 06:26,2026-07-28,NBO→KIS,15:30,16:30,60,Jambojet,0,65.0,8450,html_scrape
2026-07-21 06:26,2026-07-28,NBO→KIS,18:50,19:50,60,Jambojet,0,65.0,8450,html_scrape
2026-07-21 06:26,2026-07-28,NBO→KIS,09:20,10:20,60,Jambojet,0,73.0,9490,html_scrape
2026-07-21 06:26,2026-07-28,NBO→KIS,16:40,17:30,50,Unknown,0,81.0,10530,html_scrape
2026-07-21 06:26,2026-07-28,NBO→KIS,06:30,07:30,60,Jambojet,0,65.0,8450,html_scrape
2026-07-21 06:26,2026-07-28,NBO→KIS,06:00,07:00,60,Jambojet,0,68.0,8840,html_scrape
2026-07-21 06:26,2026-07-28,NBO→KIS,18:00,18:50,50,Safarilink,0,105.0,13650,html_scrape
2026-07-21 06:26,2026-07-28,NBO→KIS,19:20,20:10,50,Safarilink,0,105.0,13650,html_scrape
2026-07-21 06:26,2026-07-28,NBO→KIS,06:50,07:40,50,Safarilink,0,105.0,13650,html_scrape
2026-07-21 06:27,2026-07-21,NBO→EDL,07:20,08:20,60,Jambojet,0,65.0,8450,html_scrape
2026-07-21 06:27,2026-07-22,NBO→EDL,12:30,12:00,1410,Jambojet,3,568.0,73840,html_scrape
2026-07-21 06:27,2026-07-23,NBO→EDL,17:00,17:40,40,Unknown,0,61.0,7930,html_scrape
2026-07-21 06:27,2026-07-23,NBO→EDL,09:45,17:40,475,Unknown,2,341.0,44330,html_scrape
2026-07-21 06:27,2026-07-23,NBO→EDL,21:10,12:00,890,Unknown,1,322.0,41860,html_scrape
2026-07-21 06:27,2026-07-23,NBO→EDL,09:45,19:30,585,Jambojet,2,349.0,45370,html_scrape
2026-07-21 06:27,2026-07-25,NBO→EDL,21:10,19:30,1340,Jambojet,2,207.0,26910,html_scrape
2026-07-21 06:27,2026-07-25,NBO→EDL,19:20,19:30,1450,Jambojet,2,207.0,26910,html_scrape
2026-07-21 06:27,2026-07-25,NBO→EDL,19:00,19:30,1470,Jambojet,2,215.0,27950,html_scrape
2026-07-21 06:28,2026-07-26,NBO→EDL,16:00,13:20,1280,Unknown,2,199.0,25870,html_scrape
2026-07-21 06:28,2026-07-26,NBO→EDL,12:00,13:20,1520,Unknown,2,199.0,25870,html_scrape
2026-07-21 06:28,2026-07-27,NBO→EDL,06:20,07:20,60,Jambojet,0,95.0,12350,html_scrape
2026-07-21 06:28,2026-07-28,NBO→EDL,17:00,17:40,40,Unknown,0,57.0,7410,html_scrape
2026-07-21 06:28,2026-07-28,NBO→EDL,15:50,16:50,60,Jambojet,0,73.0,9490,html_scrape
2026-07-21 06:28,2026-07-28,NBO→EDL,12:20,13:20,60,Jambojet,0,76.0,9880,html_scrape
2026-07-21 06:28,2026-07-28,NBO→EDL,09:30,10:30,60,Jambojet,0,73.0,9490,html_scrape
2026-07-21 06:28,2026-07-28,NBO→EDL,18:30,19:30,60,Jambojet,0,73.0,9490,html_scrape
2026-07-21 06:28,2026-07-28,NBO→EDL,06:20,07:20,60,Jambojet,0,73.0,9490,html_scrape
2026-07-21 06:28,2026-07-28,NBO→EDL,08:25,12:00,215,Unknown,1,322.0,41860,html_scrape
2026-07-21 06:28,2026-07-28,NBO→EDL,06:00,12:00,360,Unknown,1,313.0,40690,html_scrape
2026-07-21 06:28,2026-07-28,NBO→EDL,21:10,12:00,890,Unknown,1,286.0,37180,html_scrape
2026-07-21 06:28,2026-07-28,NBO→EDL,19:20,12:00,1000,Unknown,1,286.0,37180,html_scrape
2026-07-21 17:08,2026-07-21,NBO→MBA,21:10,22:25,75,Jambojet,0,84.0,10920,html_scrape
2026-07-21 17:08,2026-07-21,NBO→MBA,19:20,20:35,75,Jambojet,0,111.0,14430,html_scrape
2026-07-21 17:08,2026-07-22,NBO→MBA,21:10,22:25,75,Jambojet,0,88.0,11440,html_scrape
2026-07-21 17:08,2026-07-22,NBO→MBA,19:20,20:35,75,Jambojet,0,102.0,13260,html_scrape
2026-07-21 17:08,2026-07-22,NBO→MBA,19:00,20:15,75,Jambojet,0,148.0,19240,html_scrape
2026-07-21 17:08,2026-07-22,NBO→MBA,23:59,00:59,60,Unknown,0,144.0,18720,html_scrape
2026-07-21 17:08,2026-07-22,NBO→MBA,19:10,20:10,60,Unknown,0,192.0,24960,html_scrape
2026-07-21 17:08,2026-07-22,NBO→MBA,06:30,07:30,60,Unknown,0,219.0,28470,html_scrape
2026-07-21 17:08,2026-07-22,NBO→MBA,16:00,00:59,539,Jambojet,2,191.0,24830,html_scrape
2026-07-21 17:09,2026-07-23,NBO→MBA,19:00,20:15,75,Jambojet,0,84.0,10920,html_scrape
2026-07-21 17:09,2026-07-23,NBO→MBA,19:20,20:35,75,Jambojet,0,84.0,10920,html_scrape
2026-07-21 17:09,2026-07-23,NBO→MBA,17:05,18:20,75,Jambojet,0,95.0,12350,html_scrape
2026-07-21 17:09,2026-07-23,NBO→MBA,21:10,22:25,75,Jambojet,0,80.0,10400,html_scrape
2026-07-21 17:09,2026-07-23,NBO→MBA,18:00,19:00,60,Unknown,0,101.0,13130,html_scrape
2026-07-21 17:09,2026-07-23,NBO→MBA,17:30,18:45,75,Jambojet,0,111.0,14430,html_scrape
2026-07-21 17:09,2026-07-23,NBO→MBA,13:30,14:45,75,Jambojet,0,126.0,16380,html_scrape
2026-07-21 17:09,2026-07-23,NBO→MBA,06:45,07:55,70,Safarilink,0,121.0,15730,html_scrape
2026-07-21 17:09,2026-07-24,NBO→MBA,18:00,19:00,60,Unknown,0,78.0,10140,html_scrape
2026-07-21 17:09,2026-07-24,NBO→MBA,18:15,19:30,75,Jambojet,0,95.0,12350,html_scrape
2026-07-21 17:09,2026-07-24,NBO→MBA,16:00,17:00,60,Unknown,0,101.0,13130,html_scrape
2026-07-21 17:09,2026-07-24,NBO→MBA,19:10,20:10,60,Unknown,0,99.0,12870,html_scrape
2026-07-21 17:09,2026-07-24,NBO→MBA,21:10,22:25,75,Jambojet,0,95.0,12350,html_scrape
2026-07-21 17:09,2026-07-25,NBO→MBA,18:00,19:00,60,Unknown,0,57.0,7410,html_scrape
2026-07-21 17:09,2026-07-25,NBO→MBA,12:00,13:00,60,Unknown,0,78.0,10140,html_scrape
2026-07-21 17:09,2026-07-25,NBO→MBA,10:00,11:00,60,Unknown,0,78.0,10140,html_scrape
2026-07-21 17:09,2026-07-25,NBO→MBA,12:55,14:10,75,Jambojet,0,80.0,10400,html_scrape
2026-07-21 17:09,2026-07-25,NBO→MBA,19:20,20:35,75,Jambojet,0,73.0,9490,html_scrape
2026-07-21 17:09,2026-07-25,NBO→MBA,08:30,09:30,60,Unknown,0,78.0,10140,html_scrape
2026-07-21 17:09,2026-07-26,NBO→MBA,18:00,19:00,60,Unknown,0,57.0,7410,html_scrape
2026-07-21 17:09,2026-07-26,NBO→MBA,12:00,13:00,60,Unknown,0,65.0,8450,html_scrape
2026-07-21 17:09,2026-07-26,NBO→MBA,08:30,09:30,60,Unknown,0,57.0,7410,html_scrape
2026-07-21 17:09,2026-07-26,NBO→MBA,19:20,20:35,75,Jambojet,0,73.0,9490,html_scrape
2026-07-21 17:09,2026-07-26,NBO→MBA,19:00,20:15,75,Jambojet,0,80.0,10400,html_scrape
2026-07-21 17:09,2026-07-26,NBO→MBA,21:10,22:25,75,Jambojet,0,73.0,9490,html_scrape
2026-07-21 17:09,2026-07-27,NBO→MBA,18:00,19:00,60,Unknown,0,65.0,8450,html_scrape
2026-07-21 17:09,2026-07-27,NBO→MBA,07:00,08:00,60,Unknown,0,65.0,8450,html_scrape
2026-07-21 17:09,2026-07-27,NBO→MBA,19:20,20:35,75,Jambojet,0,80.0,10400,html_scrape
2026-07-21 17:10,2026-07-28,NBO→MBA,12:00,13:00,60,Unknown,0,57.0,7410,html_scrape
2026-07-21 17:10,2026-07-28,NBO→MBA,18:00,19:00,60,Unknown,0,57.0,7410,html_scrape
2026-07-21 17:10,2026-07-28,NBO→MBA,18:15,19:30,75,Jambojet,0,73.0,9490,html_scrape
2026-07-21 17:10,2026-07-28,NBO→MBA,07:00,08:00,60,Unknown,0,65.0,8450,html_scrape
2026-07-21 17:10,2026-07-28,NBO→MBA,17:05,18:20,75,Jambojet,0,80.0,10400,html_scrape
2026-07-21 17:10,2026-07-28,NBO→MBA,19:10,20:10,60,Unknown,0,88.0,11440,html_scrape
2026-07-21 17:10,2026-07-21,NBO→KIS,06:00,07:00,60,Jambojet,0,91.0,11830,html_scrape
2026-07-21 17:10,2026-07-21,NBO→KIS,12:50,13:50,60,Jambojet,0,95.0,12350,html_scrape
2026-07-21 17:10,2026-07-21,NBO→KIS,15:30,16:30,60,Jambojet,0,95.0,12350,html_scrape
2026-07-21 17:10,2026-07-22,NBO→KIS,08:00,08:50,50,Unknown,0,129.0,16770,html_scrape
2026-07-21 17:10,2026-07-22,NBO→KIS,21:10,12:55,945,Jambojet,1,229.0,29770,html_scrape
2026-07-21 17:10,2026-07-22,NBO→KIS,23:59,12:55,776,Jambojet,1,249.0,32370,html_scrape
2026-07-21 17:10,2026-07-22,NBO→KIS,21:10,19:00,1310,Jambojet,2,245.0,31850,html_scrape
2026-07-21 17:10,2026-07-23,NBO→KIS,15:30,16:30,60,Jambojet,0,91.0,11830,html_scrape
2026-07-21 17:10,2026-07-23,NBO→KIS,16:05,16:55,50,Unknown,0,99.0,12870,html_scrape
2026-07-21 17:10,2026-07-23,NBO→KIS,06:30,07:30,60,Jambojet,0,80.0,10400,html_scrape
2026-07-21 17:10,2026-07-23,NBO→KIS,06:00,07:00,60,Jambojet,0,76.0,9880,html_scrape
2026-07-21 17:10,2026-07-23,NBO→KIS,12:50,13:50,60,Jambojet,0,111.0,14430,html_scrape
2026-07-21 17:10,2026-07-23,NBO→KIS,18:00,19:00,60,Jambojet,0,148.0,19240,html_scrape
2026-07-21 17:10,2026-07-23,NBO→KIS,09:20,10:20,60,Jambojet,0,148.0,19240,html_scrape
2026-07-21 17:11,2026-07-24,NBO→KIS,15:30,16:30,60,Jambojet,0,95.0,12350,html_scrape
2026-07-21 17:11,2026-07-24,NBO→KIS,12:50,13:50,60,Jambojet,0,95.0,12350,html_scrape
2026-07-21 17:11,2026-07-24,NBO→KIS,17:10,18:10,60,Jambojet,0,95.0,12350,html_scrape
2026-07-21 17:11,2026-07-24,NBO→KIS,09:20,10:20,60,Jambojet,0,102.0,13260,html_scrape
2026-07-21 17:11,2026-07-24,NBO→KIS,06:30,07:30,60,Jambojet,0,91.0,11830,html_scrape
2026-07-21 17:11,2026-07-24,NBO→KIS,17:20,18:10,50,Unknown,0,127.0,16510,html_scrape
2026-07-21 17:11,2026-07-24,NBO→KIS,06:00,07:00,60,Jambojet,0,95.0,12350,html_scrape
2026-07-21 17:11,2026-07-25,NBO→KIS,06:30,07:30,60,Jambojet,0,84.0,10920,html_scrape
2026-07-21 17:11,2026-07-25,NBO→KIS,06:00,07:00,60,Jambojet,0,88.0,11440,html_scrape
2026-07-21 17:11,2026-07-25,NBO→KIS,09:20,10:20,60,Jambojet,0,134.0,17420,html_scrape
2026-07-21 17:11,2026-07-28,NBO→KIS,12:50,13:50,60,Jambojet,0,68.0,8840,html_scrape
2026-07-21 17:12,2026-07-21,NBO→EDL,16:00,17:00,60,Jambojet,0,65.0,8450,html_scrape
2026-07-21 17:12,2026-07-23,NBO→EDL,09:45,17:40,475,Unknown,2,345.0,44850,html_scrape
2026-07-21 17:12,2026-07-23,NBO→EDL,21:10,12:00,890,Unknown,1,349.0,45370,html_scrape
2026-07-21 17:12,2026-07-23,NBO→EDL,09:45,12:00,1575,Unknown,3,606.0,78780,html_scrape
2026-07-21 17:12,2026-07-24,NBO→EDL,17:00,17:40,40,Unknown,0,61.0,7930,html_scrape
2026-07-21 17:12,2026-07-24,NBO→EDL,08:25,12:00,215,Unknown,1,417.0,54210,html_scrape
2026-07-21 17:12,2026-07-24,NBO→EDL,23:59,08:20,501,Unknown,2,233.0,30290,html_scrape
2026-07-21 17:12,2026-07-24,NBO→EDL,06:05,12:00,355,Unknown,1,417.0,54210,html_scrape
2026-07-21 17:13,2026-07-25,NBO→EDL,19:20,19:30,1450,Jambojet,2,215.0,27950,html_scrape
2026-07-21 17:13,2026-07-26,NBO→EDL,19:00,12:00,1020,Unknown,1,305.0,39650,html_scrape
2026-07-21 17:13,2026-07-27,NBO→EDL,09:30,10:30,60,Jambojet,0,76.0,9880,html_scrape
2026-07-21 17:13,2026-07-27,NBO→EDL,06:20,07:20,60,Jambojet,0,111.0,14430,html_scrape
2026-07-21 17:13,2026-07-27,NBO→EDL,06:05,12:00,355,Unknown,1,347.0,45110,html_scrape
2026-07-21 17:13,2026-07-27,NBO→EDL,21:10,12:00,890,Unknown,1,303.0,39390,html_scrape
2026-07-21 17:13,2026-07-28,NBO→EDL,12:20,13:20,60,Jambojet,0,80.0,10400,html_scrape
2026-07-21 17:13,2026-07-28,NBO→EDL,08:25,12:00,215,Unknown,1,342.0,44460,html_scrape
2026-07-21 17:13,2026-07-28,NBO→EDL,06:00,12:00,360,Unknown,1,331.0,43030,html_scrape
2026-07-21 17:13,2026-07-28,NBO→EDL,21:10,12:00,890,Unknown,1,297.0,38610,html_scrape
2026-07-21 17:13,2026-07-28,NBO→EDL,19:20,12:00,1000,Unknown,1,297.0,38610,html_scrape
2026-07-22 06:22,2026-07-22,NBO→MBA,14:45,15:50,65,Safarilink,0,152.0,19760,html_scrape
2026-07-22 06:22,2026-07-22,NBO→MBA,23:59,00:59,60,Unknown,0,151.0,19630,html_scrape
2026-07-22 06:23,2026-07-23,NBO→MBA,19:20,20:35,75,Jambojet,0,88.0,11440,html_scrape
2026-07-22 06:23,2026-07-23,NBO→MBA,19:00,20:15,75,Jambojet,0,91.0,11830,html_scrape
2026-07-22 06:23,2026-07-23,NBO→MBA,21:10,22:25,75,Jambojet,0,88.0,11440,html_scrape
2026-07-22 06:23,2026-07-23,NBO→MBA,17:30,18:45,75,Jambojet,0,141.0,18330,html_scrape
2026-07-22 06:23,2026-07-23,NBO→MBA,13:30,14:45,75,Jambojet,0,148.0,19240,html_scrape
2026-07-22 06:23,2026-07-23,NBO→MBA,17:05,18:20,75,Jambojet,0,148.0,19240,html_scrape
2026-07-22 06:23,2026-07-23,NBO→MBA,19:20,20:20,60,Unknown,0,151.0,19630,html_scrape
2026-07-22 06:23,2026-07-24,NBO→MBA,18:00,19:00,60,Unknown,0,90.0,11700,html_scrape
2026-07-22 06:23,2026-07-24,NBO→MBA,19:20,20:35,75,Jambojet,0,95.0,12350,html_scrape
2026-07-22 06:23,2026-07-25,NBO→MBA,16:30,17:45,75,Jambojet,0,95.0,12350,html_scrape
2026-07-22 06:23,2026-07-26,NBO→MBA,18:00,19:00,60,Unknown,0,65.0,8450,html_scrape
2026-07-22 06:23,2026-07-26,NBO→MBA,08:30,09:30,60,Unknown,0,65.0,8450,html_scrape
2026-07-22 06:24,2026-07-29,NBO→MBA,21:10,22:25,75,Jambojet,0,65.0,8450,html_scrape
2026-07-22 06:24,2026-07-29,NBO→MBA,19:20,20:35,75,Jambojet,0,73.0,9490,html_scrape
2026-07-22 06:24,2026-07-29,NBO→MBA,18:00,19:00,60,Unknown,0,90.0,11700,html_scrape
2026-07-22 06:24,2026-07-29,NBO→MBA,18:15,19:30,75,Jambojet,0,88.0,11440,html_scrape
2026-07-22 06:24,2026-07-29,NBO→MBA,19:00,20:15,75,Jambojet,0,88.0,11440,html_scrape
2026-07-22 06:24,2026-07-29,NBO→MBA,20:50,21:50,60,Unknown,0,88.0,11440,html_scrape
2026-07-22 06:24,2026-07-29,NBO→MBA,07:00,08:00,60,Unknown,0,90.0,11700,html_scrape
2026-07-22 06:24,2026-07-29,NBO→MBA,12:00,13:00,60,Unknown,0,114.0,14820,html_scrape
2026-07-22 06:24,2026-07-29,NBO→MBA,17:00,18:00,60,Unknown,0,114.0,14820,html_scrape
2026-07-22 06:24,2026-07-29,NBO→MBA,15:00,16:00,60,Unknown,0,120.0,15600,html_scrape
2026-07-22 06:24,2026-07-22,NBO→KIS,17:20,18:10,50,Unknown,0,129.0,16770,html_scrape
2026-07-22 06:24,2026-07-23,NBO→KIS,15:30,16:30,60,Jambojet,0,119.0,15470,html_scrape
2026-07-22 06:24,2026-07-23,NBO→KIS,12:50,13:50,60,Jambojet,0,134.0,17420,html_scrape
2026-07-22 06:24,2026-07-23,NBO→KIS,18:00,19:00,60,Jambojet,0,141.0,18330,html_scrape
2026-07-22 06:24,2026-07-23,NBO→KIS,11:45,12:35,50,Unknown,0,180.0,23400,html_scrape
2026-07-22 06:24,2026-07-23,NBO→KIS,06:00,12:55,415,Jambojet,1,289.0,37570,html_scrape
2026-07-22 06:25,2026-07-24,NBO→KIS,15:30,16:30,60,Jambojet,0,99.0,12870,html_scrape
2026-07-22 06:25,2026-07-24,NBO→KIS,12:50,13:50,60,Jambojet,0,99.0,12870,html_scrape
2026-07-22 06:25,2026-07-24,NBO→KIS,06:30,07:30,60,Jambojet,0,95.0,12350,html_scrape
2026-07-22 06:25,2026-07-25,NBO→KIS,12:50,13:50,60,Jambojet,0,99.0,12870,html_scrape
2026-07-22 06:25,2026-07-25,NBO→KIS,16:45,17:35,50,Unknown,0,104.0,13520,html_scrape
2026-07-22 06:25,2026-07-25,NBO→KIS,06:30,07:30,60,Jambojet,0,91.0,11830,html_scrape
2026-07-22 06:25,2026-07-25,NBO→KIS,06:00,07:00,60,Jambojet,0,91.0,11830,html_scrape
2026-07-22 06:25,2026-07-26,NBO→KIS,09:10,10:10,60,Jambojet,0,88.0,11440,html_scrape
2026-07-22 06:26,2026-07-29,NBO→KIS,15:30,16:30,60,Jambojet,0,65.0,8450,html_scrape
2026-07-22 06:26,2026-07-29,NBO→KIS,17:10,18:10,60,Jambojet,0,65.0,8450,html_scrape
2026-07-22 06:26,2026-07-29,NBO→KIS,09:20,10:20,60,Jambojet,0,65.0,8450,html_scrape
2026-07-22 06:26,2026-07-29,NBO→KIS,12:50,13:50,60,Jambojet,0,73.0,9490,html_scrape
2026-07-22 06:26,2026-07-29,NBO→KIS,17:20,18:10,50,Unknown,0,81.0,10530,html_scrape
2026-07-22 06:26,2026-07-29,NBO→KIS,08:00,08:50,50,Unknown,0,81.0,10530,html_scrape
2026-07-22 06:26,2026-07-29,NBO→KIS,06:30,07:30,60,Jambojet,0,68.0,8840,html_scrape
2026-07-22 06:26,2026-07-29,NBO→KIS,06:00,07:00,60,Jambojet,0,65.0,8450,html_scrape
2026-07-22 06:26,2026-07-29,NBO→KIS,18:00,18:50,50,Safarilink,0,105.0,13650,html_scrape
2026-07-22 06:26,2026-07-29,NBO→KIS,19:20,20:10,50,Safarilink,0,105.0,13650,html_scrape
2026-07-22 06:26,2026-07-22,NBO→EDL,17:00,17:40,40,Unknown,0,61.0,7930,html_scrape
2026-07-22 06:26,2026-07-23,NBO→EDL,06:00,12:00,360,Jambojet,1,275.0,35750,html_scrape
2026-07-22 06:26,2026-07-23,NBO→EDL,09:45,17:40,475,Jambojet,2,295.0,38350,html_scrape
2026-07-22 06:26,2026-07-23,NBO→EDL,09:45,19:30,585,Jambojet,2,296.0,38480,html_scrape
2026-07-22 06:26,2026-07-25,NBO→EDL,18:00,10:30,990,Unknown,2,199.0,25870,html_scrape
2026-07-22 06:27,2026-07-26,NBO→EDL,16:00,10:30,1110,Unknown,2,204.0,26520,html_scrape
2026-07-22 06:27,2026-07-26,NBO→EDL,18:00,13:20,1160,Unknown,2,207.0,26910,html_scrape
2026-07-22 06:27,2026-07-26,NBO→EDL,21:10,12:00,890,Unknown,1,305.0,39650,html_scrape
2026-07-22 06:27,2026-07-27,NBO→EDL,07:00,12:00,300,Jambojet,1,184.0,23920,html_scrape
2026-07-22 06:27,2026-07-27,NBO→EDL,08:25,12:00,215,Unknown,1,364.0,47320,html_scrape
2026-07-22 06:27,2026-07-27,NBO→EDL,07:00,17:10,610,Unknown,2,207.0,26910,html_scrape
2026-07-22 06:27,2026-07-28,NBO→EDL,09:45,17:40,475,Jambojet,2,276.0,35880,html_scrape
2026-07-22 06:27,2026-07-28,NBO→EDL,09:45,19:30,585,Jambojet,2,281.0,36530,html_scrape
2026-07-22 06:27,2026-07-29,NBO→EDL,17:00,17:40,40,Unknown,0,57.0,7410,html_scrape
2026-07-22 06:27,2026-07-29,NBO→EDL,12:20,13:20,60,Jambojet,0,73.0,9490,html_scrape
2026-07-22 06:27,2026-07-29,NBO→EDL,16:00,17:00,60,Jambojet,0,73.0,9490,html_scrape
2026-07-22 06:27,2026-07-29,NBO→EDL,09:30,10:30,60,Jambojet,0,73.0,9490,html_scrape
2026-07-22 06:27,2026-07-29,NBO→EDL,18:30,19:30,60,Jambojet,0,73.0,9490,html_scrape
2026-07-22 06:27,2026-07-29,NBO→EDL,06:20,07:20,60,Jambojet,0,73.0,9490,html_scrape
2026-07-22 06:27,2026-07-29,NBO→EDL,08:25,12:00,215,Unknown,1,382.0,49660,html_scrape
2026-07-22 06:27,2026-07-29,NBO→EDL,06:05,12:00,355,Unknown,1,347.0,45110,html_scrape
2026-07-22 06:27,2026-07-29,NBO→EDL,23:59,12:00,721,Jambojet,1,218.0,28340,html_scrape
2026-07-22 06:27,2026-07-29,NBO→EDL,21:10,12:00,890,Unknown,1,286.0,37180,html_scrape
2026-07-22 17:09,2026-07-22,NBO→MBA,19:00,20:15,75,Jambojet,0,111.0,14430,html_scrape
2026-07-22 17:09,2026-07-22,NBO→MBA,21:10,22:25,75,Jambojet,0,111.0,14430,html_scrape
2026-07-22 17:09,2026-07-23,NBO→MBA,19:00,20:15,75,Jambojet,0,111.0,14430,html_scrape
2026-07-22 17:09,2026-07-23,NBO→MBA,21:10,22:25,75,Jambojet,0,111.0,14430,html_scrape
2026-07-22 17:09,2026-07-23,NBO→MBA,19:20,20:35,75,Jambojet,0,134.0,17420,html_scrape
2026-07-22 17:09,2026-07-23,NBO→MBA,19:20,20:20,60,Unknown,0,192.0,24960,html_scrape
2026-07-22 17:09,2026-07-23,NBO→MBA,23:59,00:59,60,Unknown,0,192.0,24960,html_scrape
2026-07-22 17:09,2026-07-23,NBO→MBA,06:00,14:55,535,Jambojet,1,228.0,29640,html_scrape
2026-07-22 17:09,2026-07-23,NBO→MBA,06:30,14:55,505,Jambojet,1,236.0,30680,html_scrape
2026-07-22 17:09,2026-07-23,NBO→MBA,06:00,00:59,1139,Jambojet,2,224.0,29120,html_scrape
2026-07-22 17:09,2026-07-24,NBO→MBA,18:15,19:30,75,Jambojet,0,102.0,13260,html_scrape
2026-07-22 17:09,2026-07-24,NBO→MBA,19:00,20:15,75,Jambojet,0,102.0,13260,html_scrape
2026-07-22 17:09,2026-07-24,NBO→MBA,18:00,19:00,60,Unknown,0,114.0,14820,html_scrape
2026-07-22 17:09,2026-07-24,NBO→MBA,19:10,20:10,60,Unknown,0,119.0,15470,html_scrape
2026-07-22 17:09,2026-07-24,NBO→MBA,23:59,00:59,60,Unknown,0,93.0,12090,html_scrape
2026-07-22 17:09,2026-07-24,NBO→MBA,17:30,18:45,75,Jambojet,0,126.0,16380,html_scrape
2026-07-22 17:09,2026-07-25,NBO→MBA,08:30,09:30,60,Unknown,0,65.0,8450,html_scrape
2026-07-22 17:09,2026-07-25,NBO→MBA,18:00,19:00,60,Unknown,0,78.0,10140,html_scrape
2026-07-22 17:09,2026-07-25,NBO→MBA,17:30,18:45,75,Jambojet,0,88.0,11440,html_scrape
2026-07-22 17:09,2026-07-25,NBO→MBA,12:00,13:00,60,Unknown,0,101.0,13130,html_scrape
2026-07-22 17:09,2026-07-25,NBO→MBA,19:00,20:15,75,Jambojet,0,88.0,11440,html_scrape
2026-07-22 17:10,2026-07-26,NBO→MBA,16:00,17:00,60,Unknown,0,65.0,8450,html_scrape
2026-07-22 17:10,2026-07-26,NBO→MBA,19:20,20:35,75,Jambojet,0,80.0,10400,html_scrape
2026-07-22 17:10,2026-07-26,NBO→MBA,17:30,18:45,75,Jambojet,0,95.0,12350,html_scrape
2026-07-22 17:10,2026-07-26,NBO→MBA,18:15,19:30,75,Jambojet,0,95.0,12350,html_scrape
2026-07-22 17:10,2026-07-26,NBO→MBA,21:10,22:25,75,Jambojet,0,80.0,10400,html_scrape
2026-07-22 17:10,2026-07-27,NBO→MBA,12:00,13:00,60,Unknown,0,65.0,8450,html_scrape
2026-07-22 17:10,2026-07-27,NBO→MBA,18:15,19:30,75,Jambojet,0,80.0,10400,html_scrape
2026-07-22 17:10,2026-07-27,NBO→MBA,17:30,18:45,75,Jambojet,0,95.0,12350,html_scrape
2026-07-22 17:10,2026-07-28,NBO→MBA,12:00,13:00,60,Unknown,0,65.0,8450,html_scrape
2026-07-22 17:10,2026-07-28,NBO→MBA,17:30,18:45,75,Jambojet,0,80.0,10400,html_scrape
2026-07-22 17:10,2026-07-28,NBO→MBA,06:00,07:15,75,Jambojet,0,80.0,10400,html_scrape
2026-07-22 17:10,2026-07-29,NBO→MBA,18:00,19:00,60,Unknown,0,57.0,7410,html_scrape
2026-07-22 17:10,2026-07-29,NBO→MBA,07:00,08:00,60,Unknown,0,57.0,7410,html_scrape
2026-07-22 17:10,2026-07-29,NBO→MBA,19:00,20:15,75,Jambojet,0,80.0,10400,html_scrape
2026-07-22 17:10,2026-07-29,NBO→MBA,18:15,19:30,75,Jambojet,0,95.0,12350,html_scrape
2026-07-22 17:10,2026-07-29,NBO→MBA,15:00,16:00,60,Unknown,0,108.0,14040,html_scrape
2026-07-22 17:10,2026-07-29,NBO→MBA,17:00,18:00,60,Unknown,0,108.0,14040,html_scrape
2026-07-22 17:10,2026-07-29,NBO→MBA,06:30,07:30,60,Unknown,0,88.0,11440,html_scrape
2026-07-22 17:11,2026-07-23,NBO→KIS,16:05,16:55,50,Unknown,0,134.0,17420,html_scrape
2026-07-22 17:11,2026-07-23,NBO→KIS,11:45,12:35,50,Unknown,0,192.0,24960,html_scrape
2026-07-22 17:11,2026-07-23,NBO→KIS,06:00,12:55,415,Jambojet,1,304.0,39520,html_scrape
2026-07-22 17:11,2026-07-23,NBO→KIS,17:30,18:10,1480,Unknown,2,329.0,42770,html_scrape
2026-07-22 17:11,2026-07-23,NBO→KIS,13:00,18:10,1750,Unknown,2,347.0,45110,html_scrape
2026-07-22 17:11,2026-07-24,NBO→KIS,15:30,16:30,60,Jambojet,0,111.0,14430,html_scrape
2026-07-22 17:11,2026-07-24,NBO→KIS,12:50,13:50,60,Jambojet,0,126.0,16380,html_scrape
2026-07-22 17:11,2026-07-24,NBO→KIS,17:20,18:10,50,Unknown,0,151.0,19630,html_scrape
2026-07-22 17:11,2026-07-24,NBO→KIS,06:50,07:40,50,Safarilink,0,120.0,15600,html_scrape
2026-07-22 17:11,2026-07-24,NBO→KIS,17:10,18:10,60,Jambojet,0,148.0,19240,html_scrape
2026-07-22 17:11,2026-07-24,NBO→KIS,06:00,07:00,60,Jambojet,0,119.0,15470,html_scrape
2026-07-22 17:11,2026-07-24,NBO→KIS,09:20,10:20,60,Jambojet,0,148.0,19240,html_scrape
2026-07-22 17:11,2026-07-24,NBO→KIS,06:30,07:30,60,Jambojet,0,134.0,17420,html_scrape
2026-07-22 17:11,2026-07-25,NBO→KIS,17:05,18:05,60,Jambojet,0,76.0,9880,html_scrape
2026-07-22 17:11,2026-07-25,NBO→KIS,06:30,07:30,60,Jambojet,0,95.0,12350,html_scrape
2026-07-22 17:11,2026-07-25,NBO→KIS,09:20,10:20,60,Jambojet,0,119.0,15470,html_scrape
2026-07-22 17:11,2026-07-25,NBO→KIS,06:00,07:00,60,Jambojet,0,99.0,12870,html_scrape
2026-07-22 17:11,2026-07-25,NBO→KIS,12:50,13:50,60,Jambojet,0,148.0,19240,html_scrape
2026-07-22 17:11,2026-07-26,NBO→KIS,15:30,16:30,60,Jambojet,0,95.0,12350,html_scrape
2026-07-22 17:11,2026-07-26,NBO→KIS,06:30,07:30,60,Jambojet,0,65.0,8450,html_scrape
2026-07-22 17:11,2026-07-26,NBO→KIS,06:00,07:00,60,Jambojet,0,65.0,8450,html_scrape
2026-07-22 17:11,2026-07-26,NBO→KIS,17:10,18:10,60,Jambojet,0,102.0,13260,html_scrape
2026-07-22 17:11,2026-07-26,NBO→KIS,11:45,12:35,50,Unknown,0,109.0,14170,html_scrape
2026-07-22 17:12,2026-07-27,NBO→KIS,15:30,16:30,60,Jambojet,0,68.0,8840,html_scrape
2026-07-22 17:12,2026-07-27,NBO→KIS,13:10,14:10,60,Jambojet,0,80.0,10400,html_scrape
2026-07-22 17:12,2026-07-27,NBO→KIS,09:20,10:20,60,Jambojet,0,76.0,9880,html_scrape
2026-07-22 17:12,2026-07-27,NBO→KIS,07:00,07:50,50,Unknown,0,99.0,12870,html_scrape
2026-07-22 17:12,2026-07-29,NBO→KIS,09:20,10:20,60,Jambojet,0,68.0,8840,html_scrape
2026-07-22 17:12,2026-07-29,NBO→KIS,12:50,13:50,60,Jambojet,0,76.0,9880,html_scrape
2026-07-22 17:13,2026-07-23,NBO→EDL,06:00,12:00,360,Jambojet,1,290.0,37700,html_scrape
2026-07-22 17:13,2026-07-24,NBO→EDL,12:20,13:20,60,Jambojet,0,80.0,10400,html_scrape
2026-07-22 17:13,2026-07-24,NBO→EDL,09:30,10:30,60,Jambojet,0,80.0,10400,html_scrape
2026-07-22 17:13,2026-07-26,NBO→EDL,21:10,12:00,890,Unknown,1,322.0,41860,html_scrape
2026-07-22 17:13,2026-07-26,NBO→EDL,19:00,12:00,1020,Unknown,1,331.0,43030,html_scrape
2026-07-22 17:13,2026-07-27,NBO→EDL,09:30,10:30,60,Jambojet,0,80.0,10400,html_scrape
2026-07-22 17:13,2026-07-27,NBO→EDL,06:20,07:20,60,Jambojet,0,119.0,15470,html_scrape
2026-07-22 17:13,2026-07-27,NBO→EDL,07:00,12:00,300,Jambojet,1,209.0,27170,html_scrape
2026-07-22 17:13,2026-07-27,NBO→EDL,08:25,12:00,215,Unknown,1,390.0,50700,html_scrape
2026-07-22 17:13,2026-07-27,NBO→EDL,06:05,12:00,355,Unknown,1,372.0,48360,html_scrape
2026-07-22 17:13,2026-07-27,NBO→EDL,12:00,07:20,1160,Unknown,2,207.0,26910,html_scrape
2026-07-22 17:14,2026-07-28,NBO→EDL,08:25,12:00,215,Unknown,1,364.0,47320,html_scrape
2026-07-22 17:14,2026-07-29,NBO→EDL,23:59,12:00,721,Jambojet,1,199.0,25870,html_scrape
2026-07-22 17:14,2026-07-29,NBO→EDL,06:05,12:00,355,Unknown,1,355.0,46150,html_scrape
2026-07-23 06:25,2026-07-23,NBO→MBA,14:45,15:50,65,Safarilink,0,152.0,19760,html_scrape
2026-07-23 06:25,2026-07-24,NBO→MBA,21:10,22:25,75,Jambojet,0,102.0,13260,html_scrape
2026-07-23 06:25,2026-07-24,NBO→MBA,18:15,19:30,75,Jambojet,0,119.0,15470,html_scrape
2026-07-23 06:25,2026-07-24,NBO→MBA,19:20,20:35,75,Jambojet,0,119.0,15470,html_scrape
2026-07-23 06:25,2026-07-24,NBO→MBA,19:10,20:10,60,Unknown,0,125.0,16250,html_scrape
2026-07-23 06:25,2026-07-24,NBO→MBA,23:59,00:59,60,Unknown,0,99.0,12870,html_scrape
2026-07-23 06:25,2026-07-24,NBO→MBA,13:35,14:50,75,Jambojet,0,141.0,18330,html_scrape
2026-07-23 06:25,2026-07-25,NBO→MBA,19:20,20:35,75,Jambojet,0,80.0,10400,html_scrape
2026-07-23 06:25,2026-07-25,NBO→MBA,18:00,19:00,60,Unknown,0,90.0,11700,html_scrape
2026-07-23 06:25,2026-07-26,NBO→MBA,18:00,19:00,60,Unknown,0,90.0,11700,html_scrape
2026-07-23 06:25,2026-07-26,NBO→MBA,16:00,17:00,60,Unknown,0,101.0,13130,html_scrape
2026-07-23 06:26,2026-07-27,NBO→MBA,12:00,13:00,60,Unknown,0,78.0,10140,html_scrape
2026-07-23 06:26,2026-07-27,NBO→MBA,15:00,16:00,60,Unknown,0,94.0,12220,html_scrape
2026-07-23 06:26,2026-07-27,NBO→MBA,17:00,18:00,60,Unknown,0,94.0,12220,html_scrape
2026-07-23 06:26,2026-07-28,NBO→MBA,18:00,19:00,60,Unknown,0,65.0,8450,html_scrape
2026-07-23 06:26,2026-07-29,NBO→MBA,19:10,20:10,60,Unknown,0,108.0,14040,html_scrape
2026-07-23 06:26,2026-07-30,NBO→MBA,19:00,20:15,75,Jambojet,0,80.0,10400,html_scrape
2026-07-23 06:26,2026-07-30,NBO→MBA,19:20,20:35,75,Jambojet,0,80.0,10400,html_scrape
2026-07-23 06:26,2026-07-30,NBO→MBA,18:00,19:00,60,Unknown,0,90.0,11700,html_scrape
2026-07-23 06:26,2026-07-30,NBO→MBA,21:10,22:25,75,Jambojet,0,80.0,10400,html_scrape
2026-07-23 06:26,2026-07-30,NBO→MBA,17:30,18:45,75,Jambojet,0,95.0,12350,html_scrape
2026-07-23 06:26,2026-07-30,NBO→MBA,17:05,18:20,75,Jambojet,0,102.0,13260,html_scrape
2026-07-23 06:26,2026-07-30,NBO→MBA,12:00,13:00,60,Unknown,0,114.0,14820,html_scrape
2026-07-23 06:26,2026-07-30,NBO→MBA,19:20,20:20,60,Unknown,0,108.0,14040,html_scrape
2026-07-23 06:26,2026-07-30,NBO→MBA,10:00,11:00,60,Unknown,0,114.0,14820,html_scrape
2026-07-23 06:26,2026-07-30,NBO→MBA,14:45,15:50,65,Safarilink,0,121.0,15730,html_scrape
2026-07-23 06:26,2026-07-23,NBO→KIS,18:00,18:50,50,Safarilink,0,120.0,15600,html_scrape
2026-07-23 06:26,2026-07-23,NBO→KIS,16:05,16:55,50,Unknown,0,165.0,21450,html_scrape
2026-07-23 06:27,2026-07-24,NBO→KIS,18:00,18:50,50,Safarilink,0,120.0,15600,html_scrape
2026-07-23 06:27,2026-07-24,NBO→KIS,12:50,13:50,60,Jambojet,0,134.0,17420,html_scrape
2026-07-23 06:27,2026-07-24,NBO→KIS,15:30,16:30,60,Jambojet,0,134.0,17420,html_scrape
2026-07-23 06:27,2026-07-24,NBO→KIS,06:30,07:30,60,Jambojet,0,119.0,15470,html_scrape
2026-07-23 06:27,2026-07-24,NBO→KIS,06:00,07:00,60,Jambojet,0,141.0,18330,html_scrape
2026-07-23 06:27,2026-07-24,NBO→KIS,17:20,18:10,50,Unknown,0,185.0,24050,html_scrape
2026-07-23 06:27,2026-07-25,NBO→KIS,06:30,07:30,60,Jambojet,0,102.0,13260,html_scrape
2026-07-23 06:27,2026-07-25,NBO→KIS,09:20,10:20,60,Jambojet,0,126.0,16380,html_scrape
2026-07-23 06:27,2026-07-26,NBO→KIS,17:10,18:10,60,Jambojet,0,95.0,12350,html_scrape
2026-07-23 06:27,2026-07-27,NBO→KIS,06:30,07:30,60,Jambojet,0,68.0,8840,html_scrape
2026-07-23 06:28,2026-07-30,NBO→KIS,18:00,19:00,60,Jambojet,0,65.0,8450,html_scrape
2026-07-23 06:28,2026-07-30,NBO→KIS,12:50,13:50,60,Jambojet,0,68.0,8840,html_scrape
2026-07-23 06:28,2026-07-30,NBO→KIS,15:30,16:30,60,Jambojet,0,68.0,8840,html_scrape
2026-07-23 06:28,2026-07-30,NBO→KIS,09:20,10:20,60,Jambojet,0,73.0,9490,html_scrape
2026-07-23 06:28,2026-07-30,NBO→KIS,16:05,16:55,50,Unknown,0,81.0,10530,html_scrape
2026-07-23 06:28,2026-07-30,NBO→KIS,11:45,12:35,50,Unknown,0,81.0,10530,html_scrape
2026-07-23 06:28,2026-07-30,NBO→KIS,06:30,07:30,60,Jambojet,0,68.0,8840,html_scrape
2026-07-23 06:28,2026-07-30,NBO→KIS,06:00,07:00,60,Jambojet,0,65.0,8450,html_scrape
2026-07-23 06:28,2026-07-30,NBO→KIS,18:00,18:50,50,Safarilink,0,105.0,13650,html_scrape
2026-07-23 06:28,2026-07-30,NBO→KIS,19:20,20:10,50,Safarilink,0,105.0,13650,html_scrape
2026-07-23 06:28,2026-07-24,NBO→EDL,12:20,13:20,60,Jambojet,0,84.0,10920,html_scrape
2026-07-23 06:28,2026-07-24,NBO→EDL,09:30,10:30,60,Jambojet,0,88.0,11440,html_scrape
2026-07-23 06:29,2026-07-26,NBO→EDL,19:20,12:00,1000,Unknown,1,331.0,43030,html_scrape
2026-07-23 06:29,2026-07-26,NBO→EDL,18:15,12:00,1065,Unknown,1,344.0,44720,html_scrape
2026-07-23 06:29,2026-07-26,NBO→EDL,17:30,12:00,1110,Unknown,1,342.0,44460,html_scrape
2026-07-23 06:29,2026-07-27,NBO→EDL,06:20,07:20,60,Jambojet,0,134.0,17420,html_scrape
2026-07-23 06:29,2026-07-27,NBO→EDL,08:25,12:00,215,Unknown,1,381.0,49530,html_scrape
2026-07-23 06:29,2026-07-27,NBO→EDL,06:05,12:00,355,Unknown,1,381.0,49530,html_scrape
2026-07-23 06:29,2026-07-27,NBO→EDL,23:59,12:00,721,Jambojet,1,214.0,27820,html_scrape
2026-07-23 06:29,2026-07-27,NBO→EDL,18:00,10:30,990,Unknown,2,206.0,26780,html_scrape
2026-07-23 06:29,2026-07-28,NBO→EDL,07:00,12:00,300,Jambojet,1,191.0,24830,html_scrape
2026-07-23 06:29,2026-07-28,NBO→EDL,06:00,13:20,440,Jambojet,2,227.0,29510,html_scrape
2026-07-23 06:30,2026-07-30,NBO→EDL,17:00,17:40,40,Unknown,0,57.0,7410,html_scrape
2026-07-23 06:30,2026-07-30,NBO→EDL,16:00,17:00,60,Jambojet,0,73.0,9490,html_scrape
2026-07-23 06:30,2026-07-30,NBO→EDL,18:30,19:30,60,Jambojet,0,73.0,9490,html_scrape
2026-07-23 06:30,2026-07-30,NBO→EDL,09:30,10:30,60,Jambojet,0,73.0,9490,html_scrape
2026-07-23 06:30,2026-07-30,NBO→EDL,07:20,08:20,60,Jambojet,0,73.0,9490,html_scrape
2026-07-23 06:30,2026-07-30,NBO→EDL,06:20,07:20,60,Jambojet,0,73.0,9490,html_scrape
2026-07-23 06:30,2026-07-30,NBO→EDL,12:20,13:20,60,Jambojet,0,134.0,17420,html_scrape
2026-07-23 06:30,2026-07-30,NBO→EDL,07:00,12:00,300,Jambojet,1,225.0,29250,html_scrape
2026-07-23 06:30,2026-07-30,NBO→EDL,08:25,12:00,215,Unknown,1,382.0,49660,html_scrape
2026-07-23 06:30,2026-07-30,NBO→EDL,06:00,12:00,360,Unknown,1,355.0,46150,html_scrape
2026-07-23 17:12,2026-07-24,NBO→MBA,19:00,20:15,75,Jambojet,0,80.0,10400,html_scrape
2026-07-23 17:12,2026-07-24,NBO→MBA,19:20,20:35,75,Jambojet,0,80.0,10400,html_scrape
2026-07-23 17:12,2026-07-24,NBO→MBA,14:05,15:05,60,Unknown,0,137.0,17810,html_scrape
2026-07-23 17:12,2026-07-24,NBO→MBA,23:59,00:59,60,Unknown,0,125.0,16250,html_scrape
2026-07-23 17:12,2026-07-24,NBO→MBA,06:45,07:55,70,Safarilink,0,152.0,19760,html_scrape
2026-07-23 17:12,2026-07-24,NBO→MBA,19:10,20:10,60,Unknown,0,197.0,25610,html_scrape
2026-07-23 17:12,2026-07-24,NBO→MBA,08:00,09:00,60,Unknown,0,260.0,33800,html_scrape
2026-07-23 17:12,2026-07-25,NBO→MBA,19:10,20:10,60,Unknown,0,99.0,12870,html_scrape
2026-07-23 17:12,2026-07-25,NBO→MBA,14:00,15:10,70,Safarilink,0,121.0,15730,html_scrape
2026-07-23 17:12,2026-07-26,NBO→MBA,19:00,20:15,75,Jambojet,0,73.0,9490,html_scrape
2026-07-23 17:12,2026-07-26,NBO→MBA,18:15,19:30,75,Jambojet,0,80.0,10400,html_scrape
2026-07-23 17:12,2026-07-26,NBO→MBA,08:30,09:30,60,Unknown,0,78.0,10140,html_scrape
2026-07-23 17:12,2026-07-26,NBO→MBA,13:00,14:00,60,Unknown,0,99.0,12870,html_scrape
2026-07-23 17:12,2026-07-27,NBO→MBA,18:00,19:00,60,Unknown,0,78.0,10140,html_scrape
2026-07-23 17:12,2026-07-27,NBO→MBA,21:10,22:25,75,Jambojet,0,73.0,9490,html_scrape
2026-07-23 17:12,2026-07-27,NBO→MBA,18:15,19:30,75,Jambojet,0,88.0,11440,html_scrape
2026-07-23 17:12,2026-07-27,NBO→MBA,12:00,13:00,60,Unknown,0,101.0,13130,html_scrape
2026-07-23 17:12,2026-07-27,NBO→MBA,17:30,18:45,75,Jambojet,0,102.0,13260,html_scrape
2026-07-23 17:12,2026-07-27,NBO→MBA,15:00,16:00,60,Unknown,0,114.0,14820,html_scrape
2026-07-23 17:12,2026-07-27,NBO→MBA,07:00,08:00,60,Unknown,0,90.0,11700,html_scrape
2026-07-23 17:13,2026-07-28,NBO→MBA,19:20,20:35,75,Jambojet,0,73.0,9490,html_scrape
2026-07-23 17:13,2026-07-28,NBO→MBA,17:05,18:20,75,Jambojet,0,88.0,11440,html_scrape
2026-07-23 17:13,2026-07-28,NBO→MBA,14:45,15:50,65,Safarilink,0,121.0,15730,html_scrape
2026-07-23 17:13,2026-07-29,NBO→MBA,18:00,19:00,60,Unknown,0,65.0,8450,html_scrape
2026-07-23 17:13,2026-07-29,NBO→MBA,19:20,20:35,75,Jambojet,0,80.0,10400,html_scrape
2026-07-23 17:13,2026-07-29,NBO→MBA,14:45,15:50,65,Safarilink,0,121.0,15730,html_scrape
2026-07-23 17:13,2026-07-29,NBO→MBA,14:00,15:10,70,Safarilink,0,121.0,15730,html_scrape
2026-07-23 17:13,2026-07-30,NBO→MBA,18:00,19:00,60,Unknown,0,57.0,7410,html_scrape
2026-07-23 17:13,2026-07-30,NBO→MBA,19:00,20:15,75,Jambojet,0,73.0,9490,html_scrape
2026-07-23 17:13,2026-07-30,NBO→MBA,14:00,15:10,70,Safarilink,0,121.0,15730,html_scrape
2026-07-23 17:13,2026-07-23,NBO→KIS,06:50,07:40,50,Safarilink,0,120.0,15600,html_scrape
2026-07-23 17:14,2026-07-24,NBO→KIS,17:20,18:10,50,Unknown,0,197.0,25610,html_scrape
2026-07-23 17:14,2026-07-24,NBO→KIS,08:00,18:10,610,Unknown,2,327.0,42510,html_scrape
2026-07-23 17:14,2026-07-24,NBO→KIS,13:00,17:35,1715,Unknown,2,289.0,37570,html_scrape
2026-07-23 17:14,2026-07-24,NBO→KIS,08:00,17:35,2015,Unknown,2,296.0,38480,html_scrape
2026-07-23 17:14,2026-07-25,NBO→KIS,17:05,18:05,60,Jambojet,0,80.0,10400,html_scrape
2026-07-23 17:14,2026-07-25,NBO→KIS,12:50,13:50,60,Jambojet,0,134.0,17420,html_scrape
2026-07-23 17:14,2026-07-25,NBO→KIS,16:45,17:35,50,Unknown,0,139.0,18070,html_scrape
2026-07-23 17:14,2026-07-25,NBO→KIS,09:20,10:20,60,Jambojet,0,148.0,19240,html_scrape
2026-07-23 17:14,2026-07-25,NBO→KIS,06:30,07:30,60,Jambojet,0,148.0,19240,html_scrape
2026-07-23 17:14,2026-07-25,NBO→KIS,06:00,07:00,60,Jambojet,0,148.0,19240,html_scrape
2026-07-23 17:14,2026-07-26,NBO→KIS,12:50,13:50,60,Jambojet,0,95.0,12350,html_scrape
2026-07-23 17:14,2026-07-26,NBO→KIS,06:30,07:30,60,Jambojet,0,68.0,8840,html_scrape
2026-07-23 17:14,2026-07-26,NBO→KIS,11:45,12:35,50,Unknown,0,104.0,13520,html_scrape
2026-07-23 17:14,2026-07-26,NBO→KIS,09:10,10:10,60,Jambojet,0,95.0,12350,html_scrape
2026-07-23 17:14,2026-07-27,NBO→KIS,17:10,18:10,60,Jambojet,0,68.0,8840,html_scrape
2026-07-23 17:14,2026-07-27,NBO→KIS,09:20,10:20,60,Jambojet,0,80.0,10400,html_scrape
2026-07-23 17:14,2026-07-27,NBO→KIS,17:20,18:10,50,Unknown,0,87.0,11310,html_scrape
2026-07-23 17:14,2026-07-28,NBO→KIS,12:50,13:50,60,Jambojet,0,73.0,9490,html_scrape
2026-07-23 17:14,2026-07-28,NBO→KIS,09:20,10:20,60,Jambojet,0,76.0,9880,html_scrape
2026-07-23 17:14,2026-07-28,NBO→KIS,08:25,12:55,270,Unknown,1,373.0,48490,html_scrape
2026-07-23 17:15,2026-07-29,NBO→KIS,09:20,10:20,60,Jambojet,0,73.0,9490,html_scrape
2026-07-23 17:15,2026-07-29,NBO→KIS,06:00,07:00,60,Jambojet,0,68.0,8840,html_scrape
2026-07-23 17:15,2026-07-30,NBO→KIS,18:00,19:00,60,Jambojet,0,68.0,8840,html_scrape
2026-07-23 17:15,2026-07-30,NBO→KIS,09:20,10:20,60,Jambojet,0,80.0,10400,html_scrape
2026-07-23 17:15,2026-07-24,NBO→EDL,16:00,17:00,60,Jambojet,0,91.0,11830,html_scrape
2026-07-23 17:15,2026-07-24,NBO→EDL,18:30,19:30,60,Jambojet,0,88.0,11440,html_scrape
2026-07-23 17:16,2026-07-25,NBO→EDL,19:00,10:30,930,Jambojet,2,207.0,26910,html_scrape
2026-07-23 17:16,2026-07-26,NBO→EDL,17:00,17:40,40,Unknown,0,61.0,7930,html_scrape
2026-07-23 17:16,2026-07-26,NBO→EDL,12:10,13:10,60,Jambojet,0,76.0,9880,html_scrape
2026-07-23 17:16,2026-07-26,NBO→EDL,09:30,10:30,60,Jambojet,0,76.0,9880,html_scrape
2026-07-23 17:16,2026-07-26,NBO→EDL,21:10,12:00,890,Unknown,1,332.0,43160,html_scrape
2026-07-23 17:16,2026-07-26,NBO→EDL,19:00,12:00,1020,Unknown,1,332.0,43160,html_scrape
2026-07-23 17:16,2026-07-26,NBO→EDL,19:20,12:00,1000,Unknown,1,340.0,44200,html_scrape
2026-07-23 17:16,2026-07-26,NBO→EDL,18:15,12:00,1065,Unknown,1,340.0,44200,html_scrape
2026-07-23 17:16,2026-07-26,NBO→EDL,17:30,12:00,1110,Unknown,1,349.0,45370,html_scrape
2026-07-23 17:16,2026-07-27,NBO→EDL,12:20,13:20,60,Jambojet,0,65.0,8450,html_scrape
2026-07-23 17:16,2026-07-27,NBO→EDL,16:10,17:10,60,Jambojet,0,65.0,8450,html_scrape
2026-07-23 17:16,2026-07-27,NBO→EDL,18:30,19:30,60,Jambojet,0,65.0,8450,html_scrape
2026-07-23 17:16,2026-07-27,NBO→EDL,06:20,07:20,60,Unknown,0,176.0,22880,html_scrape
2026-07-23 17:16,2026-07-27,NBO→EDL,08:25,12:00,215,Unknown,1,408.0,53040,html_scrape
2026-07-23 17:16,2026-07-27,NBO→EDL,23:59,12:00,721,Jambojet,1,220.0,28600,html_scrape
2026-07-23 17:16,2026-07-27,NBO→EDL,06:05,12:00,355,Unknown,1,399.0,51870,html_scrape
2026-07-23 17:16,2026-07-27,NBO→EDL,21:10,10:30,800,Jambojet,2,215.0,27950,html_scrape
2026-07-23 17:16,2026-07-28,NBO→EDL,15:50,16:50,60,Jambojet,0,65.0,8450,html_scrape
2026-07-23 17:16,2026-07-28,NBO→EDL,12:20,13:20,60,Jambojet,0,68.0,8840,html_scrape
2026-07-23 17:16,2026-07-28,NBO→EDL,09:30,10:30,60,Jambojet,0,65.0,8450,html_scrape
2026-07-23 17:16,2026-07-28,NBO→EDL,18:30,19:30,60,Jambojet,0,65.0,8450,html_scrape
2026-07-23 17:16,2026-07-28,NBO→EDL,06:20,07:20,60,Jambojet,0,65.0,8450,html_scrape
2026-07-23 17:16,2026-07-28,NBO→EDL,06:00,12:00,360,Unknown,1,344.0,44720,html_scrape
2026-07-23 17:16,2026-07-28,NBO→EDL,06:00,13:20,440,Jambojet,2,249.0,32370,html_scrape
2026-07-23 17:16,2026-07-29,NBO→EDL,12:20,13:20,60,Jambojet,0,65.0,8450,html_scrape
2026-07-23 17:16,2026-07-29,NBO→EDL,16:00,17:00,60,Jambojet,0,65.0,8450,html_scrape
2026-07-23 17:16,2026-07-29,NBO→EDL,09:30,10:30,60,Jambojet,0,65.0,8450,html_scrape
2026-07-23 17:16,2026-07-29,NBO→EDL,18:30,19:30,60,Jambojet,0,65.0,8450,html_scrape
2026-07-23 17:16,2026-07-29,NBO→EDL,06:20,07:20,60,Jambojet,0,65.0,8450,html_scrape
2026-07-23 17:16,2026-07-29,NBO→EDL,06:05,12:00,355,Unknown,1,364.0,47320,html_scrape
2026-07-23 17:16,2026-07-29,NBO→EDL,23:59,12:00,721,Jambojet,1,207.0,26910,html_scrape
2026-07-23 17:16,2026-07-29,NBO→EDL,21:10,12:00,890,Unknown,1,297.0,38610,html_scrape
2026-07-23 17:17,2026-07-30,NBO→EDL,16:00,17:00,60,Jambojet,0,65.0,8450,html_scrape
2026-07-23 17:17,2026-07-30,NBO→EDL,18:30,19:30,60,Jambojet,0,65.0,8450,html_scrape
2026-07-23 17:17,2026-07-30,NBO→EDL,09:30,10:30,60,Jambojet,0,65.0,8450,html_scrape
2026-07-23 17:17,2026-07-30,NBO→EDL,07:20,08:20,60,Jambojet,0,65.0,8450,html_scrape
2026-07-23 17:17,2026-07-30,NBO→EDL,06:20,07:20,60,Jambojet,0,65.0,8450,html_scrape
2026-07-23 17:17,2026-07-30,NBO→EDL,07:00,12:00,300,Jambojet,1,234.0,30420,html_scrape
2026-07-24 06:20,2026-07-24,NBO→MBA,23:59,00:59,60,Unknown,0,144.0,18720,html_scrape
2026-07-24 06:20,2026-07-26,NBO→MBA,13:00,14:00,60,Unknown,0,93.0,12090,html_scrape
2026-07-24 06:20,2026-07-26,NBO→MBA,12:00,13:00,60,Unknown,0,101.0,13130,html_scrape
2026-07-24 06:20,2026-07-26,NBO→MBA,17:30,18:45,75,Jambojet,0,98.0,12740,html_scrape
2026-07-24 06:20,2026-07-26,NBO→MBA,18:00,19:00,60,Unknown,0,101.0,13130,html_scrape
2026-07-24 06:21,2026-07-27,NBO→MBA,12:00,13:00,60,Unknown,0,114.0,14820,html_scrape
2026-07-24 06:21,2026-07-27,NBO→MBA,17:00,18:00,60,Unknown,0,114.0,14820,html_scrape
2026-07-24 06:21,2026-07-27,NBO→MBA,14:45,15:50,65,Safarilink,0,121.0,15730,html_scrape
2026-07-24 06:21,2026-07-28,NBO→MBA,18:00,19:00,60,Unknown,0,78.0,10140,html_scrape
2026-07-24 06:21,2026-07-28,NBO→MBA,21:10,22:25,75,Jambojet,0,73.0,9490,html_scrape
2026-07-24 06:21,2026-07-29,NBO→MBA,18:00,19:00,60,Unknown,0,78.0,10140,html_scrape
2026-07-24 06:21,2026-07-29,NBO→MBA,21:10,22:25,75,Jambojet,0,73.0,9490,html_scrape
2026-07-24 06:21,2026-07-29,NBO→MBA,19:20,20:35,75,Jambojet,0,88.0,11440,html_scrape
2026-07-24 06:21,2026-07-30,NBO→MBA,18:00,19:00,60,Unknown,0,65.0,8450,html_scrape
2026-07-24 06:21,2026-07-30,NBO→MBA,21:10,22:25,75,Jambojet,0,88.0,11440,html_scrape
2026-07-24 06:21,2026-07-31,NBO→MBA,16:00,17:00,60,Unknown,0,89.0,11570,html_scrape
2026-07-24 06:21,2026-07-31,NBO→MBA,19:20,20:35,75,Jambojet,0,80.0,10400,html_scrape
2026-07-24 06:21,2026-07-31,NBO→MBA,18:00,19:00,60,Unknown,0,89.0,11570,html_scrape
2026-07-24 06:21,2026-07-31,NBO→MBA,18:15,19:30,75,Jambojet,0,88.0,11440,html_scrape
2026-07-24 06:21,2026-07-31,NBO→MBA,19:00,20:15,75,Jambojet,0,88.0,11440,html_scrape
2026-07-24 06:21,2026-07-31,NBO→MBA,21:10,22:25,75,Jambojet,0,80.0,10400,html_scrape
2026-07-24 06:21,2026-07-31,NBO→MBA,12:00,13:00,60,Unknown,0,114.0,14820,html_scrape
2026-07-24 06:21,2026-07-31,NBO→MBA,14:45,15:50,65,Safarilink,0,121.0,15730,html_scrape
2026-07-24 06:21,2026-07-31,NBO→MBA,19:10,20:10,60,Unknown,0,113.0,14690,html_scrape
2026-07-24 06:21,2026-07-31,NBO→MBA,14:00,15:10,70,Safarilink,0,121.0,15730,html_scrape
2026-07-24 06:22,2026-07-25,NBO→KIS,12:50,13:50,60,Jambojet,0,141.0,18330,html_scrape
2026-07-24 06:22,2026-07-26,NBO→KIS,12:50,13:50,60,Jambojet,0,102.0,13260,html_scrape
2026-07-24 06:22,2026-07-26,NBO→KIS,17:20,18:10,50,Unknown,0,104.0,13520,html_scrape
2026-07-24 06:22,2026-07-27,NBO→KIS,06:30,07:30,60,Jambojet,0,73.0,9490,html_scrape
2026-07-24 06:22,2026-07-27,NBO→KIS,07:00,07:50,50,Unknown,0,104.0,13520,html_scrape
2026-07-24 06:22,2026-07-27,NBO→KIS,06:50,07:40,50,Safarilink,0,105.0,13650,html_scrape
2026-07-24 06:23,2026-07-28,NBO→KIS,07:00,12:55,355,Jambojet,1,199.0,25870,html_scrape
2026-07-24 06:23,2026-07-29,NBO→KIS,06:50,07:40,50,Safarilink,0,105.0,13650,html_scrape
2026-07-24 06:23,2026-07-30,NBO→KIS,06:50,07:40,50,Safarilink,0,105.0,13650,html_scrape
2026-07-24 06:23,2026-07-31,NBO→KIS,15:30,16:30,60,Jambojet,0,76.0,9880,html_scrape
2026-07-24 06:23,2026-07-31,NBO→KIS,17:10,18:10,60,Jambojet,0,76.0,9880,html_scrape
2026-07-24 06:23,2026-07-31,NBO→KIS,17:20,18:10,50,Unknown,0,86.0,11180,html_scrape
2026-07-24 06:23,2026-07-31,NBO→KIS,12:50,13:50,60,Jambojet,0,88.0,11440,html_scrape
2026-07-24 06:23,2026-07-31,NBO→KIS,09:20,10:20,60,Jambojet,0,88.0,11440,html_scrape
2026-07-24 06:23,2026-07-31,NBO→KIS,06:30,07:30,60,Jambojet,0,76.0,9880,html_scrape
2026-07-24 06:23,2026-07-31,NBO→KIS,18:00,18:50,50,Safarilink,0,105.0,13650,html_scrape
2026-07-24 06:23,2026-07-31,NBO→KIS,19:20,20:10,50,Safarilink,0,105.0,13650,html_scrape
2026-07-24 06:23,2026-07-31,NBO→KIS,06:00,07:00,60,Jambojet,0,84.0,10920,html_scrape
2026-07-24 06:23,2026-07-31,NBO→KIS,06:50,07:40,50,Safarilink,0,105.0,13650,html_scrape
2026-07-24 06:24,2026-07-24,NBO→EDL,18:30,19:30,60,Jambojet,0,73.0,9490,html_scrape
2026-07-24 06:24,2026-07-24,NBO→EDL,16:00,17:00,60,Jambojet,0,73.0,9490,html_scrape
2026-07-24 06:24,2026-07-24,NBO→EDL,12:10,13:10,60,Jambojet,0,76.0,9880,html_scrape
2026-07-24 06:24,2026-07-26,NBO→EDL,16:00,17:00,60,Jambojet,0,76.0,9880,html_scrape
2026-07-24 06:24,2026-07-26,NBO→EDL,12:10,13:10,60,Jambojet,0,80.0,10400,html_scrape
2026-07-24 06:24,2026-07-26,NBO→EDL,09:30,10:30,60,Jambojet,0,80.0,10400,html_scrape
2026-07-24 06:24,2026-07-26,NBO→EDL,21:10,13:20,970,Jambojet,2,215.0,27950,html_scrape
2026-07-24 06:24,2026-07-26,NBO→EDL,21:10,12:00,890,Unknown,1,323.0,41990,html_scrape
2026-07-24 06:24,2026-07-26,NBO→EDL,19:00,12:00,1020,Unknown,1,323.0,41990,html_scrape
2026-07-24 06:24,2026-07-27,NBO→EDL,06:05,12:00,355,Unknown,1,390.0,50700,html_scrape
2026-07-24 06:24,2026-07-27,NBO→EDL,21:10,10:30,800,Jambojet,2,214.0,27820,html_scrape
2026-07-24 06:24,2026-07-27,NBO→EDL,18:00,10:30,990,Unknown,2,219.0,28470,html_scrape
2026-07-24 06:24,2026-07-28,NBO→EDL,08:25,12:00,215,Unknown,1,381.0,49530,html_scrape
2026-07-24 06:24,2026-07-28,NBO→EDL,23:59,12:00,721,Jambojet,1,206.0,26780,html_scrape
2026-07-24 06:24,2026-07-28,NBO→EDL,06:00,12:00,360,Unknown,1,373.0,48490,html_scrape
2026-07-24 06:25,2026-07-29,NBO→EDL,06:30,12:00,330,Jambojet,1,207.0,26910,html_scrape
2026-07-24 06:25,2026-07-29,NBO→EDL,07:00,12:00,300,Jambojet,1,233.0,30290,html_scrape
2026-07-24 06:25,2026-07-29,NBO→EDL,23:59,12:00,721,Jambojet,1,206.0,26780,html_scrape
2026-07-24 06:25,2026-07-30,NBO→EDL,07:00,12:00,300,Jambojet,1,233.0,30290,html_scrape
2026-07-24 06:25,2026-07-30,NBO→EDL,23:59,12:00,721,Jambojet,1,256.0,33280,html_scrape
2026-07-24 06:25,2026-07-31,NBO→EDL,17:00,17:40,40,Unknown,0,61.0,7930,html_scrape
2026-07-24 06:25,2026-07-31,NBO→EDL,18:30,19:30,60,Jambojet,0,65.0,8450,html_scrape
2026-07-24 06:25,2026-07-31,NBO→EDL,16:00,17:00,60,Jambojet,0,68.0,8840,html_scrape
2026-07-24 06:25,2026-07-31,NBO→EDL,09:30,10:30,60,Jambojet,0,65.0,8450,html_scrape
2026-07-24 06:25,2026-07-31,NBO→EDL,06:20,07:20,60,Jambojet,0,65.0,8450,html_scrape
2026-07-24 06:25,2026-07-31,NBO→EDL,12:20,13:20,60,Jambojet,0,91.0,11830,html_scrape
2026-07-24 06:25,2026-07-31,NBO→EDL,07:00,12:00,300,Jambojet,1,249.0,32370,html_scrape
2026-07-24 06:25,2026-07-31,NBO→EDL,08:25,12:00,215,Unknown,1,408.0,53040,html_scrape
2026-07-24 06:25,2026-07-31,NBO→EDL,06:05,12:00,355,Unknown,1,390.0,50700,html_scrape
2026-07-24 06:25,2026-07-31,NBO→EDL,23:59,12:00,721,Jambojet,1,261.0,33930,html_scrape
2026-07-24 17:22,2026-07-24,NBO→MBA,23:59,00:59,60,Unknown,0,92.0,11960,html_scrape
2026-07-24 17:23,2026-07-25,NBO→MBA,19:10,20:10,60,Unknown,0,113.0,14690,html_scrape
2026-07-24 17:23,2026-07-25,NBO→MBA,23:59,00:59,60,Unknown,0,93.0,12090,html_scrape
2026-07-24 17:23,2026-07-25,NBO→MBA,06:45,07:55,70,Safarilink,0,121.0,15730,html_scrape
2026-07-24 17:23,2026-07-25,NBO→MBA,08:00,09:00,60,Unknown,0,156.0,20280,html_scrape
2026-07-24 17:23,2026-07-25,NBO→MBA,13:00,14:00,60,Unknown,0,192.0,24960,html_scrape
2026-07-24 17:23,2026-07-26,NBO→MBA,21:10,22:25,75,Jambojet,0,68.0,8840,html_scrape
2026-07-24 17:23,2026-07-26,NBO→MBA,06:05,07:20,75,Jambojet,0,73.0,9490,html_scrape
2026-07-24 17:23,2026-07-26,NBO→MBA,14:45,15:50,65,Safarilink,0,121.0,15730,html_scrape
2026-07-24 17:23,2026-07-27,NBO→MBA,18:00,19:00,60,Unknown,0,89.0,11570,html_scrape
2026-07-24 17:23,2026-07-27,NBO→MBA,19:20,20:35,75,Jambojet,0,88.0,11440,html_scrape
2026-07-24 17:23,2026-07-27,NBO→MBA,18:15,19:30,75,Jambojet,0,95.0,12350,html_scrape
2026-07-24 17:23,2026-07-27,NBO→MBA,21:10,22:25,75,Jambojet,0,80.0,10400,html_scrape
2026-07-24 17:23,2026-07-27,NBO→MBA,14:00,15:10,70,Safarilink,0,121.0,15730,html_scrape
2026-07-24 17:23,2026-07-27,NBO→MBA,17:00,18:00,60,Unknown,0,120.0,15600,html_scrape
2026-07-24 17:23,2026-07-27,NBO→MBA,17:30,18:45,75,Jambojet,0,119.0,15470,html_scrape
2026-07-24 17:23,2026-07-28,NBO→MBA,17:30,18:45,75,Jambojet,0,88.0,11440,html_scrape
2026-07-24 17:23,2026-07-28,NBO→MBA,12:00,13:00,60,Unknown,0,101.0,13130,html_scrape
2026-07-24 17:23,2026-07-28,NBO→MBA,07:00,08:00,60,Unknown,0,78.0,10140,html_scrape
2026-07-24 17:23,2026-07-28,NBO→MBA,17:05,18:20,75,Jambojet,0,102.0,13260,html_scrape
2026-07-24 17:23,2026-07-28,NBO→MBA,21:10,22:25,75,Jambojet,0,88.0,11440,html_scrape
2026-07-24 17:23,2026-07-29,NBO→MBA,21:10,22:25,75,Jambojet,0,80.0,10400,html_scrape
2026-07-24 17:23,2026-07-29,NBO→MBA,18:00,19:00,60,Unknown,0,101.0,13130,html_scrape
2026-07-24 17:24,2026-07-30,NBO→MBA,19:00,20:15,75,Jambojet,0,88.0,11440,html_scrape
2026-07-24 17:24,2026-07-30,NBO→MBA,19:20,20:35,75,Jambojet,0,95.0,12350,html_scrape
2026-07-24 17:24,2026-07-31,NBO→MBA,16:00,17:00,60,Unknown,0,57.0,7410,html_scrape
2026-07-24 17:24,2026-07-31,NBO→MBA,18:00,19:00,60,Unknown,0,57.0,7410,html_scrape
2026-07-24 17:24,2026-07-31,NBO→MBA,07:00,08:00,60,Unknown,0,57.0,7410,html_scrape
2026-07-24 17:24,2026-07-24,NBO→KIS,16:45,17:35,50,Unknown,0,197.0,25610,html_scrape
2026-07-24 17:24,2026-07-25,NBO→KIS,16:45,17:35,50,Unknown,0,197.0,25610,html_scrape
2026-07-24 17:24,2026-07-25,NBO→KIS,21:10,12:35,925,Jambojet,2,242.0,31460,html_scrape
2026-07-24 17:24,2026-07-25,NBO→KIS,21:10,18:10,1260,Jambojet,2,230.0,29900,html_scrape
2026-07-24 17:24,2026-07-25,NBO→KIS,19:20,12:35,1035,Jambojet,2,242.0,31460,html_scrape
2026-07-24 17:25,2026-07-26,NBO→KIS,06:00,07:00,60,Jambojet,0,64.0,8320,html_scrape
2026-07-24 17:25,2026-07-26,NBO→KIS,15:30,16:30,60,Jambojet,0,102.0,13260,html_scrape
2026-07-24 17:25,2026-07-26,NBO→KIS,06:30,07:30,60,Jambojet,0,73.0,9490,html_scrape
2026-07-24 17:25,2026-07-26,NBO→KIS,12:50,13:50,60,Jambojet,0,111.0,14430,html_scrape
2026-07-24 17:25,2026-07-26,NBO→KIS,09:10,10:10,60,Jambojet,0,102.0,13260,html_scrape
2026-07-24 17:25,2026-07-26,NBO→KIS,17:10,18:10,60,Jambojet,0,126.0,16380,html_scrape
2026-07-24 17:25,2026-07-26,NBO→KIS,06:50,07:40,50,Safarilink,0,105.0,13650,html_scrape
2026-07-24 17:25,2026-07-27,NBO→KIS,15:30,16:30,60,Jambojet,0,73.0,9490,html_scrape
2026-07-24 17:25,2026-07-27,NBO→KIS,09:20,10:20,60,Jambojet,0,88.0,11440,html_scrape
2026-07-24 17:25,2026-07-27,NBO→KIS,06:00,07:00,60,Jambojet,0,68.0,8840,html_scrape
2026-07-24 17:25,2026-07-27,NBO→KIS,06:30,07:30,60,Jambojet,0,76.0,9880,html_scrape
2026-07-24 17:25,2026-07-27,NBO→KIS,13:10,14:10,60,Jambojet,0,148.0,19240,html_scrape
2026-07-24 17:25,2026-07-27,NBO→KIS,07:00,12:55,355,Jambojet,1,255.0,33150,html_scrape
2026-07-24 17:25,2026-07-28,NBO→KIS,15:30,16:30,60,Jambojet,0,68.0,8840,html_scrape
2026-07-24 17:25,2026-07-28,NBO→KIS,18:50,19:50,60,Jambojet,0,68.0,8840,html_scrape
2026-07-24 17:25,2026-07-28,NBO→KIS,12:50,13:50,60,Jambojet,0,76.0,9880,html_scrape
2026-07-24 17:25,2026-07-28,NBO→KIS,09:20,10:20,60,Jambojet,0,80.0,10400,html_scrape
2026-07-24 17:25,2026-07-28,NBO→KIS,06:30,07:30,60,Jambojet,0,68.0,8840,html_scrape
2026-07-24 17:25,2026-07-28,NBO→KIS,06:00,07:00,60,Jambojet,0,73.0,9490,html_scrape
2026-07-24 17:25,2026-07-28,NBO→KIS,07:00,12:55,355,Jambojet,1,226.0,29380,html_scrape
2026-07-24 17:25,2026-07-29,NBO→KIS,15:30,16:30,60,Jambojet,0,68.0,8840,html_scrape
2026-07-24 17:25,2026-07-29,NBO→KIS,17:10,18:10,60,Jambojet,0,68.0,8840,html_scrape
2026-07-24 17:25,2026-07-29,NBO→KIS,12:50,13:50,60,Jambojet,0,80.0,10400,html_scrape
2026-07-24 17:25,2026-07-29,NBO→KIS,08:00,08:50,50,Unknown,0,122.0,15860,html_scrape
2026-07-24 17:25,2026-07-30,NBO→KIS,12:50,13:50,60,Jambojet,0,73.0,9490,html_scrape
2026-07-24 17:25,2026-07-30,NBO→KIS,11:45,12:35,50,Unknown,0,87.0,11310,html_scrape
2026-07-24 17:26,2026-07-31,NBO→KIS,17:10,18:10,60,Jambojet,0,80.0,10400,html_scrape
2026-07-24 17:26,2026-07-31,NBO→KIS,12:50,13:50,60,Jambojet,0,91.0,11830,html_scrape
2026-07-24 17:26,2026-07-31,NBO→KIS,09:20,10:20,60,Jambojet,0,91.0,11830,html_scrape
2026-07-24 17:26,2026-07-24,NBO→EDL,16:00,17:00,60,Jambojet,0,76.0,9880,html_scrape
2026-07-24 17:26,2026-07-25,NBO→EDL,19:20,20:20,60,Jambojet,0,65.0,8450,html_scrape
2026-07-24 17:26,2026-07-26,NBO→EDL,21:10,13:20,970,Jambojet,2,210.0,27300,html_scrape
2026-07-24 17:27,2026-07-27,NBO→EDL,12:20,13:20,60,Jambojet,0,68.0,8840,html_scrape
2026-07-24 17:27,2026-07-27,NBO→EDL,08:25,12:00,215,Unknown,1,417.0,54210,html_scrape
2026-07-24 17:27,2026-07-27,NBO→EDL,23:59,12:00,721,Jambojet,1,240.0,31200,html_scrape
2026-07-24 17:27,2026-07-27,NBO→EDL,21:10,10:30,800,Jambojet,2,221.0,28730,html_scrape
2026-07-24 17:27,2026-07-27,NBO→EDL,19:10,10:30,920,Unknown,2,229.0,29770,html_scrape
2026-07-24 17:27,2026-07-28,NBO→EDL,07:00,12:00,300,Jambojet,1,204.0,26520,html_scrape
2026-07-24 17:27,2026-07-28,NBO→EDL,08:25,12:00,215,Unknown,1,399.0,51870,html_scrape
2026-07-24 17:27,2026-07-28,NBO→EDL,23:59,12:00,721,Jambojet,1,207.0,26910,html_scrape
2026-07-24 17:27,2026-07-28,NBO→EDL,06:00,12:00,360,Unknown,1,399.0,51870,html_scrape
2026-07-24 17:27,2026-07-29,NBO→EDL,07:00,12:00,300,Jambojet,1,220.0,28600,html_scrape
2026-07-24 17:27,2026-07-30,NBO→EDL,06:00,12:00,360,Unknown,1,364.0,47320,html_scrape
2026-07-24 17:27,2026-07-31,NBO→EDL,17:00,17:40,40,Unknown,0,57.0,7410,html_scrape
2026-07-24 17:27,2026-07-31,NBO→EDL,07:00,12:00,300,Jambojet,1,205.0,26650,html_scrape
2026-07-25 06:10,2026-07-25,NBO→MBA,20:00,21:00,60,Unknown,0,93.0,12090,html_scrape
2026-07-25 06:10,2026-07-25,NBO→MBA,16:45,17:45,60,Unknown,0,131.0,17030,html_scrape
2026-07-25 06:10,2026-07-26,NBO→MBA,13:00,14:00,60,Unknown,0,119.0,15470,html_scrape
2026-07-25 06:11,2026-07-27,NBO→MBA,17:00,18:00,60,Unknown,0,126.0,16380,html_scrape
2026-07-25 06:11,2026-07-28,NBO→MBA,18:15,19:30,75,Jambojet,0,80.0,10400,html_scrape
2026-07-25 06:11,2026-07-28,NBO→MBA,21:10,22:25,75,Jambojet,0,80.0,10400,html_scrape
2026-07-25 06:11,2026-07-28,NBO→MBA,17:05,18:20,75,Jambojet,0,95.0,12350,html_scrape
2026-07-25 06:11,2026-07-30,NBO→MBA,18:00,19:00,60,Unknown,0,78.0,10140,html_scrape
2026-07-25 06:11,2026-07-31,NBO→MBA,16:00,17:00,60,Unknown,0,65.0,8450,html_scrape
2026-07-25 06:12,2026-08-01,NBO→MBA,18:00,19:00,60,Unknown,0,78.0,10140,html_scrape
2026-07-25 06:12,2026-08-01,NBO→MBA,12:00,13:00,60,Unknown,0,89.0,11570,html_scrape
2026-07-25 06:12,2026-08-01,NBO→MBA,10:00,11:00,60,Unknown,0,89.0,11570,html_scrape
2026-07-25 06:12,2026-08-01,NBO→MBA,17:30,18:45,75,Jambojet,0,84.0,10920,html_scrape
2026-07-25 06:12,2026-08-01,NBO→MBA,19:20,20:35,75,Jambojet,0,76.0,9880,html_scrape
2026-07-25 06:12,2026-08-01,NBO→MBA,19:00,20:15,75,Jambojet,0,80.0,10400,html_scrape
2026-07-25 06:12,2026-08-01,NBO→MBA,08:30,09:30,60,Unknown,0,89.0,11570,html_scrape
2026-07-25 06:12,2026-08-01,NBO→MBA,13:30,14:45,75,Jambojet,0,102.0,13260,html_scrape
2026-07-25 06:12,2026-08-01,NBO→MBA,21:10,22:25,75,Jambojet,0,80.0,10400,html_scrape
2026-07-25 06:12,2026-08-01,NBO→MBA,16:30,17:45,75,Jambojet,0,99.0,12870,html_scrape
2026-07-25 06:12,2026-07-25,NBO→KIS,16:45,17:35,50,Unknown,0,151.0,19630,html_scrape
2026-07-25 06:12,2026-07-26,NBO→KIS,17:20,18:10,50,Unknown,0,109.0,14170,html_scrape
2026-07-25 06:12,2026-07-26,NBO→KIS,11:45,12:35,50,Unknown,0,127.0,16510,html_scrape
2026-07-25 06:12,2026-07-27,NBO→KIS,15:30,16:30,60,Jambojet,0,76.0,9880,html_scrape
2026-07-25 06:12,2026-07-27,NBO→KIS,17:20,18:10,50,Unknown,0,99.0,12870,html_scrape
2026-07-25 06:12,2026-07-27,NBO→KIS,09:20,10:20,60,Jambojet,0,91.0,11830,html_scrape
2026-07-25 06:12,2026-07-27,NBO→KIS,06:00,07:00,60,Jambojet,0,73.0,9490,html_scrape
2026-07-25 06:12,2026-07-27,NBO→KIS,13:10,14:10,60,Jambojet,0,149.0,19370,html_scrape
2026-07-25 06:13,2026-07-28,NBO→KIS,16:40,17:30,50,Unknown,0,99.0,12870,html_scrape
2026-07-25 06:13,2026-07-31,NBO→KIS,15:30,16:30,60,Jambojet,0,80.0,10400,html_scrape
2026-07-25 06:13,2026-07-31,NBO→KIS,06:30,07:30,60,Jambojet,0,80.0,10400,html_scrape
2026-07-25 06:13,2026-08-01,NBO→KIS,18:00,19:00,60,Jambojet,0,80.0,10400,html_scrape
2026-07-25 06:13,2026-08-01,NBO→KIS,17:05,18:05,60,Jambojet,0,88.0,11440,html_scrape
2026-07-25 06:13,2026-08-01,NBO→KIS,12:50,13:50,60,Jambojet,0,99.0,12870,html_scrape
2026-07-25 06:13,2026-08-01,NBO→KIS,06:30,07:30,60,Jambojet,0,80.0,10400,html_scrape
2026-07-25 06:13,2026-08-01,NBO→KIS,09:20,10:20,60,Jambojet,0,99.0,12870,html_scrape
2026-07-25 06:13,2026-08-01,NBO→KIS,18:00,18:50,50,Safarilink,0,105.0,13650,html_scrape
2026-07-25 06:13,2026-08-01,NBO→KIS,06:00,07:00,60,Jambojet,0,80.0,10400,html_scrape
2026-07-25 06:13,2026-08-01,NBO→KIS,19:20,20:10,50,Safarilink,0,105.0,13650,html_scrape
2026-07-25 06:13,2026-08-01,NBO→KIS,16:40,17:30,50,Unknown,0,122.0,15860,html_scrape
2026-07-25 06:13,2026-08-01,NBO→KIS,06:50,07:40,50,Safarilink,0,105.0,13650,html_scrape
2026-07-25 06:14,2026-07-25,NBO→EDL,18:30,19:30,60,Jambojet,0,65.0,8450,html_scrape
2026-07-25 06:14,2026-07-25,NBO→EDL,16:10,17:10,60,Jambojet,0,65.0,8450,html_scrape
2026-07-25 06:14,2026-07-26,NBO→EDL,21:10,12:00,890,Jambojet,1,214.0,27820,html_scrape
2026-07-25 06:14,2026-07-26,NBO→EDL,19:20,13:20,1080,Jambojet,2,215.0,27950,html_scrape
2026-07-25 06:14,2026-07-27,NBO→EDL,21:10,12:00,890,Unknown,1,340.0,44200,html_scrape
2026-07-25 06:15,2026-07-29,NBO→EDL,09:30,10:30,60,Jambojet,0,68.0,8840,html_scrape
2026-07-25 06:15,2026-07-29,NBO→EDL,21:10,12:00,890,Unknown,1,305.0,39650,html_scrape
2026-07-25 06:15,2026-07-30,NBO→EDL,21:10,12:00,890,Unknown,1,349.0,45370,html_scrape
2026-07-25 06:15,2026-08-01,NBO→EDL,17:00,17:40,40,Unknown,0,61.0,7930,html_scrape
2026-07-25 06:15,2026-08-01,NBO→EDL,12:20,13:20,60,Jambojet,0,65.0,8450,html_scrape
2026-07-25 06:15,2026-08-01,NBO→EDL,09:30,10:30,60,Jambojet,0,65.0,8450,html_scrape
2026-07-25 06:15,2026-08-01,NBO→EDL,16:00,17:00,60,Jambojet,0,65.0,8450,html_scrape
2026-07-25 06:15,2026-08-01,NBO→EDL,19:10,20:10,60,Jambojet,0,65.0,8450,html_scrape
2026-07-25 06:15,2026-08-01,NBO→EDL,07:20,08:20,60,Jambojet,0,65.0,8450,html_scrape
2026-07-25 06:15,2026-08-01,NBO→EDL,06:20,07:20,60,Jambojet,0,65.0,8450,html_scrape
2026-07-25 06:15,2026-08-01,NBO→EDL,06:30,12:00,330,Jambojet,1,240.0,31200,html_scrape
2026-07-25 06:15,2026-08-01,NBO→EDL,08:25,12:00,215,Unknown,1,417.0,54210,html_scrape
2026-07-25 06:15,2026-08-01,NBO→EDL,06:00,12:00,360,Unknown,1,360.0,46800,html_scrape
2026-07-25 16:49,2026-07-25,NBO→MBA,20:50,21:50,60,Unknown,0,99.0,12870,html_scrape
2026-07-25 16:49,2026-07-26,NBO→MBA,21:10,22:25,75,Jambojet,0,84.0,10920,html_scrape
2026-07-25 16:49,2026-07-26,NBO→MBA,19:10,20:10,60,Unknown,0,99.0,12870,html_scrape
2026-07-25 16:49,2026-07-26,NBO→MBA,20:50,21:50,60,Unknown,0,99.0,12870,html_scrape
2026-07-25 16:49,2026-07-26,NBO→MBA,14:00,15:10,70,Safarilink,0,121.0,15730,html_scrape
2026-07-25 16:49,2026-07-26,NBO→MBA,13:00,14:00,60,Unknown,0,144.0,18720,html_scrape
2026-07-25 16:49,2026-07-26,NBO→MBA,23:59,00:59,60,Unknown,0,99.0,12870,html_scrape
2026-07-25 16:49,2026-07-26,NBO→MBA,06:45,07:55,70,Safarilink,0,121.0,15730,html_scrape
2026-07-25 16:49,2026-07-26,NBO→MBA,19:00,20:15,75,Jambojet,0,142.0,18460,html_scrape
2026-07-25 16:49,2026-07-27,NBO→MBA,19:10,20:10,60,Unknown,0,94.0,12220,html_scrape
2026-07-25 16:49,2026-07-27,NBO→MBA,21:10,22:25,75,Jambojet,0,88.0,11440,html_scrape
2026-07-25 16:49,2026-07-27,NBO→MBA,18:15,19:30,75,Jambojet,0,119.0,15470,html_scrape
2026-07-25 16:49,2026-07-27,NBO→MBA,15:00,16:00,60,Unknown,0,132.0,17160,html_scrape
2026-07-25 16:49,2026-07-27,NBO→MBA,06:05,07:20,75,Jambojet,0,111.0,14430,html_scrape
2026-07-25 16:49,2026-07-28,NBO→MBA,19:20,20:35,75,Jambojet,0,80.0,10400,html_scrape
2026-07-25 16:49,2026-07-28,NBO→MBA,07:00,08:00,60,Unknown,0,89.0,11570,html_scrape
2026-07-25 16:49,2026-07-29,NBO→MBA,19:00,20:15,75,Jambojet,0,95.0,12350,html_scrape
2026-07-25 16:49,2026-07-29,NBO→MBA,18:00,19:00,60,Unknown,0,114.0,14820,html_scrape
2026-07-25 16:50,2026-07-31,NBO→MBA,18:00,19:00,60,Unknown,0,65.0,8450,html_scrape
2026-07-25 16:50,2026-07-31,NBO→MBA,19:20,20:35,75,Jambojet,0,88.0,11440,html_scrape
2026-07-25 16:50,2026-08-01,NBO→MBA,18:00,19:00,60,Unknown,0,89.0,11570,html_scrape
2026-07-25 16:50,2026-07-25,NBO→KIS,17:10,18:10,60,Jambojet,0,68.0,8840,html_scrape
2026-07-25 16:50,2026-07-25,NBO→KIS,06:00,07:00,60,Jambojet,0,73.0,9490,html_scrape
2026-07-25 16:51,2026-07-26,NBO→KIS,17:20,18:10,50,Unknown,0,122.0,15860,html_scrape
2026-07-25 16:51,2026-07-27,NBO→KIS,13:10,14:10,60,Jambojet,0,95.0,12350,html_scrape
2026-07-25 16:51,2026-07-27,NBO→KIS,09:20,10:20,60,Jambojet,0,119.0,15470,html_scrape
2026-07-25 16:51,2026-07-27,NBO→KIS,07:00,07:50,50,Unknown,0,122.0,15860,html_scrape
2026-07-25 16:51,2026-07-28,NBO→KIS,06:30,07:30,60,Jambojet,0,56.0,7280,html_scrape
2026-07-25 16:51,2026-07-28,NBO→KIS,06:00,07:00,60,Jambojet,0,56.0,7280,html_scrape
2026-07-25 16:51,2026-07-28,NBO→KIS,07:00,12:55,355,Jambojet,1,237.0,30810,html_scrape
2026-07-25 16:51,2026-07-29,NBO→KIS,06:30,07:30,60,Jambojet,0,73.0,9490,html_scrape
2026-07-25 16:51,2026-07-29,NBO→KIS,08:00,08:50,50,Unknown,0,129.0,16770,html_scrape
2026-07-25 16:51,2026-07-30,NBO→KIS,15:30,16:30,60,Jambojet,0,73.0,9490,html_scrape
2026-07-25 16:51,2026-07-30,NBO→KIS,09:20,10:20,60,Jambojet,0,84.0,10920,html_scrape
2026-07-25 16:51,2026-07-30,NBO→KIS,06:30,07:30,60,Jambojet,0,73.0,9490,html_scrape
2026-07-25 16:52,2026-07-31,NBO→KIS,15:30,16:30,60,Jambojet,0,84.0,10920,html_scrape
2026-07-25 16:52,2026-07-31,NBO→KIS,06:00,07:00,60,Jambojet,0,88.0,11440,html_scrape
2026-07-25 16:52,2026-07-26,NBO→EDL,21:10,12:00,890,Jambojet,1,225.0,29250,html_scrape
2026-07-25 16:52,2026-07-26,NBO→EDL,19:20,13:20,1080,Jambojet,2,207.0,26910,html_scrape
2026-07-25 16:53,2026-07-27,NBO→EDL,16:10,17:10,60,Jambojet,0,68.0,8840,html_scrape
2026-07-25 16:53,2026-07-27,NBO→EDL,09:30,10:30,60,Jambojet,0,88.0,11440,html_scrape
2026-07-25 16:53,2026-07-27,NBO→EDL,23:59,12:00,721,Jambojet,1,252.0,32760,html_scrape
2026-07-25 16:53,2026-07-27,NBO→EDL,21:10,10:30,800,Jambojet,2,229.0,29770,html_scrape
2026-07-25 16:53,2026-07-27,NBO→EDL,19:10,10:30,920,Unknown,2,235.0,30550,html_scrape
2026-07-25 16:53,2026-07-27,NBO→EDL,21:10,12:00,890,Unknown,1,360.0,46800,html_scrape
2026-07-25 16:53,2026-07-27,NBO→EDL,19:20,12:00,1000,Unknown,1,360.0,46800,html_scrape
2026-07-25 16:53,2026-07-28,NBO→EDL,06:20,07:20,60,Jambojet,0,68.0,8840,html_scrape
2026-07-25 16:53,2026-07-28,NBO→EDL,07:00,12:00,300,Jambojet,1,215.0,27950,html_scrape
2026-07-25 16:53,2026-07-28,NBO→EDL,06:00,12:00,360,Unknown,1,408.0,53040,html_scrape
2026-07-25 16:53,2026-07-29,NBO→EDL,21:10,12:00,890,Unknown,1,322.0,41860,html_scrape
2026-07-25 16:53,2026-07-30,NBO→EDL,08:25,12:00,215,Unknown,1,390.0,50700,html_scrape
2026-07-25 16:53,2026-07-30,NBO→EDL,06:00,12:00,360,Unknown,1,372.0,48360,html_scrape
2026-07-25 16:54,2026-07-31,NBO→EDL,12:20,13:20,60,Jambojet,0,99.0,12870,html_scrape
2026-07-26 06:30,2026-07-26,NBO→MBA,17:00,18:00,60,Unknown,0,156.0,20280,html_scrape
2026-07-26 06:30,2026-07-26,NBO→MBA,20:50,21:50,60,Unknown,0,171.0,22230,html_scrape
2026-07-26 06:30,2026-07-26,NBO→MBA,15:00,16:00,60,Unknown,0,224.0,29120,html_scrape
2026-07-26 06:31,2026-07-27,NBO→MBA,19:20,20:35,75,Jambojet,0,95.0,12350,html_scrape
2026-07-26 06:31,2026-07-27,NBO→MBA,13:00,14:00,60,Unknown,0,144.0,18720,html_scrape
2026-07-26 06:31,2026-07-27,NBO→MBA,06:45,07:55,70,Safarilink,0,121.0,15730,html_scrape
2026-07-26 06:31,2026-07-27,NBO→MBA,09:40,10:55,75,Jambojet,0,134.0,17420,html_scrape
2026-07-26 06:31,2026-07-27,NBO→MBA,19:10,20:10,60,Unknown,0,132.0,17160,html_scrape
2026-07-26 06:31,2026-07-28,NBO→MBA,14:00,15:10,70,Safarilink,0,121.0,15730,html_scrape
2026-07-26 06:31,2026-07-29,NBO→MBA,19:20,20:35,75,Jambojet,0,95.0,12350,html_scrape
2026-07-26 06:31,2026-07-29,NBO→MBA,20:50,21:50,60,Unknown,0,108.0,14040,html_scrape
2026-07-26 06:31,2026-07-30,NBO→MBA,18:00,19:00,60,Unknown,0,89.0,11570,html_scrape
2026-07-26 06:31,2026-07-30,NBO→MBA,19:00,20:15,75,Jambojet,0,95.0,12350,html_scrape
2026-07-26 06:31,2026-07-30,NBO→MBA,17:30,18:45,75,Jambojet,0,102.0,13260,html_scrape
2026-07-26 06:31,2026-07-31,NBO→MBA,16:00,17:00,60,Unknown,0,78.0,10140,html_scrape
2026-07-26 06:31,2026-07-31,NBO→MBA,07:00,08:00,60,Unknown,0,78.0,10140,html_scrape
2026-07-26 06:32,2026-08-01,NBO→MBA,19:20,20:35,75,Jambojet,0,80.0,10400,html_scrape
2026-07-26 06:32,2026-08-02,NBO→MBA,18:00,19:00,60,Unknown,0,78.0,10140,html_scrape
2026-07-26 06:32,2026-08-02,NBO→MBA,12:00,13:00,60,Unknown,0,89.0,11570,html_scrape
2026-07-26 06:32,2026-08-02,NBO→MBA,16:00,17:00,60,Unknown,0,89.0,11570,html_scrape
2026-07-26 06:32,2026-08-02,NBO→MBA,19:20,20:35,75,Jambojet,0,80.0,10400,html_scrape
2026-07-26 06:32,2026-08-02,NBO→MBA,17:30,18:45,75,Jambojet,0,88.0,11440,html_scrape
2026-07-26 06:32,2026-08-02,NBO→MBA,19:00,20:15,75,Jambojet,0,88.0,11440,html_scrape
2026-07-26 06:32,2026-08-02,NBO→MBA,21:10,22:25,75,Jambojet,0,80.0,10400,html_scrape
2026-07-26 06:32,2026-08-02,NBO→MBA,19:30,20:30,60,Unknown,0,93.0,12090,html_scrape
2026-07-26 06:32,2026-08-02,NBO→MBA,13:20,14:35,75,Jambojet,0,99.0,12870,html_scrape
2026-07-26 06:32,2026-08-02,NBO→MBA,13:35,14:50,75,Jambojet,0,99.0,12870,html_scrape
2026-07-26 06:32,2026-07-27,NBO→KIS,13:10,14:10,60,Jambojet,0,91.0,11830,html_scrape
2026-07-26 06:32,2026-07-27,NBO→KIS,06:00,07:00,60,Jambojet,0,76.0,9880,html_scrape
2026-07-26 06:32,2026-07-27,NBO→KIS,09:20,10:20,60,Jambojet,0,126.0,16380,html_scrape
2026-07-26 06:33,2026-07-28,NBO→KIS,23:59,12:55,776,Jambojet,1,236.0,30680,html_scrape
2026-07-26 06:33,2026-07-30,NBO→KIS,12:50,13:50,60,Jambojet,0,76.0,9880,html_scrape
2026-07-26 06:33,2026-07-30,NBO→KIS,11:45,12:35,50,Unknown,0,99.0,12870,html_scrape
2026-07-26 06:33,2026-07-30,NBO→KIS,09:20,10:20,60,Jambojet,0,91.0,11830,html_scrape
2026-07-26 06:34,2026-08-02,NBO→KIS,17:10,18:10,60,Jambojet,0,73.0,9490,html_scrape
2026-07-26 06:34,2026-08-02,NBO→KIS,17:20,18:10,50,Unknown,0,86.0,11180,html_scrape
2026-07-26 06:34,2026-08-02,NBO→KIS,15:30,16:30,60,Jambojet,0,88.0,11440,html_scrape
2026-07-26 06:34,2026-08-02,NBO→KIS,09:10,10:10,60,Jambojet,0,80.0,10400,html_scrape
2026-07-26 06:34,2026-08-02,NBO→KIS,12:50,13:50,60,Jambojet,0,95.0,12350,html_scrape
2026-07-26 06:34,2026-08-02,NBO→KIS,18:00,18:50,50,Safarilink,0,105.0,13650,html_scrape
2026-07-26 06:34,2026-08-02,NBO→KIS,06:00,07:00,60,Jambojet,0,73.0,9490,html_scrape
2026-07-26 06:34,2026-08-02,NBO→KIS,19:20,20:10,50,Safarilink,0,105.0,13650,html_scrape
2026-07-26 06:34,2026-08-02,NBO→KIS,11:45,12:35,50,Unknown,0,122.0,15860,html_scrape
2026-07-26 06:34,2026-08-02,NBO→KIS,06:50,07:40,50,Safarilink,0,105.0,13650,html_scrape
2026-07-26 06:34,2026-07-26,NBO→EDL,18:30,19:30,60,Jambojet,0,65.0,8450,html_scrape
2026-07-26 06:34,2026-07-26,NBO→EDL,16:10,17:10,60,Jambojet,0,68.0,8840,html_scrape
2026-07-26 06:34,2026-07-26,NBO→EDL,12:20,13:20,60,Jambojet,0,73.0,9490,html_scrape
2026-07-26 06:34,2026-07-27,NBO→EDL,09:30,10:30,60,Jambojet,0,91.0,11830,html_scrape
2026-07-26 06:34,2026-07-27,NBO→EDL,23:59,12:00,721,Jambojet,1,246.0,31980,html_scrape
2026-07-26 06:34,2026-07-27,NBO→EDL,21:10,10:30,800,Jambojet,2,230.0,29900,html_scrape
2026-07-26 06:34,2026-07-28,NBO→EDL,18:00,07:20,800,Unknown,2,219.0,28470,html_scrape
2026-07-26 06:35,2026-07-31,NBO→EDL,12:20,13:20,60,Jambojet,0,102.0,13260,html_scrape
2026-07-26 06:35,2026-07-31,NBO→EDL,07:00,12:00,300,Jambojet,1,226.0,29380,html_scrape
2026-07-26 06:35,2026-08-02,NBO→EDL,17:00,17:40,40,Unknown,0,61.0,7930,html_scrape
2026-07-26 06:35,2026-08-02,NBO→EDL,16:00,17:00,60,Jambojet,0,73.0,9490,html_scrape
2026-07-26 06:35,2026-08-02,NBO→EDL,10:10,11:10,60,Jambojet,0,73.0,9490,html_scrape
2026-07-26 06:35,2026-08-02,NBO→EDL,18:30,19:30,60,Jambojet,0,73.0,9490,html_scrape
2026-07-26 06:35,2026-08-02,NBO→EDL,12:10,13:10,60,Jambojet,0,84.0,10920,html_scrape
2026-07-26 06:35,2026-08-02,NBO→EDL,21:10,12:00,890,Unknown,1,349.0,45370,html_scrape
2026-07-26 06:35,2026-08-02,NBO→EDL,19:00,12:00,1020,Unknown,1,349.0,45370,html_scrape
2026-07-26 06:35,2026-08-02,NBO→EDL,19:20,12:00,1000,Unknown,1,349.0,45370,html_scrape
2026-07-26 06:35,2026-08-02,NBO→EDL,17:30,12:00,1110,Unknown,1,349.0,45370,html_scrape
2026-07-26 06:35,2026-08-02,NBO→EDL,13:35,12:00,1345,Unknown,1,362.0,47060,html_scrape
2026-07-26 16:51,2026-07-26,NBO→MBA,19:20,20:35,75,Jambojet,0,102.0,13260,html_scrape
2026-07-26 16:51,2026-07-27,NBO→MBA,19:20,20:35,75,Jambojet,0,102.0,13260,html_scrape
2026-07-26 16:51,2026-07-27,NBO→MBA,17:00,18:00,60,Unknown,0,144.0,18720,html_scrape
2026-07-26 16:51,2026-07-27,NBO→MBA,09:40,10:55,75,Jambojet,0,141.0,18330,html_scrape
2026-07-26 16:51,2026-07-27,NBO→MBA,14:00,15:10,70,Safarilink,0,152.0,19760,html_scrape
2026-07-26 16:51,2026-07-27,NBO→MBA,08:00,09:00,60,Unknown,0,151.0,19630,html_scrape
2026-07-26 16:51,2026-07-27,NBO→MBA,15:00,16:00,60,Unknown,0,192.0,24960,html_scrape
2026-07-26 16:52,2026-07-28,NBO→MBA,23:59,00:59,60,Unknown,0,88.0,11440,html_scrape
2026-07-26 16:52,2026-07-29,NBO→MBA,21:10,22:25,75,Jambojet,0,88.0,11440,html_scrape
2026-07-26 16:52,2026-07-29,NBO→MBA,18:15,19:30,75,Jambojet,0,102.0,13260,html_scrape
2026-07-26 16:52,2026-07-29,NBO→MBA,15:00,16:00,60,Unknown,0,126.0,16380,html_scrape
2026-07-26 16:52,2026-07-29,NBO→MBA,08:00,09:00,60,Unknown,0,114.0,14820,html_scrape
2026-07-26 16:52,2026-07-31,NBO→MBA,18:00,19:00,60,Unknown,0,78.0,10140,html_scrape
2026-07-26 16:52,2026-07-31,NBO→MBA,18:15,19:30,75,Jambojet,0,95.0,12350,html_scrape
2026-07-26 16:52,2026-08-01,NBO→MBA,21:10,22:25,75,Jambojet,0,76.0,9880,html_scrape
2026-07-26 16:53,2026-08-02,NBO→MBA,19:00,20:15,75,Jambojet,0,84.0,10920,html_scrape
2026-07-26 16:53,2026-08-02,NBO→MBA,18:00,19:00,60,Unknown,0,89.0,11570,html_scrape
2026-07-26 16:53,2026-08-02,NBO→MBA,12:00,13:00,60,Unknown,0,101.0,13130,html_scrape
2026-07-26 16:53,2026-08-02,NBO→MBA,21:10,22:25,75,Jambojet,0,84.0,10920,html_scrape
2026-07-26 16:53,2026-07-26,NBO→KIS,17:20,18:10,50,Unknown,0,99.0,12870,html_scrape
2026-07-26 16:53,2026-07-26,NBO→KIS,07:00,07:50,50,Unknown,0,146.0,18980,html_scrape
2026-07-26 16:53,2026-07-27,NBO→KIS,07:00,07:50,50,Unknown,0,165.0,21450,html_scrape
2026-07-26 16:53,2026-07-27,NBO→KIS,21:10,12:55,945,Jambojet,1,236.0,30680,html_scrape
2026-07-26 16:53,2026-07-27,NBO→KIS,21:10,10:20,790,Jambojet,2,253.0,32890,html_scrape
2026-07-26 16:53,2026-07-27,NBO→KIS,21:10,16:30,1160,Jambojet,2,245.0,31850,html_scrape
2026-07-26 16:53,2026-07-28,NBO→KIS,06:30,07:30,60,Jambojet,0,64.0,8320,html_scrape
2026-07-26 16:53,2026-07-28,NBO→KIS,06:00,07:00,60,Jambojet,0,64.0,8320,html_scrape
2026-07-26 16:54,2026-07-30,NBO→KIS,18:00,19:00,60,Jambojet,0,73.0,9490,html_scrape
2026-07-26 16:54,2026-07-30,NBO→KIS,06:00,07:00,60,Jambojet,0,68.0,8840,html_scrape
2026-07-26 16:54,2026-08-01,NBO→KIS,09:20,10:20,60,Jambojet,0,102.0,13260,html_scrape
2026-07-26 16:54,2026-08-01,NBO→KIS,06:00,07:00,60,Jambojet,0,84.0,10920,html_scrape
2026-07-26 16:54,2026-08-02,NBO→KIS,17:10,18:10,60,Jambojet,0,80.0,10400,html_scrape
2026-07-26 16:55,2026-07-27,NBO→EDL,23:59,12:00,721,Jambojet,1,258.0,33540,html_scrape
2026-07-26 16:55,2026-07-28,NBO→EDL,15:50,16:50,60,Jambojet,0,68.0,8840,html_scrape
2026-07-26 16:55,2026-07-28,NBO→EDL,21:10,12:00,890,Unknown,1,314.0,40820,html_scrape
2026-07-26 16:55,2026-07-29,NBO→EDL,06:20,07:20,60,Jambojet,0,68.0,8840,html_scrape
2026-07-26 16:55,2026-07-29,NBO→EDL,21:10,12:00,890,Unknown,1,342.0,44460,html_scrape
2026-07-26 16:56,2026-07-30,NBO→EDL,08:25,12:00,215,Unknown,1,399.0,51870,html_scrape
2026-07-26 16:56,2026-07-30,NBO→EDL,06:00,12:00,360,Unknown,1,381.0,49530,html_scrape
2026-07-26 16:56,2026-07-30,NBO→EDL,09:45,19:30,585,Jambojet,2,323.0,41990,html_scrape
2026-07-26 16:56,2026-07-31,NBO→EDL,12:20,13:20,60,Jambojet,0,111.0,14430,html_scrape
2026-07-26 16:56,2026-07-31,NBO→EDL,06:05,12:00,355,Unknown,1,399.0,51870,html_scrape
2026-07-26 16:56,2026-07-31,NBO→EDL,23:59,12:00,721,Jambojet,1,267.0,34710,html_scrape
2026-07-27 06:57,2026-07-27,NBO→MBA,20:35,21:35,60,Unknown,0,120.0,15600,html_scrape
2026-07-27 06:57,2026-07-27,NBO→MBA,17:00,18:00,60,Unknown,0,151.0,19630,html_scrape
2026-07-27 06:57,2026-07-27,NBO→MBA,23:59,00:59,60,Unknown,0,132.0,17160,html_scrape
2026-07-27 06:57,2026-07-28,NBO→MBA,18:15,19:30,75,Jambojet,0,88.0,11440,html_scrape
2026-07-27 06:57,2026-07-28,NBO→MBA,19:20,20:35,75,Jambojet,0,88.0,11440,html_scrape
2026-07-27 06:57,2026-07-28,NBO→MBA,13:30,14:45,75,Jambojet,0,134.0,17420,html_scrape
2026-07-27 06:57,2026-07-29,NBO→MBA,17:00,18:00,60,Unknown,0,126.0,16380,html_scrape
2026-07-27 06:57,2026-07-30,NBO→MBA,19:00,20:15,75,Jambojet,0,102.0,13260,html_scrape
2026-07-27 06:57,2026-07-30,NBO→MBA,17:05,18:20,75,Jambojet,0,119.0,15470,html_scrape
2026-07-27 06:58,2026-08-02,NBO→MBA,19:20,20:35,75,Jambojet,0,84.0,10920,html_scrape
2026-07-27 06:58,2026-08-03,NBO→MBA,18:00,19:00,60,Unknown,0,65.0,8450,html_scrape
2026-07-27 06:58,2026-08-03,NBO→MBA,12:00,13:00,60,Unknown,0,89.0,11570,html_scrape
2026-07-27 06:58,2026-08-03,NBO→MBA,18:15,19:30,75,Jambojet,0,88.0,11440,html_scrape
2026-07-27 06:58,2026-08-03,NBO→MBA,11:00,12:15,75,Jambojet,0,99.0,12870,html_scrape
2026-07-27 06:58,2026-08-03,NBO→MBA,21:10,22:25,75,Jambojet,0,80.0,10400,html_scrape
2026-07-27 06:58,2026-08-03,NBO→MBA,17:30,18:45,75,Jambojet,0,99.0,12870,html_scrape
2026-07-27 06:58,2026-08-03,NBO→MBA,19:20,20:35,75,Jambojet,0,91.0,11830,html_scrape
2026-07-27 06:58,2026-08-03,NBO→MBA,13:35,14:50,75,Jambojet,0,102.0,13260,html_scrape
2026-07-27 06:58,2026-08-03,NBO→MBA,06:05,07:20,75,Jambojet,0,88.0,11440,html_scrape
2026-07-27 06:58,2026-08-03,NBO→MBA,10:00,11:00,60,Unknown,0,114.0,14820,html_scrape
2026-07-27 06:59,2026-07-27,NBO→KIS,17:20,18:10,50,Unknown,0,104.0,13520,html_scrape
2026-07-27 06:59,2026-07-28,NBO→KIS,15:30,16:30,60,Jambojet,0,73.0,9490,html_scrape
2026-07-27 06:59,2026-07-28,NBO→KIS,18:50,19:50,60,Jambojet,0,73.0,9490,html_scrape
2026-07-27 06:59,2026-07-28,NBO→KIS,16:40,17:30,50,Unknown,0,104.0,13520,html_scrape
2026-07-27 06:59,2026-07-29,NBO→KIS,09:20,10:20,60,Jambojet,0,76.0,9880,html_scrape
2026-07-27 06:59,2026-07-29,NBO→KIS,08:00,08:50,50,Unknown,0,146.0,18980,html_scrape
2026-07-27 06:59,2026-07-30,NBO→KIS,16:05,16:55,50,Unknown,0,87.0,11310,html_scrape
2026-07-27 06:59,2026-07-30,NBO→KIS,09:20,10:20,60,Jambojet,0,95.0,12350,html_scrape
2026-07-27 06:59,2026-07-30,NBO→KIS,11:45,12:35,50,Unknown,0,104.0,13520,html_scrape
2026-07-27 06:59,2026-07-31,NBO→KIS,09:20,10:20,60,Jambojet,0,95.0,12350,html_scrape
2026-07-27 07:00,2026-08-01,NBO→KIS,09:20,10:20,60,Jambojet,0,111.0,14430,html_scrape
2026-07-27 07:00,2026-08-02,NBO→KIS,06:00,07:00,60,Jambojet,0,80.0,10400,html_scrape
2026-07-27 07:00,2026-08-03,NBO→KIS,17:10,18:10,60,Jambojet,0,73.0,9490,html_scrape
2026-07-27 07:00,2026-08-03,NBO→KIS,18:30,19:30,60,Jambojet,0,73.0,9490,html_scrape
2026-07-27 07:00,2026-08-03,NBO→KIS,15:30,16:30,60,Jambojet,0,80.0,10400,html_scrape
2026-07-27 07:00,2026-08-03,NBO→KIS,09:20,10:20,60,Jambojet,0,80.0,10400,html_scrape
2026-07-27 07:00,2026-08-03,NBO→KIS,12:50,13:50,60,Jambojet,0,88.0,11440,html_scrape
2026-07-27 07:00,2026-08-03,NBO→KIS,15:50,16:40,50,Unknown,0,104.0,13520,html_scrape
2026-07-27 07:00,2026-08-03,NBO→KIS,10:55,11:45,50,Unknown,0,104.0,13520,html_scrape
2026-07-27 07:00,2026-08-03,NBO→KIS,06:00,07:00,60,Jambojet,0,73.0,9490,html_scrape
2026-07-27 07:00,2026-08-03,NBO→KIS,06:30,07:30,60,Jambojet,0,80.0,10400,html_scrape
2026-07-27 07:00,2026-08-03,NBO→KIS,18:00,18:50,50,Safarilink,0,105.0,13650,html_scrape
2026-07-27 07:00,2026-07-27,NBO→EDL,16:00,17:00,60,Jambojet,0,65.0,8450,html_scrape
2026-07-27 07:01,2026-07-28,NBO→EDL,21:10,12:00,890,Jambojet,1,207.0,26910,html_scrape
2026-07-27 07:01,2026-07-28,NBO→EDL,18:00,10:30,990,Unknown,2,224.0,29120,html_scrape
2026-07-27 07:01,2026-07-29,NBO→EDL,12:20,13:20,60,Jambojet,0,68.0,8840,html_scrape
2026-07-27 07:01,2026-07-29,NBO→EDL,06:30,12:00,330,Jambojet,1,226.0,29380,html_scrape
2026-07-27 07:01,2026-07-29,NBO→EDL,06:05,12:00,355,Jambojet,1,245.0,31850,html_scrape
2026-07-27 07:01,2026-07-29,NBO→EDL,06:30,13:20,410,Unknown,2,253.0,32890,html_scrape
2026-07-27 07:01,2026-07-30,NBO→EDL,23:59,12:00,721,Unknown,1,301.0,39130,html_scrape
2026-07-27 07:01,2026-07-30,NBO→EDL,21:10,12:00,890,Unknown,1,360.0,46800,html_scrape
2026-07-27 07:01,2026-07-31,NBO→EDL,16:00,17:00,60,Jambojet,0,73.0,9490,html_scrape
2026-07-27 07:01,2026-07-31,NBO→EDL,07:00,12:00,300,Unknown,1,271.0,35230,html_scrape
2026-07-27 07:01,2026-07-31,NBO→EDL,21:10,12:00,890,Unknown,1,349.0,45370,html_scrape
2026-07-27 07:01,2026-08-01,NBO→EDL,12:20,13:20,60,Jambojet,0,68.0,8840,html_scrape
2026-07-27 07:01,2026-08-01,NBO→EDL,06:00,12:00,360,Unknown,1,362.0,47060,html_scrape
2026-07-27 07:01,2026-08-01,NBO→EDL,21:10,10:30,800,Jambojet,2,355.0,46150,html_scrape
2026-07-27 07:02,2026-08-02,NBO→EDL,18:00,09:00,900,Unknown,2,231.0,30030,html_scrape
2026-07-27 07:02,2026-08-02,NBO→EDL,16:00,09:00,1020,Unknown,2,231.0,30030,html_scrape
2026-07-27 07:02,2026-08-03,NBO→EDL,17:00,17:40,40,Unknown,0,69.0,8970,html_scrape
2026-07-27 07:02,2026-08-03,NBO→EDL,12:20,13:20,60,Jambojet,0,73.0,9490,html_scrape
2026-07-27 07:02,2026-08-03,NBO→EDL,16:00,17:00,60,Jambojet,0,73.0,9490,html_scrape
2026-07-27 07:02,2026-08-03,NBO→EDL,09:30,10:30,60,Jambojet,0,73.0,9490,html_scrape
2026-07-27 07:02,2026-08-03,NBO→EDL,18:30,19:30,60,Jambojet,0,73.0,9490,html_scrape
2026-07-27 07:02,2026-08-03,NBO→EDL,08:00,09:00,60,Jambojet,0,73.0,9490,html_scrape
2026-07-27 07:02,2026-08-03,NBO→EDL,06:20,07:20,60,Jambojet,0,73.0,9490,html_scrape
2026-07-27 07:02,2026-08-03,NBO→EDL,07:00,12:00,300,Unknown,1,285.0,37050,html_scrape
2026-07-27 07:02,2026-08-03,NBO→EDL,08:25,12:00,215,Unknown,1,417.0,54210,html_scrape
2026-07-27 07:02,2026-08-03,NBO→EDL,06:05,12:00,355,Unknown,1,360.0,46800,html_scrape
2026-07-27 17:37,2026-07-27,NBO→MBA,23:59,00:59,60,Unknown,0,108.0,14040,html_scrape
2026-07-27 17:37,2026-07-28,NBO→MBA,19:10,20:10,60,Unknown,0,139.0,18070,html_scrape
2026-07-27 17:37,2026-07-28,NBO→MBA,23:59,00:59,60,Unknown,0,108.0,14040,html_scrape
2026-07-27 17:37,2026-07-28,NBO→MBA,13:00,14:00,60,Unknown,0,192.0,24960,html_scrape
2026-07-27 17:37,2026-07-28,NBO→MBA,08:00,09:00,60,Unknown,0,192.0,24960,html_scrape
2026-07-27 17:37,2026-07-29,NBO→MBA,19:10,20:10,60,Unknown,0,120.0,15600,html_scrape
2026-07-27 17:37,2026-07-29,NBO→MBA,15:00,16:00,60,Unknown,0,139.0,18070,html_scrape
2026-07-27 17:37,2026-07-29,NBO→MBA,06:05,07:20,75,Jambojet,0,119.0,15470,html_scrape
2026-07-27 17:38,2026-07-30,NBO→MBA,21:10,22:25,75,Jambojet,0,95.0,12350,html_scrape
2026-07-27 17:38,2026-07-30,NBO→MBA,17:30,18:45,75,Jambojet,0,119.0,15470,html_scrape
2026-07-27 17:38,2026-07-30,NBO→MBA,12:00,13:00,60,Unknown,0,125.0,16250,html_scrape
2026-07-27 17:38,2026-07-30,NBO→MBA,19:00,20:15,75,Jambojet,0,119.0,15470,html_scrape
2026-07-27 17:38,2026-07-30,NBO→MBA,19:20,20:35,75,Jambojet,0,119.0,15470,html_scrape
2026-07-27 17:38,2026-07-30,NBO→MBA,19:20,20:20,60,Unknown,0,126.0,16380,html_scrape
2026-07-27 17:38,2026-07-30,NBO→MBA,18:00,19:00,60,Unknown,0,137.0,17810,html_scrape
2026-07-27 17:38,2026-07-30,NBO→MBA,07:00,08:00,60,Unknown,0,114.0,14820,html_scrape
2026-07-27 17:38,2026-07-31,NBO→MBA,19:00,20:15,75,Jambojet,0,95.0,12350,html_scrape
2026-07-27 17:38,2026-07-31,NBO→MBA,19:20,20:35,75,Jambojet,0,95.0,12350,html_scrape
2026-07-27 17:38,2026-07-31,NBO→MBA,21:10,22:25,75,Jambojet,0,88.0,11440,html_scrape
2026-07-27 17:38,2026-07-31,NBO→MBA,18:15,19:30,75,Jambojet,0,102.0,13260,html_scrape
2026-07-27 17:38,2026-07-31,NBO→MBA,16:00,17:00,60,Unknown,0,114.0,14820,html_scrape
2026-07-27 17:38,2026-07-31,NBO→MBA,18:00,19:00,60,Unknown,0,114.0,14820,html_scrape
2026-07-27 17:38,2026-08-01,NBO→MBA,12:00,13:00,60,Unknown,0,65.0,8450,html_scrape
2026-07-27 17:38,2026-08-01,NBO→MBA,18:00,19:00,60,Unknown,0,65.0,8450,html_scrape
2026-07-27 17:38,2026-08-01,NBO→MBA,08:30,09:30,60,Unknown,0,78.0,10140,html_scrape
2026-07-27 17:38,2026-08-01,NBO→MBA,17:30,18:45,75,Jambojet,0,88.0,11440,html_scrape
2026-07-27 17:38,2026-08-01,NBO→MBA,10:00,11:00,60,Unknown,0,101.0,13130,html_scrape
2026-07-27 17:38,2026-08-01,NBO→MBA,13:30,14:45,75,Jambojet,0,111.0,14430,html_scrape
2026-07-27 17:38,2026-08-02,NBO→MBA,12:00,13:00,60,Unknown,0,65.0,8450,html_scrape
2026-07-27 17:38,2026-08-02,NBO→MBA,16:00,17:00,60,Unknown,0,65.0,8450,html_scrape
2026-07-27 17:38,2026-08-02,NBO→MBA,18:00,19:00,60,Unknown,0,65.0,8450,html_scrape
2026-07-27 17:38,2026-08-02,NBO→MBA,08:30,09:30,60,Unknown,0,65.0,8450,html_scrape
2026-07-27 17:38,2026-08-02,NBO→MBA,17:30,18:45,75,Jambojet,0,91.0,11830,html_scrape
2026-07-27 17:38,2026-08-03,NBO→MBA,12:00,13:00,60,Unknown,0,65.0,8450,html_scrape
2026-07-27 17:38,2026-08-03,NBO→MBA,06:05,07:20,75,Jambojet,0,91.0,11830,html_scrape
2026-07-27 17:38,2026-08-03,NBO→MBA,14:45,15:50,65,Safarilink,0,121.0,15730,html_scrape
2026-07-27 17:38,2026-08-03,NBO→MBA,18:15,19:30,75,Jambojet,0,111.0,14430,html_scrape
2026-07-27 17:38,2026-08-03,NBO→MBA,14:00,15:10,70,Safarilink,0,121.0,15730,html_scrape
2026-07-27 17:38,2026-08-03,NBO→MBA,23:59,00:59,60,Unknown,0,88.0,11440,html_scrape
2026-07-27 17:39,2026-07-28,NBO→KIS,16:40,17:30,50,Unknown,0,117.0,15210,html_scrape
2026-07-27 17:39,2026-07-29,NBO→KIS,17:10,18:10,60,Jambojet,0,73.0,9490,html_scrape
2026-07-27 17:39,2026-07-29,NBO→KIS,15:30,16:30,60,Jambojet,0,76.0,9880,html_scrape
2026-07-27 17:39,2026-07-29,NBO→KIS,12:50,13:50,60,Jambojet,0,95.0,12350,html_scrape
2026-07-27 17:39,2026-07-29,NBO→KIS,06:30,07:30,60,Jambojet,0,76.0,9880,html_scrape
2026-07-27 17:39,2026-07-29,NBO→KIS,06:00,07:00,60,Jambojet,0,73.0,9490,html_scrape
2026-07-27 17:39,2026-07-29,NBO→KIS,08:00,08:50,50,Unknown,0,192.0,24960,html_scrape
2026-07-27 17:39,2026-07-30,NBO→KIS,15:30,16:30,60,Jambojet,0,76.0,9880,html_scrape
2026-07-27 17:39,2026-07-30,NBO→KIS,18:00,19:00,60,Jambojet,0,76.0,9880,html_scrape
2026-07-27 17:39,2026-07-30,NBO→KIS,12:50,13:50,60,Jambojet,0,80.0,10400,html_scrape
2026-07-27 17:39,2026-07-30,NBO→KIS,06:00,07:00,60,Jambojet,0,73.0,9490,html_scrape
2026-07-27 17:39,2026-07-30,NBO→KIS,06:30,07:30,60,Jambojet,0,80.0,10400,html_scrape
2026-07-27 17:39,2026-07-30,NBO→KIS,09:20,10:20,60,Jambojet,0,148.0,19240,html_scrape
2026-07-27 17:40,2026-07-31,NBO→KIS,15:30,16:30,60,Jambojet,0,88.0,11440,html_scrape
2026-07-27 17:40,2026-07-31,NBO→KIS,17:20,18:10,50,Unknown,0,92.0,11960,html_scrape
2026-07-27 17:40,2026-07-31,NBO→KIS,17:10,18:10,60,Jambojet,0,91.0,11830,html_scrape
2026-07-27 17:40,2026-07-31,NBO→KIS,06:30,07:30,60,Jambojet,0,84.0,10920,html_scrape
2026-07-27 17:40,2026-07-31,NBO→KIS,12:50,13:50,60,Jambojet,0,111.0,14430,html_scrape
2026-07-27 17:40,2026-07-31,NBO→KIS,06:00,07:00,60,Jambojet,0,91.0,11830,html_scrape
2026-07-27 17:40,2026-07-31,NBO→KIS,09:20,10:20,60,Jambojet,0,141.0,18330,html_scrape
2026-07-27 17:40,2026-08-01,NBO→KIS,12:50,13:50,60,Jambojet,0,102.0,13260,html_scrape
2026-07-27 17:40,2026-08-01,NBO→KIS,06:30,07:30,60,Jambojet,0,88.0,11440,html_scrape
2026-07-27 17:40,2026-08-01,NBO→KIS,06:00,07:00,60,Jambojet,0,88.0,11440,html_scrape
2026-07-27 17:40,2026-08-02,NBO→KIS,15:30,16:30,60,Jambojet,0,95.0,12350,html_scrape
2026-07-27 17:40,2026-08-02,NBO→KIS,12:50,13:50,60,Jambojet,0,102.0,13260,html_scrape
2026-07-27 17:40,2026-08-02,NBO→KIS,09:10,10:10,60,Jambojet,0,95.0,12350,html_scrape
2026-07-27 17:40,2026-08-02,NBO→KIS,11:45,12:35,50,Unknown,0,127.0,16510,html_scrape
2026-07-27 17:40,2026-08-03,NBO→KIS,15:30,16:30,60,Jambojet,0,88.0,11440,html_scrape
2026-07-27 17:40,2026-08-03,NBO→KIS,09:20,10:20,60,Jambojet,0,88.0,11440,html_scrape
2026-07-27 17:40,2026-08-03,NBO→KIS,19:20,20:10,50,Safarilink,0,105.0,13650,html_scrape
2026-07-27 17:41,2026-07-27,NBO→EDL,18:30,19:30,60,Unknown,0,115.0,14950,html_scrape
2026-07-27 17:41,2026-07-27,NBO→EDL,19:20,12:00,1000,Unknown,1,340.0,44200,html_scrape
2026-07-27 17:41,2026-07-28,NBO→EDL,21:10,12:00,890,Jambojet,1,199.0,25870,html_scrape
2026-07-27 17:41,2026-07-28,NBO→EDL,23:59,12:00,721,Jambojet,1,213.0,27690,html_scrape
2026-07-27 17:41,2026-07-29,NBO→EDL,16:00,17:00,60,Jambojet,0,68.0,8840,html_scrape
2026-07-27 17:41,2026-07-29,NBO→EDL,09:30,10:30,60,Jambojet,0,91.0,11830,html_scrape
2026-07-27 17:41,2026-07-29,NBO→EDL,06:20,07:20,60,Jambojet,0,80.0,10400,html_scrape
2026-07-27 17:41,2026-07-29,NBO→EDL,06:05,12:00,355,Jambojet,1,238.0,30940,html_scrape
2026-07-27 17:41,2026-07-29,NBO→EDL,19:20,07:20,720,Jambojet,2,222.0,28860,html_scrape
2026-07-27 17:41,2026-07-29,NBO→EDL,21:10,12:00,890,Unknown,1,340.0,44200,html_scrape
2026-07-27 17:41,2026-07-29,NBO→EDL,19:20,12:00,1000,Unknown,1,340.0,44200,html_scrape
2026-07-27 17:41,2026-07-30,NBO→EDL,17:00,17:40,40,Unknown,0,61.0,7930,html_scrape
2026-07-27 17:41,2026-07-30,NBO→EDL,16:00,17:00,60,Jambojet,0,68.0,8840,html_scrape
2026-07-27 17:41,2026-07-30,NBO→EDL,08:25,12:00,215,Unknown,1,417.0,54210,html_scrape
2026-07-27 17:41,2026-07-30,NBO→EDL,06:00,12:00,360,Unknown,1,408.0,53040,html_scrape
2026-07-27 17:41,2026-07-30,NBO→EDL,21:10,12:00,890,Jambojet,1,288.0,37440,html_scrape
2026-07-27 17:41,2026-07-31,NBO→EDL,17:00,17:40,40,Unknown,0,69.0,8970,html_scrape
2026-07-27 17:41,2026-07-31,NBO→EDL,09:30,10:30,60,Jambojet,0,68.0,8840,html_scrape
2026-07-27 17:41,2026-07-31,NBO→EDL,16:00,17:00,60,Jambojet,0,76.0,9880,html_scrape
2026-07-27 17:41,2026-07-31,NBO→EDL,06:20,07:20,60,Jambojet,0,68.0,8840,html_scrape
2026-07-27 17:41,2026-07-31,NBO→EDL,12:20,13:20,60,Jambojet,0,119.0,15470,html_scrape
2026-07-27 17:41,2026-07-31,NBO→EDL,07:00,12:00,300,Unknown,1,330.0,42900,html_scrape
2026-07-27 17:41,2026-07-31,NBO→EDL,06:05,12:00,355,Jambojet,1,319.0,41470,html_scrape
2026-07-27 17:41,2026-07-31,NBO→EDL,21:10,12:00,890,Unknown,1,360.0,46800,html_scrape
2026-07-27 17:41,2026-07-31,NBO→EDL,19:00,12:00,1020,Unknown,1,362.0,47060,html_scrape
2026-07-27 17:42,2026-08-01,NBO→EDL,09:30,10:30,60,Jambojet,0,68.0,8840,html_scrape
2026-07-27 17:42,2026-08-01,NBO→EDL,18:00,10:30,990,Unknown,2,340.0,44200,html_scrape
2026-07-27 17:42,2026-08-02,NBO→EDL,18:00,09:00,900,Unknown,2,206.0,26780,html_scrape
2026-07-27 17:42,2026-08-02,NBO→EDL,16:00,09:00,1020,Unknown,2,206.0,26780,html_scrape
2026-07-27 17:42,2026-08-03,NBO→EDL,17:00,17:40,40,Unknown,0,61.0,7930,html_scrape
2026-07-27 17:42,2026-08-03,NBO→EDL,09:30,10:30,60,Jambojet,0,80.0,10400,html_scrape
2026-07-27 17:42,2026-08-03,NBO→EDL,21:10,12:00,890,Unknown,1,305.0,39650,html_scrape
2026-07-28 06:20,2026-07-28,NBO→MBA,19:10,20:10,60,Unknown,0,144.0,18720,html_scrape
2026-07-28 06:20,2026-07-28,NBO→MBA,23:59,00:59,60,Unknown,0,114.0,14820,html_scrape
2026-07-28 06:20,2026-07-28,NBO→MBA,14:45,15:50,65,Safarilink,0,193.0,25090,html_scrape
2026-07-28 06:21,2026-07-29,NBO→MBA,20:50,21:50,60,Unknown,0,114.0,14820,html_scrape
2026-07-28 06:21,2026-07-29,NBO→MBA,18:15,19:30,75,Jambojet,0,119.0,15470,html_scrape
2026-07-28 06:21,2026-07-29,NBO→MBA,06:45,07:55,70,Safarilink,0,121.0,15730,html_scrape
2026-07-28 06:21,2026-07-29,NBO→MBA,19:10,20:10,60,Unknown,0,139.0,18070,html_scrape
2026-07-28 06:21,2026-07-29,NBO→MBA,06:30,07:30,60,Unknown,0,132.0,17160,html_scrape
2026-07-28 06:21,2026-07-30,NBO→MBA,21:10,22:25,75,Jambojet,0,102.0,13260,html_scrape
2026-07-28 06:21,2026-07-30,NBO→MBA,12:00,13:00,60,Unknown,0,137.0,17810,html_scrape
2026-07-28 06:21,2026-07-30,NBO→MBA,10:00,11:00,60,Unknown,0,137.0,17810,html_scrape
2026-07-28 06:21,2026-07-31,NBO→MBA,19:00,20:15,75,Jambojet,0,102.0,13260,html_scrape
2026-07-28 06:21,2026-07-31,NBO→MBA,19:20,20:35,75,Jambojet,0,102.0,13260,html_scrape
2026-07-28 06:21,2026-07-31,NBO→MBA,18:15,19:30,75,Jambojet,0,119.0,15470,html_scrape
2026-07-28 06:21,2026-08-02,NBO→MBA,12:00,13:00,60,Unknown,0,78.0,10140,html_scrape
2026-07-28 06:21,2026-08-02,NBO→MBA,13:35,14:50,75,Jambojet,0,102.0,13260,html_scrape
2026-07-28 06:22,2026-08-03,NBO→MBA,12:00,13:00,60,Unknown,0,101.0,13130,html_scrape
2026-07-28 06:22,2026-08-03,NBO→MBA,19:20,20:35,75,Jambojet,0,95.0,12350,html_scrape
2026-07-28 06:22,2026-08-03,NBO→MBA,06:05,07:20,75,Jambojet,0,95.0,12350,html_scrape
2026-07-28 06:22,2026-08-04,NBO→MBA,19:20,20:35,75,Jambojet,0,76.0,9880,html_scrape
2026-07-28 06:22,2026-08-04,NBO→MBA,18:15,19:30,75,Jambojet,0,84.0,10920,html_scrape
2026-07-28 06:22,2026-08-04,NBO→MBA,17:30,18:45,75,Jambojet,0,88.0,11440,html_scrape
2026-07-28 06:22,2026-08-04,NBO→MBA,21:10,22:25,75,Jambojet,0,80.0,10400,html_scrape
2026-07-28 06:22,2026-08-04,NBO→MBA,12:00,13:00,60,Unknown,0,101.0,13130,html_scrape
2026-07-28 06:22,2026-08-04,NBO→MBA,18:00,19:00,60,Unknown,0,101.0,13130,html_scrape
2026-07-28 06:22,2026-08-04,NBO→MBA,17:05,18:20,75,Jambojet,0,99.0,12870,html_scrape
2026-07-28 06:22,2026-08-04,NBO→MBA,14:45,15:50,65,Safarilink,0,121.0,15730,html_scrape
2026-07-28 06:22,2026-08-04,NBO→MBA,14:00,15:10,70,Safarilink,0,121.0,15730,html_scrape
2026-07-28 06:22,2026-08-04,NBO→MBA,06:00,07:15,75,Jambojet,0,91.0,11830,html_scrape
2026-07-28 06:22,2026-07-28,NBO→KIS,16:40,17:30,50,Unknown,0,129.0,16770,html_scrape
2026-07-28 06:22,2026-07-29,NBO→KIS,15:30,16:30,60,Jambojet,0,73.0,9490,html_scrape
2026-07-28 06:22,2026-07-29,NBO→KIS,12:50,13:50,60,Jambojet,0,119.0,15470,html_scrape
2026-07-28 06:22,2026-07-29,NBO→KIS,08:00,08:50,50,Unknown,0,222.0,28860,html_scrape
2026-07-28 06:23,2026-07-30,NBO→KIS,18:00,19:00,60,Jambojet,0,80.0,10400,html_scrape
2026-07-28 06:23,2026-07-30,NBO→KIS,12:50,13:50,60,Jambojet,0,88.0,11440,html_scrape
2026-07-28 06:23,2026-07-30,NBO→KIS,06:00,07:00,60,Jambojet,0,76.0,9880,html_scrape
2026-07-28 06:23,2026-07-30,NBO→KIS,11:45,12:35,50,Unknown,0,122.0,15860,html_scrape
2026-07-28 06:23,2026-07-31,NBO→KIS,15:30,16:30,60,Jambojet,0,91.0,11830,html_scrape
2026-07-28 06:23,2026-07-31,NBO→KIS,17:20,18:10,50,Unknown,0,104.0,13520,html_scrape
2026-07-28 06:23,2026-07-31,NBO→KIS,06:30,07:30,60,Jambojet,0,88.0,11440,html_scrape
2026-07-28 06:23,2026-07-31,NBO→KIS,09:20,10:20,60,Jambojet,0,148.0,19240,html_scrape
2026-07-28 06:23,2026-07-31,NBO→KIS,06:50,07:40,50,Safarilink,0,157.0,20410,html_scrape
2026-07-28 06:23,2026-08-01,NBO→KIS,18:00,19:00,60,Jambojet,0,84.0,10920,html_scrape
2026-07-28 06:23,2026-08-01,NBO→KIS,17:05,18:05,60,Jambojet,0,91.0,11830,html_scrape
2026-07-28 06:23,2026-08-02,NBO→KIS,17:10,18:10,60,Jambojet,0,88.0,11440,html_scrape
2026-07-28 06:23,2026-08-03,NBO→KIS,06:00,07:00,60,Jambojet,0,80.0,10400,html_scrape
2026-07-28 06:24,2026-08-04,NBO→KIS,18:50,19:50,60,Jambojet,0,73.0,9490,html_scrape
2026-07-28 06:24,2026-08-04,NBO→KIS,15:30,16:30,60,Jambojet,0,80.0,10400,html_scrape
2026-07-28 06:24,2026-08-04,NBO→KIS,12:50,13:50,60,Jambojet,0,88.0,11440,html_scrape
2026-07-28 06:24,2026-08-04,NBO→KIS,09:20,10:20,60,Jambojet,0,88.0,11440,html_scrape
2026-07-28 06:24,2026-08-04,NBO→KIS,06:30,07:30,60,Jambojet,0,73.0,9490,html_scrape
2026-07-28 06:24,2026-08-04,NBO→KIS,06:00,07:00,60,Jambojet,0,73.0,9490,html_scrape
2026-07-28 06:24,2026-08-04,NBO→KIS,18:00,18:50,50,Safarilink,0,105.0,13650,html_scrape
2026-07-28 06:24,2026-08-04,NBO→KIS,19:20,20:10,50,Safarilink,0,105.0,13650,html_scrape
2026-07-28 06:24,2026-08-04,NBO→KIS,16:10,17:00,50,Unknown,0,117.0,15210,html_scrape
2026-07-28 06:24,2026-08-04,NBO→KIS,06:50,07:40,50,Safarilink,0,105.0,13650,html_scrape
2026-07-28 06:24,2026-07-28,NBO→EDL,16:00,17:00,60,Jambojet,0,68.0,8840,html_scrape
2026-07-28 06:24,2026-07-28,NBO→EDL,12:20,13:20,60,Jambojet,0,73.0,9490,html_scrape
2026-07-28 06:24,2026-07-29,NBO→EDL,06:30,12:00,330,Jambojet,1,251.0,32630,html_scrape
2026-07-28 06:24,2026-07-29,NBO→EDL,21:10,12:00,890,Jambojet,1,222.0,28860,html_scrape
2026-07-28 06:24,2026-07-29,NBO→EDL,23:59,12:00,721,Jambojet,1,242.0,31460,html_scrape
2026-07-28 06:24,2026-07-30,NBO→EDL,06:00,12:00,360,Jambojet,1,268.0,34840,html_scrape
2026-07-28 06:24,2026-07-30,NBO→EDL,09:45,17:40,475,Jambojet,2,371.0,48230,html_scrape
2026-07-28 06:24,2026-07-30,NBO→EDL,09:45,19:30,585,Jambojet,2,353.0,45890,html_scrape
2026-07-28 06:25,2026-07-31,NBO→EDL,17:00,17:40,40,Unknown,0,78.0,10140,html_scrape
2026-07-28 06:25,2026-07-31,NBO→EDL,09:30,10:30,60,Jambojet,0,73.0,9490,html_scrape
2026-07-28 06:25,2026-07-31,NBO→EDL,16:00,17:00,60,Jambojet,0,80.0,10400,html_scrape
2026-07-28 06:25,2026-07-31,NBO→EDL,07:00,12:00,300,Unknown,1,331.0,43030,html_scrape
2026-07-28 06:25,2026-07-31,NBO→EDL,06:05,12:00,355,Jambojet,1,328.0,42640,html_scrape
2026-07-28 06:25,2026-08-03,NBO→EDL,07:00,12:00,300,Unknown,1,325.0,42250,html_scrape
2026-07-28 06:25,2026-08-03,NBO→EDL,07:15,12:00,285,Unknown,1,361.0,46930,html_scrape
2026-07-28 06:25,2026-08-04,NBO→EDL,17:00,17:40,40,Unknown,0,69.0,8970,html_scrape
2026-07-28 06:25,2026-08-04,NBO→EDL,12:20,13:20,60,Jambojet,0,73.0,9490,html_scrape
2026-07-28 06:25,2026-08-04,NBO→EDL,15:50,16:50,60,Jambojet,0,73.0,9490,html_scrape
2026-07-28 06:25,2026-08-04,NBO→EDL,09:30,10:30,60,Jambojet,0,73.0,9490,html_scrape
2026-07-28 06:25,2026-08-04,NBO→EDL,18:30,19:30,60,Jambojet,0,73.0,9490,html_scrape
2026-07-28 06:25,2026-08-04,NBO→EDL,06:20,07:20,60,Jambojet,0,73.0,9490,html_scrape
2026-07-28 06:25,2026-08-04,NBO→EDL,08:25,12:00,215,Unknown,1,355.0,46150,html_scrape
2026-07-28 06:25,2026-08-04,NBO→EDL,06:00,12:00,360,Unknown,1,325.0,42250,html_scrape
2026-07-28 06:25,2026-08-04,NBO→EDL,21:10,12:00,890,Unknown,1,305.0,39650,html_scrape
2026-07-28 06:25,2026-08-04,NBO→EDL,19:20,12:00,1000,Unknown,1,305.0,39650,html_scrape
2026-07-28 17:21,2026-07-28,NBO→MBA,23:59,00:59,60,Unknown,0,94.0,12220,html_scrape
2026-07-28 17:21,2026-07-28,NBO→MBA,21:10,22:25,75,Jambojet,0,102.0,13260,html_scrape
2026-07-28 17:21,2026-07-28,NBO→MBA,20:50,21:50,60,Unknown,0,114.0,14820,html_scrape
2026-07-28 17:21,2026-07-29,NBO→MBA,19:00,20:15,75,Jambojet,0,119.0,15470,html_scrape
2026-07-28 17:21,2026-07-29,NBO→MBA,19:20,20:35,75,Jambojet,0,119.0,15470,html_scrape
2026-07-28 17:21,2026-07-29,NBO→MBA,23:59,00:59,60,Unknown,0,94.0,12220,html_scrape
2026-07-28 17:21,2026-07-29,NBO→MBA,19:10,20:10,60,Unknown,0,126.0,16380,html_scrape
2026-07-28 17:21,2026-07-29,NBO→MBA,21:10,22:25,75,Jambojet,0,119.0,15470,html_scrape
2026-07-28 17:21,2026-07-29,NBO→MBA,06:30,07:30,60,Unknown,0,126.0,16380,html_scrape
2026-07-28 17:21,2026-07-29,NBO→MBA,14:00,15:10,70,Safarilink,0,152.0,19760,html_scrape
2026-07-28 17:21,2026-07-30,NBO→MBA,23:59,00:59,60,Unknown,0,88.0,11440,html_scrape
2026-07-28 17:21,2026-07-30,NBO→MBA,17:05,18:20,75,Jambojet,0,126.0,16380,html_scrape
2026-07-28 17:21,2026-07-30,NBO→MBA,19:00,20:15,75,Jambojet,0,126.0,16380,html_scrape
2026-07-28 17:21,2026-07-30,NBO→MBA,17:30,18:45,75,Jambojet,0,134.0,17420,html_scrape
2026-07-28 17:21,2026-07-30,NBO→MBA,08:00,09:00,60,Unknown,0,139.0,18070,html_scrape
2026-07-28 17:21,2026-07-30,NBO→MBA,13:30,14:45,75,Jambojet,0,148.0,19240,html_scrape
2026-07-28 17:21,2026-07-31,NBO→MBA,21:10,22:25,75,Jambojet,0,95.0,12350,html_scrape
2026-07-28 17:21,2026-07-31,NBO→MBA,12:00,13:00,60,Unknown,0,126.0,16380,html_scrape
2026-07-28 17:21,2026-07-31,NBO→MBA,16:00,17:00,60,Unknown,0,126.0,16380,html_scrape
2026-07-28 17:21,2026-07-31,NBO→MBA,19:00,20:15,75,Jambojet,0,119.0,15470,html_scrape
2026-07-28 17:21,2026-07-31,NBO→MBA,18:00,19:00,60,Unknown,0,126.0,16380,html_scrape
2026-07-28 17:21,2026-07-31,NBO→MBA,23:59,00:59,60,Unknown,0,93.0,12090,html_scrape
2026-07-28 17:21,2026-08-01,NBO→MBA,19:00,20:15,75,Jambojet,0,84.0,10920,html_scrape
2026-07-28 17:21,2026-08-01,NBO→MBA,12:00,13:00,60,Unknown,0,101.0,13130,html_scrape
2026-07-28 17:21,2026-08-01,NBO→MBA,17:30,18:45,75,Jambojet,0,95.0,12350,html_scrape
2026-07-28 17:21,2026-08-01,NBO→MBA,19:20,20:35,75,Jambojet,0,88.0,11440,html_scrape
2026-07-28 17:21,2026-08-01,NBO→MBA,21:10,22:25,75,Jambojet,0,84.0,10920,html_scrape
2026-07-28 17:21,2026-08-01,NBO→MBA,08:30,09:30,60,Unknown,0,101.0,13130,html_scrape
2026-07-28 17:22,2026-08-02,NBO→MBA,16:00,17:00,60,Unknown,0,78.0,10140,html_scrape
2026-07-28 17:22,2026-08-02,NBO→MBA,08:30,09:30,60,Unknown,0,78.0,10140,html_scrape
2026-07-28 17:22,2026-08-02,NBO→MBA,17:30,18:45,75,Jambojet,0,95.0,12350,html_scrape
2026-07-28 17:22,2026-08-02,NBO→MBA,19:00,20:15,75,Jambojet,0,91.0,11830,html_scrape
2026-07-28 17:22,2026-08-02,NBO→MBA,13:20,14:35,75,Jambojet,0,102.0,13260,html_scrape
2026-07-28 17:22,2026-08-02,NBO→MBA,19:20,20:35,75,Jambojet,0,91.0,11830,html_scrape
2026-07-28 17:22,2026-08-02,NBO→MBA,20:35,21:35,60,Unknown,0,93.0,12090,html_scrape
2026-07-28 17:22,2026-08-02,NBO→MBA,21:10,22:25,75,Jambojet,0,88.0,11440,html_scrape
2026-07-28 17:22,2026-08-03,NBO→MBA,11:45,12:45,60,Unknown,0,120.0,15600,html_scrape
2026-07-28 17:22,2026-08-03,NBO→MBA,15:25,16:25,60,Unknown,0,126.0,16380,html_scrape
2026-07-28 17:22,2026-08-03,NBO→MBA,07:00,08:00,60,Unknown,0,101.0,13130,html_scrape
2026-07-28 17:22,2026-08-03,NBO→MBA,19:05,20:05,60,Unknown,0,120.0,15600,html_scrape
2026-07-28 17:22,2026-08-04,NBO→MBA,18:00,19:00,60,Unknown,0,65.0,8450,html_scrape
2026-07-28 17:22,2026-08-04,NBO→MBA,19:20,20:35,75,Jambojet,0,80.0,10400,html_scrape
2026-07-28 17:22,2026-08-04,NBO→MBA,17:30,18:45,75,Jambojet,0,91.0,11830,html_scrape
2026-07-28 17:22,2026-08-04,NBO→MBA,19:25,20:25,60,Unknown,0,108.0,14040,html_scrape
2026-07-28 17:22,2026-08-04,NBO→MBA,12:00,13:00,60,Unknown,0,126.0,16380,html_scrape
2026-07-28 17:22,2026-07-28,NBO→KIS,17:20,18:10,50,Unknown,0,99.0,12870,html_scrape
2026-07-28 17:23,2026-07-29,NBO→KIS,17:20,18:10,50,Unknown,0,104.0,13520,html_scrape
2026-07-28 17:23,2026-07-29,NBO→KIS,07:40,08:30,50,Unknown,0,192.0,24960,html_scrape
2026-07-28 17:23,2026-07-30,NBO→KIS,15:30,16:30,60,Jambojet,0,84.0,10920,html_scrape
2026-07-28 17:23,2026-07-30,NBO→KIS,18:00,19:00,60,Jambojet,0,88.0,11440,html_scrape
2026-07-28 17:23,2026-07-30,NBO→KIS,12:50,13:50,60,Jambojet,0,95.0,12350,html_scrape
2026-07-28 17:23,2026-07-30,NBO→KIS,16:05,16:55,50,Unknown,0,104.0,13520,html_scrape
2026-07-28 17:23,2026-07-30,NBO→KIS,06:30,07:30,60,Jambojet,0,95.0,12350,html_scrape
2026-07-28 17:23,2026-07-30,NBO→KIS,06:00,07:00,60,Jambojet,0,91.0,11830,html_scrape
2026-07-28 17:23,2026-07-30,NBO→KIS,11:45,12:35,50,Unknown,0,146.0,18980,html_scrape
2026-07-28 17:23,2026-07-30,NBO→KIS,09:20,10:20,60,Jambojet,0,141.0,18330,html_scrape
2026-07-28 17:23,2026-07-30,NBO→KIS,06:50,07:40,50,Safarilink,0,120.0,15600,html_scrape
2026-07-28 17:23,2026-07-31,NBO→KIS,15:30,16:30,60,Jambojet,0,95.0,12350,html_scrape
2026-07-28 17:23,2026-07-31,NBO→KIS,12:50,13:50,60,Jambojet,0,119.0,15470,html_scrape
2026-07-28 17:23,2026-07-31,NBO→KIS,06:00,07:00,60,Jambojet,0,102.0,13260,html_scrape
2026-07-28 17:23,2026-07-31,NBO→KIS,06:30,07:30,60,Jambojet,0,111.0,14430,html_scrape
2026-07-28 17:23,2026-07-31,NBO→KIS,16:00,07:50,950,Unknown,2,302.0,39260,html_scrape
2026-07-28 17:23,2026-08-01,NBO→KIS,12:50,13:50,60,Jambojet,0,111.0,14430,html_scrape
2026-07-28 17:23,2026-08-01,NBO→KIS,06:30,07:30,60,Jambojet,0,95.0,12350,html_scrape
2026-07-28 17:23,2026-08-01,NBO→KIS,09:20,10:20,60,Jambojet,0,119.0,15470,html_scrape
2026-07-28 17:23,2026-08-02,NBO→KIS,17:10,18:10,60,Jambojet,0,95.0,12350,html_scrape
2026-07-28 17:23,2026-08-02,NBO→KIS,17:20,18:10,50,Unknown,0,109.0,14170,html_scrape
2026-07-28 17:23,2026-08-02,NBO→KIS,15:30,16:30,60,Jambojet,0,119.0,15470,html_scrape
2026-07-28 17:23,2026-08-02,NBO→KIS,11:45,12:35,50,Unknown,0,134.0,17420,html_scrape
2026-07-28 17:24,2026-08-03,NBO→KIS,12:50,13:50,60,Jambojet,0,95.0,12350,html_scrape
2026-07-28 17:24,2026-08-03,NBO→KIS,06:30,07:30,60,Jambojet,0,88.0,11440,html_scrape
2026-07-28 17:24,2026-08-04,NBO→KIS,12:50,13:50,60,Jambojet,0,95.0,12350,html_scrape
2026-07-28 17:24,2026-08-04,NBO→KIS,16:10,17:00,50,Unknown,0,122.0,15860,html_scrape
2026-07-28 17:24,2026-07-28,NBO→EDL,07:20,08:20,60,Jambojet,0,65.0,8450,html_scrape
2026-07-28 17:24,2026-07-29,NBO→EDL,06:30,12:00,330,Jambojet,1,245.0,31850,html_scrape
2026-07-28 17:24,2026-07-29,NBO→EDL,23:59,12:00,721,Jambojet,1,228.0,29640,html_scrape
2026-07-28 17:24,2026-07-29,NBO→EDL,21:10,12:00,890,Jambojet,1,253.0,32890,html_scrape
2026-07-28 17:25,2026-07-30,NBO→EDL,18:30,19:30,60,Jambojet,0,76.0,9880,html_scrape
2026-07-28 17:25,2026-07-30,NBO→EDL,09:30,10:30,60,Jambojet,0,76.0,9880,html_scrape
2026-07-28 17:25,2026-07-30,NBO→EDL,07:20,08:20,60,Jambojet,0,68.0,8840,html_scrape
2026-07-28 17:25,2026-07-30,NBO→EDL,06:20,07:20,60,Jambojet,0,68.0,8840,html_scrape
2026-07-28 17:25,2026-07-30,NBO→EDL,06:00,12:00,360,Jambojet,1,275.0,35750,html_scrape
2026-07-28 17:25,2026-07-30,NBO→EDL,09:45,19:30,585,Jambojet,2,375.0,48750,html_scrape
2026-07-28 17:25,2026-07-31,NBO→EDL,18:30,19:30,60,Jambojet,0,68.0,8840,html_scrape
2026-07-28 17:25,2026-07-31,NBO→EDL,09:30,10:30,60,Jambojet,0,80.0,10400,html_scrape
2026-07-28 17:25,2026-07-31,NBO→EDL,16:00,17:00,60,Jambojet,0,88.0,11440,html_scrape
2026-07-28 17:25,2026-07-31,NBO→EDL,06:20,07:20,60,Jambojet,0,84.0,10920,html_scrape
2026-07-28 17:25,2026-07-31,NBO→EDL,06:05,12:00,355,Jambojet,1,352.0,45760,html_scrape
2026-07-28 17:25,2026-07-31,NBO→EDL,16:00,07:20,920,Unknown,2,378.0,49140,html_scrape
2026-07-28 17:25,2026-08-01,NBO→EDL,09:30,10:30,60,Jambojet,0,73.0,9490,html_scrape
2026-07-28 17:25,2026-08-02,NBO→EDL,10:10,11:10,60,Jambojet,0,76.0,9880,html_scrape
2026-07-28 17:25,2026-08-02,NBO→EDL,19:00,12:00,1020,Unknown,1,360.0,46800,html_scrape
2026-07-28 17:26,2026-08-03,NBO→EDL,16:00,17:00,60,Jambojet,0,65.0,8450,html_scrape
2026-07-28 17:26,2026-08-03,NBO→EDL,12:20,13:20,60,Jambojet,0,68.0,8840,html_scrape
2026-07-28 17:26,2026-08-03,NBO→EDL,18:30,19:30,60,Jambojet,0,65.0,8450,html_scrape
2026-07-28 17:26,2026-08-03,NBO→EDL,09:30,10:30,60,Jambojet,0,84.0,10920,html_scrape
2026-07-28 17:26,2026-08-03,NBO→EDL,07:00,12:00,300,Unknown,1,312.0,40560,html_scrape
2026-07-28 17:26,2026-08-03,NBO→EDL,07:15,12:00,285,Unknown,1,349.0,45370,html_scrape
2026-07-28 17:26,2026-08-03,NBO→EDL,06:05,12:00,355,Unknown,1,373.0,48490,html_scrape
2026-07-28 17:26,2026-08-04,NBO→EDL,17:00,17:40,40,Unknown,0,61.0,7930,html_scrape
2026-07-28 17:26,2026-08-04,NBO→EDL,15:50,16:50,60,Jambojet,0,65.0,8450,html_scrape
2026-07-28 17:26,2026-08-04,NBO→EDL,12:20,13:20,60,Jambojet,0,68.0,8840,html_scrape
2026-07-28 17:26,2026-08-04,NBO→EDL,09:30,10:30,60,Jambojet,0,65.0,8450,html_scrape
2026-07-28 17:26,2026-08-04,NBO→EDL,18:30,19:30,60,Jambojet,0,65.0,8450,html_scrape
2026-07-28 17:26,2026-08-04,NBO→EDL,06:20,07:20,60,Jambojet,0,65.0,8450,html_scrape
2026-07-28 17:26,2026-08-04,NBO→EDL,06:00,12:00,360,Unknown,1,327.0,42510,html_scrape
2026-07-28 17:26,2026-08-04,NBO→EDL,21:10,12:00,890,Unknown,1,314.0,40820,html_scrape
2026-07-28 17:26,2026-08-04,NBO→EDL,19:20,12:00,1000,Unknown,1,314.0,40820,html_scrape
2026-07-29 06:25,2026-07-29,NBO→MBA,20:50,21:50,60,Unknown,0,126.0,16380,html_scrape
2026-07-29 06:25,2026-07-29,NBO→MBA,17:00,18:00,60,Unknown,0,144.0,18720,html_scrape
2026-07-29 06:25,2026-07-29,NBO→MBA,19:10,20:10,60,Unknown,0,144.0,18720,html_scrape
2026-07-29 06:25,2026-07-29,NBO→MBA,23:59,00:59,60,Unknown,0,114.0,14820,html_scrape
2026-07-29 06:25,2026-07-29,NBO→MBA,15:00,16:00,60,Unknown,0,192.0,24960,html_scrape
2026-07-29 06:25,2026-07-30,NBO→MBA,21:10,22:25,75,Jambojet,0,119.0,15470,html_scrape
2026-07-29 06:25,2026-07-30,NBO→MBA,23:59,00:59,60,Unknown,0,108.0,14040,html_scrape
2026-07-29 06:25,2026-07-30,NBO→MBA,09:35,10:50,75,Jambojet,0,148.0,19240,html_scrape
2026-07-29 06:25,2026-07-31,NBO→MBA,19:10,20:10,60,Unknown,0,119.0,15470,html_scrape
2026-07-29 06:25,2026-07-31,NBO→MBA,19:20,20:35,75,Jambojet,0,119.0,15470,html_scrape
2026-07-29 06:25,2026-07-31,NBO→MBA,23:59,00:59,60,Unknown,0,99.0,12870,html_scrape
2026-07-29 06:25,2026-07-31,NBO→MBA,21:10,22:25,75,Jambojet,0,119.0,15470,html_scrape
2026-07-29 06:25,2026-07-31,NBO→MBA,12:00,13:00,60,Unknown,0,137.0,17810,html_scrape
2026-07-29 06:25,2026-07-31,NBO→MBA,16:00,17:00,60,Unknown,0,137.0,17810,html_scrape
2026-07-29 06:25,2026-08-01,NBO→MBA,19:00,20:15,75,Jambojet,0,88.0,11440,html_scrape
2026-07-29 06:26,2026-08-02,NBO→MBA,17:30,18:45,75,Jambojet,0,99.0,12870,html_scrape
2026-07-29 06:26,2026-08-02,NBO→MBA,13:20,14:35,75,Jambojet,0,111.0,14430,html_scrape
2026-07-29 06:26,2026-08-03,NBO→MBA,18:00,19:00,60,Unknown,0,78.0,10140,html_scrape
2026-07-29 06:26,2026-08-03,NBO→MBA,11:45,12:45,60,Unknown,0,126.0,16380,html_scrape
2026-07-29 06:26,2026-08-03,NBO→MBA,10:00,11:00,60,Unknown,0,125.0,16250,html_scrape
2026-07-29 06:26,2026-08-03,NBO→MBA,06:05,07:20,75,Jambojet,0,102.0,13260,html_scrape
2026-07-29 06:26,2026-08-04,NBO→MBA,18:00,19:00,60,Unknown,0,78.0,10140,html_scrape
2026-07-29 06:26,2026-08-04,NBO→MBA,17:30,18:45,75,Jambojet,0,95.0,12350,html_scrape
2026-07-29 06:26,2026-08-04,NBO→MBA,12:00,13:00,60,Unknown,0,125.0,16250,html_scrape
2026-07-29 06:26,2026-08-05,NBO→MBA,18:00,19:00,60,Unknown,0,78.0,10140,html_scrape
2026-07-29 06:26,2026-08-05,NBO→MBA,19:20,20:35,75,Jambojet,0,84.0,10920,html_scrape
2026-07-29 06:26,2026-08-05,NBO→MBA,21:10,22:25,75,Jambojet,0,80.0,10400,html_scrape
2026-07-29 06:26,2026-08-05,NBO→MBA,18:15,19:30,75,Jambojet,0,91.0,11830,html_scrape
2026-07-29 06:26,2026-08-05,NBO→MBA,12:00,13:00,60,Unknown,0,114.0,14820,html_scrape
2026-07-29 06:26,2026-08-05,NBO→MBA,06:05,07:20,75,Jambojet,0,91.0,11830,html_scrape
2026-07-29 06:26,2026-08-05,NBO→MBA,14:45,15:50,65,Safarilink,0,121.0,15730,html_scrape
2026-07-29 06:26,2026-08-05,NBO→MBA,14:00,15:10,70,Safarilink,0,121.0,15730,html_scrape
2026-07-29 06:26,2026-08-05,NBO→MBA,23:59,00:59,60,Unknown,0,88.0,11440,html_scrape
2026-07-29 06:26,2026-08-05,NBO→MBA,12:30,13:30,60,Unknown,0,139.0,18070,html_scrape
2026-07-29 06:27,2026-07-30,NBO→KIS,15:30,16:30,60,Jambojet,0,88.0,11440,html_scrape
2026-07-29 06:27,2026-07-30,NBO→KIS,12:50,13:50,60,Jambojet,0,99.0,12870,html_scrape
2026-07-29 06:27,2026-07-30,NBO→KIS,18:00,19:00,60,Jambojet,0,102.0,13260,html_scrape
2026-07-29 06:27,2026-07-30,NBO→KIS,11:45,12:35,50,Unknown,0,134.0,17420,html_scrape
2026-07-29 06:27,2026-07-30,NBO→KIS,23:59,18:10,1091,Unknown,2,264.0,34320,html_scrape
2026-07-29 06:27,2026-07-31,NBO→KIS,15:30,16:30,60,Jambojet,0,102.0,13260,html_scrape
2026-07-29 06:27,2026-07-31,NBO→KIS,17:20,18:10,50,Unknown,0,109.0,14170,html_scrape
2026-07-29 06:27,2026-07-31,NBO→KIS,12:50,13:50,60,Jambojet,0,126.0,16380,html_scrape
2026-07-29 06:27,2026-07-31,NBO→KIS,06:30,07:30,60,Jambojet,0,119.0,15470,html_scrape
2026-07-29 06:27,2026-08-01,NBO→KIS,17:05,18:05,60,Jambojet,0,95.0,12350,html_scrape
2026-07-29 06:28,2026-08-03,NBO→KIS,09:20,10:20,60,Jambojet,0,95.0,12350,html_scrape
2026-07-29 06:28,2026-08-03,NBO→KIS,06:00,07:00,60,Jambojet,0,88.0,11440,html_scrape
2026-07-29 06:28,2026-08-05,NBO→KIS,15:30,16:30,60,Jambojet,0,80.0,10400,html_scrape
2026-07-29 06:28,2026-08-05,NBO→KIS,17:10,18:10,60,Jambojet,0,80.0,10400,html_scrape
2026-07-29 06:28,2026-08-05,NBO→KIS,12:50,13:50,60,Jambojet,0,88.0,11440,html_scrape
2026-07-29 06:28,2026-08-05,NBO→KIS,09:20,10:20,60,Jambojet,0,88.0,11440,html_scrape
2026-07-29 06:28,2026-08-05,NBO→KIS,06:30,07:30,60,Jambojet,0,73.0,9490,html_scrape
2026-07-29 06:28,2026-08-05,NBO→KIS,06:00,07:00,60,Jambojet,0,73.0,9490,html_scrape
2026-07-29 06:28,2026-08-05,NBO→KIS,18:00,18:50,50,Safarilink,0,105.0,13650,html_scrape
2026-07-29 06:28,2026-08-05,NBO→KIS,19:20,20:10,50,Safarilink,0,105.0,13650,html_scrape
2026-07-29 06:28,2026-08-05,NBO→KIS,06:50,07:40,50,Safarilink,0,105.0,13650,html_scrape
2026-07-29 06:28,2026-08-05,NBO→KIS,16:10,17:00,50,Unknown,0,187.0,24310,html_scrape
2026-07-29 06:28,2026-07-29,NBO→EDL,18:30,19:30,60,Jambojet,0,68.0,8840,html_scrape
2026-07-29 06:28,2026-07-29,NBO→EDL,17:00,17:40,40,Unknown,0,78.0,10140,html_scrape
2026-07-29 06:28,2026-07-29,NBO→EDL,09:30,10:30,60,Jambojet,0,80.0,10400,html_scrape
2026-07-29 06:29,2026-07-30,NBO→EDL,09:30,10:30,60,Jambojet,0,80.0,10400,html_scrape
2026-07-29 06:29,2026-07-30,NBO→EDL,06:20,07:20,60,Jambojet,0,76.0,9880,html_scrape
2026-07-29 06:29,2026-07-30,NBO→EDL,06:00,12:00,360,Jambojet,1,281.0,36530,html_scrape
2026-07-29 06:29,2026-07-30,NBO→EDL,09:45,17:40,475,Jambojet,2,370.0,48100,html_scrape
2026-07-29 06:29,2026-07-30,NBO→EDL,09:45,19:30,585,Jambojet,2,363.0,47190,html_scrape
2026-07-29 06:29,2026-07-31,NBO→EDL,09:30,10:30,60,Jambojet,0,84.0,10920,html_scrape
2026-07-29 06:29,2026-07-31,NBO→EDL,16:00,17:00,60,Jambojet,0,99.0,12870,html_scrape
2026-07-29 06:29,2026-07-31,NBO→EDL,06:05,12:00,355,Jambojet,1,351.0,45630,html_scrape
2026-07-29 06:29,2026-07-31,NBO→EDL,16:00,07:20,920,Unknown,2,390.0,50700,html_scrape
2026-07-29 06:29,2026-08-01,NBO→EDL,12:20,13:20,60,Jambojet,0,73.0,9490,html_scrape
2026-07-29 06:29,2026-08-02,NBO→EDL,10:10,11:10,60,Jambojet,0,80.0,10400,html_scrape
2026-07-29 06:29,2026-08-02,NBO→EDL,18:00,09:00,900,Unknown,2,219.0,28470,html_scrape
2026-07-29 06:29,2026-08-02,NBO→EDL,16:00,09:00,1020,Unknown,2,219.0,28470,html_scrape
2026-07-29 06:29,2026-08-03,NBO→EDL,16:00,17:00,60,Jambojet,0,68.0,8840,html_scrape
2026-07-29 06:29,2026-08-03,NBO→EDL,07:00,12:00,300,Unknown,1,324.0,42120,html_scrape
2026-07-29 06:30,2026-08-05,NBO→EDL,17:00,17:40,40,Unknown,0,61.0,7930,html_scrape
2026-07-29 06:30,2026-08-05,NBO→EDL,16:00,17:00,60,Jambojet,0,65.0,8450,html_scrape
2026-07-29 06:30,2026-08-05,NBO→EDL,12:20,13:20,60,Jambojet,0,68.0,8840,html_scrape
2026-07-29 06:30,2026-08-05,NBO→EDL,09:30,10:30,60,Jambojet,0,65.0,8450,html_scrape
2026-07-29 06:30,2026-08-05,NBO→EDL,18:30,19:30,60,Jambojet,0,65.0,8450,html_scrape
2026-07-29 06:30,2026-08-05,NBO→EDL,06:20,07:20,60,Jambojet,0,65.0,8450,html_scrape
2026-07-29 06:30,2026-08-05,NBO→EDL,08:25,12:00,215,Unknown,1,382.0,49660,html_scrape
2026-07-29 06:30,2026-08-05,NBO→EDL,06:05,12:00,355,Unknown,1,325.0,42250,html_scrape
2026-07-29 06:30,2026-08-05,NBO→EDL,21:10,12:00,890,Unknown,1,331.0,43030,html_scrape
2026-07-29 06:30,2026-08-05,NBO→EDL,19:20,12:00,1000,Unknown,1,331.0,43030,html_scrape
2026-07-29 17:07,2026-07-29,NBO→MBA,17:30,18:45,75,Jambojet,0,119.0,15470,html_scrape
2026-07-29 17:07,2026-07-29,NBO→MBA,14:00,15:10,70,Safarilink,0,120.0,15600,html_scrape
2026-07-29 17:07,2026-07-29,NBO→MBA,06:45,07:55,70,Safarilink,0,120.0,15600,html_scrape
2026-07-29 17:07,2026-07-30,NBO→MBA,06:45,07:55,70,Safarilink,0,121.0,15730,html_scrape
2026-07-29 17:07,2026-07-30,NBO→MBA,17:05,18:20,75,Jambojet,0,141.0,18330,html_scrape
2026-07-29 17:07,2026-07-30,NBO→MBA,19:00,20:15,75,Jambojet,0,148.0,19240,html_scrape
2026-07-29 17:07,2026-07-30,NBO→MBA,19:20,20:20,60,Unknown,0,151.0,19630,html_scrape
2026-07-29 17:07,2026-07-30,NBO→MBA,19:20,20:35,75,Jambojet,0,148.0,19240,html_scrape
2026-07-29 17:07,2026-07-30,NBO→MBA,21:10,22:25,75,Jambojet,0,148.0,19240,html_scrape
2026-07-29 17:07,2026-07-30,NBO→MBA,12:55,13:55,60,Unknown,0,192.0,24960,html_scrape
2026-07-29 17:07,2026-07-30,NBO→MBA,08:00,09:00,60,Unknown,0,192.0,24960,html_scrape
2026-07-29 17:08,2026-07-31,NBO→MBA,18:15,19:30,75,Jambojet,0,126.0,16380,html_scrape
2026-07-29 17:08,2026-07-31,NBO→MBA,19:00,20:15,75,Jambojet,0,126.0,16380,html_scrape
2026-07-29 17:08,2026-07-31,NBO→MBA,19:20,20:35,75,Jambojet,0,126.0,16380,html_scrape
2026-07-29 17:08,2026-07-31,NBO→MBA,17:30,18:45,75,Jambojet,0,141.0,18330,html_scrape
2026-07-29 17:08,2026-07-31,NBO→MBA,06:45,07:55,70,Safarilink,0,121.0,15730,html_scrape
2026-07-29 17:08,2026-07-31,NBO→MBA,16:00,17:00,60,Unknown,0,150.0,19500,html_scrape
2026-07-29 17:08,2026-07-31,NBO→MBA,13:35,14:50,75,Jambojet,0,148.0,19240,html_scrape
2026-07-29 17:08,2026-07-31,NBO→MBA,18:00,19:00,60,Unknown,0,150.0,19500,html_scrape
2026-07-29 17:08,2026-07-31,NBO→MBA,19:10,20:10,60,Unknown,0,149.0,19370,html_scrape
2026-07-29 17:08,2026-08-01,NBO→MBA,21:10,22:25,75,Jambojet,0,68.0,8840,html_scrape
2026-07-29 17:08,2026-08-01,NBO→MBA,17:30,18:45,75,Jambojet,0,91.0,11830,html_scrape
2026-07-29 17:08,2026-08-01,NBO→MBA,10:00,11:00,60,Unknown,0,114.0,14820,html_scrape
2026-07-29 17:08,2026-08-01,NBO→MBA,14:45,15:50,65,Safarilink,0,121.0,15730,html_scrape
2026-07-29 17:08,2026-08-01,NBO→MBA,14:00,15:10,70,Safarilink,0,121.0,15730,html_scrape
2026-07-29 17:08,2026-08-01,NBO→MBA,12:00,13:00,60,Unknown,0,125.0,16250,html_scrape
2026-07-29 17:08,2026-08-01,NBO→MBA,08:30,09:30,60,Unknown,0,114.0,14820,html_scrape
2026-07-29 17:08,2026-08-02,NBO→MBA,19:00,20:15,75,Jambojet,0,68.0,8840,html_scrape
2026-07-29 17:08,2026-08-02,NBO→MBA,19:20,20:35,75,Jambojet,0,73.0,9490,html_scrape
2026-07-29 17:08,2026-08-02,NBO→MBA,21:10,22:25,75,Jambojet,0,73.0,9490,html_scrape
2026-07-29 17:08,2026-08-02,NBO→MBA,06:05,07:20,75,Jambojet,0,76.0,9880,html_scrape
2026-07-29 17:08,2026-08-02,NBO→MBA,12:00,13:00,60,Unknown,0,114.0,14820,html_scrape
2026-07-29 17:08,2026-08-03,NBO→MBA,21:10,22:25,75,Jambojet,0,65.0,8450,html_scrape
2026-07-29 17:08,2026-08-03,NBO→MBA,18:15,19:30,75,Jambojet,0,80.0,10400,html_scrape
2026-07-29 17:08,2026-08-03,NBO→MBA,19:20,20:35,75,Jambojet,0,84.0,10920,html_scrape
2026-07-29 17:08,2026-08-03,NBO→MBA,18:00,19:00,60,Unknown,0,114.0,14820,html_scrape
2026-07-29 17:08,2026-08-03,NBO→MBA,10:00,11:00,60,Unknown,0,137.0,17810,html_scrape
2026-07-29 17:08,2026-08-03,NBO→MBA,07:00,08:00,60,Unknown,0,114.0,14820,html_scrape
2026-07-29 17:08,2026-08-03,NBO→MBA,12:00,13:00,60,Unknown,0,150.0,19500,html_scrape
2026-07-29 17:08,2026-08-03,NBO→MBA,15:25,16:25,60,Unknown,0,151.0,19630,html_scrape
2026-07-29 17:08,2026-08-04,NBO→MBA,17:30,18:45,75,Jambojet,0,73.0,9490,html_scrape
2026-07-29 17:08,2026-08-04,NBO→MBA,19:20,20:35,75,Jambojet,0,68.0,8840,html_scrape
2026-07-29 17:08,2026-08-04,NBO→MBA,18:15,19:30,75,Jambojet,0,73.0,9490,html_scrape
2026-07-29 17:08,2026-08-04,NBO→MBA,21:10,22:25,75,Jambojet,0,65.0,8450,html_scrape
2026-07-29 17:08,2026-08-04,NBO→MBA,17:05,18:20,75,Jambojet,0,80.0,10400,html_scrape
2026-07-29 17:08,2026-08-04,NBO→MBA,13:30,14:45,75,Jambojet,0,111.0,14430,html_scrape
2026-07-29 17:08,2026-08-04,NBO→MBA,06:00,07:15,75,Jambojet,0,80.0,10400,html_scrape
2026-07-29 17:09,2026-08-05,NBO→MBA,19:20,20:35,75,Jambojet,0,65.0,8450,html_scrape
2026-07-29 17:09,2026-08-05,NBO→MBA,18:15,19:30,75,Jambojet,0,73.0,9490,html_scrape
2026-07-29 17:09,2026-08-05,NBO→MBA,21:10,22:25,75,Jambojet,0,65.0,8450,html_scrape
2026-07-29 17:09,2026-08-05,NBO→MBA,06:05,07:20,75,Jambojet,0,76.0,9880,html_scrape
2026-07-29 17:09,2026-08-05,NBO→MBA,17:30,18:45,75,Jambojet,0,119.0,15470,html_scrape
2026-07-29 17:09,2026-07-29,NBO→KIS,16:05,16:55,50,Unknown,0,180.0,23400,html_scrape
2026-07-29 17:09,2026-07-29,NBO→KIS,11:45,12:35,50,Unknown,0,180.0,23400,html_scrape
2026-07-29 17:09,2026-07-30,NBO→KIS,11:45,12:35,50,Unknown,0,187.0,24310,html_scrape
2026-07-29 17:09,2026-07-30,NBO→KIS,16:05,16:55,50,Unknown,0,187.0,24310,html_scrape
2026-07-29 17:09,2026-07-30,NBO→KIS,21:10,18:10,1260,Jambojet,2,305.0,39650,html_scrape
2026-07-29 17:09,2026-07-30,NBO→KIS,19:20,18:10,1370,Jambojet,2,305.0,39650,html_scrape
2026-07-29 17:09,2026-07-30,NBO→KIS,19:00,18:10,1390,Jambojet,2,305.0,39650,html_scrape
2026-07-29 17:09,2026-07-31,NBO→KIS,17:10,18:10,60,Jambojet,0,111.0,14430,html_scrape
2026-07-29 17:09,2026-07-31,NBO→KIS,15:30,16:30,60,Jambojet,0,119.0,15470,html_scrape
2026-07-29 17:09,2026-07-31,NBO→KIS,17:20,18:10,50,Unknown,0,134.0,17420,html_scrape
2026-07-29 17:09,2026-07-31,NBO→KIS,12:50,13:50,60,Jambojet,0,148.0,19240,html_scrape
2026-07-29 17:09,2026-07-31,NBO→KIS,06:30,07:30,60,Jambojet,0,148.0,19240,html_scrape
2026-07-29 17:09,2026-07-31,NBO→KIS,06:00,07:00,60,Jambojet,0,148.0,19240,html_scrape
2026-07-29 17:09,2026-07-31,NBO→KIS,08:00,18:10,610,Unknown,2,344.0,44720,html_scrape
2026-07-29 17:10,2026-08-01,NBO→KIS,18:00,19:00,60,Jambojet,0,88.0,11440,html_scrape
2026-07-29 17:10,2026-08-01,NBO→KIS,16:40,17:30,50,Unknown,0,127.0,16510,html_scrape
2026-07-29 17:10,2026-08-01,NBO→KIS,06:30,07:30,60,Jambojet,0,111.0,14430,html_scrape
2026-07-29 17:10,2026-08-01,NBO→KIS,12:50,13:50,60,Jambojet,0,141.0,18330,html_scrape
2026-07-29 17:10,2026-08-01,NBO→KIS,06:00,07:00,60,Jambojet,0,111.0,14430,html_scrape
2026-07-29 17:10,2026-08-01,NBO→KIS,09:20,10:20,60,Jambojet,0,141.0,18330,html_scrape
2026-07-29 17:10,2026-08-01,NBO→KIS,06:50,07:40,50,Safarilink,0,120.0,15600,html_scrape
2026-07-29 17:10,2026-08-02,NBO→KIS,15:30,16:30,60,Jambojet,0,102.0,13260,html_scrape
2026-07-29 17:10,2026-08-02,NBO→KIS,09:10,10:10,60,Jambojet,0,102.0,13260,html_scrape
2026-07-29 17:10,2026-08-03,NBO→KIS,17:10,18:10,60,Jambojet,0,80.0,10400,html_scrape
2026-07-29 17:10,2026-08-03,NBO→KIS,15:30,16:30,60,Jambojet,0,95.0,12350,html_scrape
2026-07-29 17:10,2026-08-03,NBO→KIS,10:55,11:45,50,Unknown,0,117.0,15210,html_scrape
2026-07-29 17:10,2026-08-04,NBO→KIS,18:50,19:50,60,Jambojet,0,80.0,10400,html_scrape
2026-07-29 17:10,2026-08-04,NBO→KIS,15:30,16:30,60,Jambojet,0,88.0,11440,html_scrape
2026-07-29 17:10,2026-08-04,NBO→KIS,09:20,10:20,60,Jambojet,0,95.0,12350,html_scrape
2026-07-29 17:10,2026-08-04,NBO→KIS,06:30,07:30,60,Jambojet,0,80.0,10400,html_scrape
2026-07-29 17:10,2026-08-04,NBO→KIS,16:10,17:00,50,Unknown,0,129.0,16770,html_scrape
2026-07-29 17:10,2026-08-05,NBO→KIS,15:30,16:30,60,Jambojet,0,88.0,11440,html_scrape
2026-07-29 17:10,2026-08-05,NBO→KIS,06:30,07:30,60,Jambojet,0,80.0,10400,html_scrape
2026-07-29 17:10,2026-08-05,NBO→KIS,16:10,17:00,50,Unknown,0,129.0,16770,html_scrape
2026-07-29 17:11,2026-07-29,NBO→EDL,18:30,19:30,60,Jambojet,0,76.0,9880,html_scrape
2026-07-29 17:11,2026-07-29,NBO→EDL,09:30,10:30,60,Jambojet,0,95.0,12350,html_scrape
2026-07-29 17:11,2026-07-29,NBO→EDL,16:00,17:00,60,Jambojet,0,99.0,12870,html_scrape
2026-07-29 17:11,2026-07-30,NBO→EDL,09:45,19:30,585,Jambojet,2,378.0,49140,html_scrape
2026-07-29 17:11,2026-07-30,NBO→EDL,12:55,19:30,1835,Unknown,2,444.0,57720,html_scrape
2026-07-29 17:11,2026-07-31,NBO→EDL,18:30,19:30,60,Jambojet,0,80.0,10400,html_scrape
2026-07-29 17:11,2026-07-31,NBO→EDL,09:30,10:30,60,Jambojet,0,95.0,12350,html_scrape
2026-07-29 17:11,2026-07-31,NBO→EDL,16:00,07:20,920,Unknown,2,403.0,52390,html_scrape
2026-07-29 17:11,2026-08-01,NBO→EDL,12:20,13:20,60,Jambojet,0,76.0,9880,html_scrape
2026-07-29 17:11,2026-08-01,NBO→EDL,19:10,20:10,60,Jambojet,0,68.0,8840,html_scrape
2026-07-29 17:11,2026-08-01,NBO→EDL,09:30,10:30,60,Jambojet,0,80.0,10400,html_scrape
2026-07-29 17:12,2026-08-02,NBO→EDL,12:10,13:10,60,Jambojet,0,88.0,11440,html_scrape
2026-07-29 17:12,2026-08-02,NBO→EDL,21:10,09:00,710,Jambojet,2,215.0,27950,html_scrape
2026-07-29 17:12,2026-08-02,NBO→EDL,19:00,09:00,840,Jambojet,2,210.0,27300,html_scrape
2026-07-29 17:12,2026-08-02,NBO→EDL,21:10,12:00,890,Unknown,1,340.0,44200,html_scrape
2026-07-29 17:12,2026-08-02,NBO→EDL,19:00,12:00,1020,Unknown,1,332.0,43160,html_scrape
2026-07-29 17:12,2026-08-03,NBO→EDL,12:20,13:20,60,Jambojet,0,76.0,9880,html_scrape
2026-07-29 17:12,2026-08-03,NBO→EDL,09:30,10:30,60,Jambojet,0,88.0,11440,html_scrape
2026-07-29 17:12,2026-08-03,NBO→EDL,06:20,07:20,60,Jambojet,0,76.0,9880,html_scrape
2026-07-29 17:12,2026-08-03,NBO→EDL,06:05,12:00,355,Unknown,1,417.0,54210,html_scrape
2026-07-29 17:12,2026-08-04,NBO→EDL,08:25,12:00,215,Unknown,1,381.0,49530,html_scrape
2026-07-29 17:12,2026-08-04,NBO→EDL,06:00,12:00,360,Unknown,1,322.0,41860,html_scrape
2026-07-29 17:12,2026-08-04,NBO→EDL,21:10,12:00,890,Unknown,1,294.0,38220,html_scrape
2026-07-29 17:12,2026-08-05,NBO→EDL,08:25,12:00,215,Unknown,1,363.0,47190,html_scrape
2026-07-29 17:12,2026-08-05,NBO→EDL,06:05,12:00,355,Unknown,1,313.0,40690,html_scrape
2026-07-29 17:12,2026-08-05,NBO→EDL,21:10,12:00,890,Unknown,1,303.0,39390,html_scrape
2026-07-29 17:12,2026-08-05,NBO→EDL,19:20,12:00,1000,Unknown,1,314.0,40820,html_scrape
2026-07-30 06:21,2026-07-30,NBO→MBA,19:20,20:20,60,Unknown,0,192.0,24960,html_scrape
2026-07-30 06:21,2026-07-30,NBO→MBA,23:59,00:59,60,Unknown,0,192.0,24960,html_scrape
2026-07-30 06:21,2026-07-31,NBO→MBA,21:10,22:25,75,Jambojet,0,126.0,16380,html_scrape
2026-07-30 06:21,2026-07-31,NBO→MBA,19:10,20:10,60,Unknown,0,144.0,18720,html_scrape
2026-07-30 06:21,2026-07-31,NBO→MBA,06:05,07:20,75,Jambojet,0,141.0,18330,html_scrape
2026-07-30 06:21,2026-07-31,NBO→MBA,23:59,00:59,60,Unknown,0,137.0,17810,html_scrape
2026-07-30 06:21,2026-08-01,NBO→MBA,18:00,19:00,60,Unknown,0,101.0,13130,html_scrape
2026-07-30 06:21,2026-08-01,NBO→MBA,16:30,17:45,75,Jambojet,0,111.0,14430,html_scrape
2026-07-30 06:21,2026-08-01,NBO→MBA,12:00,13:00,60,Unknown,0,126.0,16380,html_scrape
2026-07-30 06:21,2026-08-01,NBO→MBA,10:00,11:00,60,Unknown,0,126.0,16380,html_scrape
2026-07-30 06:21,2026-08-02,NBO→MBA,19:00,20:15,75,Jambojet,0,73.0,9490,html_scrape
2026-07-30 06:21,2026-08-02,NBO→MBA,21:10,22:25,75,Jambojet,0,76.0,9880,html_scrape
2026-07-30 06:21,2026-08-02,NBO→MBA,06:05,07:20,75,Jambojet,0,80.0,10400,html_scrape
2026-07-30 06:21,2026-08-02,NBO→MBA,09:40,10:55,75,Jambojet,0,102.0,13260,html_scrape
2026-07-30 06:21,2026-08-02,NBO→MBA,16:00,17:00,60,Unknown,0,114.0,14820,html_scrape
2026-07-30 06:22,2026-08-03,NBO→MBA,21:10,22:25,75,Jambojet,0,68.0,8840,html_scrape
2026-07-30 06:22,2026-08-03,NBO→MBA,18:15,19:30,75,Jambojet,0,84.0,10920,html_scrape
2026-07-30 06:22,2026-08-03,NBO→MBA,10:00,11:00,60,Unknown,0,126.0,16380,html_scrape
2026-07-30 06:22,2026-08-03,NBO→MBA,06:45,07:55,70,Safarilink,0,121.0,15730,html_scrape
2026-07-30 06:22,2026-08-03,NBO→MBA,17:30,18:45,75,Jambojet,0,148.0,19240,html_scrape
2026-07-30 06:22,2026-08-04,NBO→MBA,06:00,07:15,75,Jambojet,0,84.0,10920,html_scrape
2026-07-30 06:22,2026-08-05,NBO→MBA,19:20,20:35,75,Jambojet,0,68.0,8840,html_scrape
2026-07-30 06:22,2026-08-05,NBO→MBA,06:05,07:20,75,Jambojet,0,80.0,10400,html_scrape
2026-07-30 06:22,2026-08-05,NBO→MBA,08:25,09:40,75,Jambojet,0,111.0,14430,html_scrape
2026-07-30 06:22,2026-08-06,NBO→MBA,19:20,20:35,75,Jambojet,0,65.0,8450,html_scrape
2026-07-30 06:22,2026-08-06,NBO→MBA,17:30,18:45,75,Jambojet,0,76.0,9880,html_scrape
2026-07-30 06:22,2026-08-06,NBO→MBA,21:10,22:25,75,Jambojet,0,65.0,8450,html_scrape
2026-07-30 06:22,2026-08-06,NBO→MBA,18:00,19:00,60,Unknown,0,89.0,11570,html_scrape
2026-07-30 06:22,2026-08-06,NBO→MBA,17:05,18:20,75,Jambojet,0,91.0,11830,html_scrape
2026-07-30 06:22,2026-08-06,NBO→MBA,14:45,15:50,65,Safarilink,0,121.0,15730,html_scrape
2026-07-30 06:22,2026-08-06,NBO→MBA,14:00,15:10,70,Safarilink,0,121.0,15730,html_scrape
2026-07-30 06:22,2026-08-06,NBO→MBA,06:00,07:15,75,Jambojet,0,88.0,11440,html_scrape
2026-07-30 06:22,2026-08-06,NBO→MBA,23:59,00:59,60,Unknown,0,88.0,11440,html_scrape
2026-07-30 06:22,2026-08-06,NBO→MBA,12:00,13:00,60,Unknown,0,138.0,17940,html_scrape
2026-07-30 06:23,2026-07-30,NBO→KIS,17:10,18:10,60,Jambojet,0,111.0,14430,html_scrape
2026-07-30 06:23,2026-07-30,NBO→KIS,15:30,16:30,60,Jambojet,0,119.0,15470,html_scrape
2026-07-30 06:23,2026-07-31,NBO→KIS,18:00,18:50,50,Safarilink,0,120.0,15600,html_scrape
2026-07-30 06:23,2026-07-31,NBO→KIS,15:30,16:30,60,Jambojet,0,141.0,18330,html_scrape
2026-07-30 06:23,2026-07-31,NBO→KIS,17:10,18:10,60,Jambojet,0,141.0,18330,html_scrape
2026-07-30 06:23,2026-07-31,NBO→KIS,16:00,07:50,950,Unknown,2,327.0,42510,html_scrape
2026-07-30 06:23,2026-07-31,NBO→KIS,12:00,07:50,1190,Unknown,2,314.0,40820,html_scrape
2026-07-30 06:23,2026-08-01,NBO→KIS,17:05,18:05,60,Jambojet,0,99.0,12870,html_scrape
2026-07-30 06:23,2026-08-02,NBO→KIS,15:30,16:30,60,Jambojet,0,111.0,14430,html_scrape
2026-07-30 06:24,2026-08-03,NBO→KIS,06:00,07:00,60,Jambojet,0,95.0,12350,html_scrape
2026-07-30 06:24,2026-08-04,NBO→KIS,16:10,17:00,50,Unknown,0,134.0,17420,html_scrape
2026-07-30 06:24,2026-08-06,NBO→KIS,18:00,19:00,60,Jambojet,0,73.0,9490,html_scrape
2026-07-30 06:24,2026-08-06,NBO→KIS,15:30,16:30,60,Jambojet,0,80.0,10400,html_scrape
2026-07-30 06:24,2026-08-06,NBO→KIS,12:50,13:50,60,Jambojet,0,88.0,11440,html_scrape
2026-07-30 06:24,2026-08-06,NBO→KIS,09:20,10:20,60,Jambojet,0,88.0,11440,html_scrape
2026-07-30 06:24,2026-08-06,NBO→KIS,06:00,07:00,60,Jambojet,0,65.0,8450,html_scrape
2026-07-30 06:24,2026-08-06,NBO→KIS,06:30,07:30,60,Jambojet,0,73.0,9490,html_scrape
2026-07-30 06:24,2026-08-06,NBO→KIS,18:00,18:50,50,Safarilink,0,105.0,13650,html_scrape
2026-07-30 06:24,2026-08-06,NBO→KIS,19:20,20:10,50,Safarilink,0,105.0,13650,html_scrape
2026-07-30 06:24,2026-08-06,NBO→KIS,16:05,16:55,50,Unknown,0,122.0,15860,html_scrape
2026-07-30 06:24,2026-08-06,NBO→KIS,06:50,07:40,50,Safarilink,0,105.0,13650,html_scrape
2026-07-30 06:25,2026-07-31,NBO→EDL,18:30,19:30,60,Jambojet,0,84.0,10920,html_scrape
2026-07-30 06:25,2026-08-01,NBO→EDL,17:00,17:40,40,Unknown,0,69.0,8970,html_scrape
2026-07-30 06:25,2026-08-01,NBO→EDL,12:20,13:20,60,Jambojet,0,80.0,10400,html_scrape
2026-07-30 06:25,2026-08-02,NBO→EDL,17:00,17:40,40,Unknown,0,69.0,8970,html_scrape
2026-07-30 06:25,2026-08-02,NBO→EDL,21:10,09:00,710,Jambojet,2,217.0,28210,html_scrape
2026-07-30 06:25,2026-08-02,NBO→EDL,19:00,09:00,840,Jambojet,2,214.0,27820,html_scrape
2026-07-30 06:25,2026-08-02,NBO→EDL,19:20,09:00,820,Jambojet,2,214.0,27820,html_scrape
2026-07-30 06:25,2026-08-03,NBO→EDL,07:00,12:00,300,Unknown,1,348.0,45240,html_scrape
2026-07-30 06:25,2026-08-03,NBO→EDL,06:05,12:00,355,Jambojet,1,351.0,45630,html_scrape
2026-07-30 06:25,2026-08-03,NBO→EDL,07:15,12:00,285,Unknown,1,429.0,55770,html_scrape
2026-07-30 06:26,2026-08-04,NBO→EDL,06:00,12:00,360,Unknown,1,333.0,43290,html_scrape
2026-07-30 06:26,2026-08-05,NBO→EDL,21:10,12:00,890,Unknown,1,312.0,40560,html_scrape
2026-07-30 06:26,2026-08-05,NBO→EDL,19:20,12:00,1000,Unknown,1,323.0,41990,html_scrape
2026-07-30 06:26,2026-08-06,NBO→EDL,17:00,17:40,40,Unknown,0,61.0,7930,html_scrape
2026-07-30 06:26,2026-08-06,NBO→EDL,12:20,13:20,60,Jambojet,0,65.0,8450,html_scrape
2026-07-30 06:26,2026-08-06,NBO→EDL,18:30,19:30,60,Jambojet,0,65.0,8450,html_scrape
2026-07-30 06:26,2026-08-06,NBO→EDL,09:30,10:30,60,Jambojet,0,65.0,8450,html_scrape
2026-07-30 06:26,2026-08-06,NBO→EDL,16:00,17:00,60,Jambojet,0,73.0,9490,html_scrape
2026-07-30 06:26,2026-08-06,NBO→EDL,07:20,08:20,60,Jambojet,0,65.0,8450,html_scrape
2026-07-30 06:26,2026-08-06,NBO→EDL,06:20,07:20,60,Jambojet,0,68.0,8840,html_scrape
2026-07-30 06:26,2026-08-06,NBO→EDL,08:25,12:00,215,Unknown,1,408.0,53040,html_scrape
2026-07-30 06:26,2026-08-06,NBO→EDL,06:00,12:00,360,Unknown,1,351.0,45630,html_scrape
2026-07-30 06:26,2026-08-06,NBO→EDL,23:59,12:00,721,Unknown,1,299.0,38870,html_scrape
2026-07-30 17:18,2026-07-30,NBO→MBA,19:20,20:35,75,Jambojet,0,133.0,17290,html_scrape
2026-07-30 17:18,2026-07-30,NBO→MBA,19:00,20:15,75,Jambojet,0,133.0,17290,html_scrape
2026-07-30 17:18,2026-07-30,NBO→MBA,21:10,22:25,75,Jambojet,0,140.0,18200,html_scrape
2026-07-30 17:18,2026-07-31,NBO→MBA,19:20,20:35,75,Jambojet,0,133.0,17290,html_scrape
2026-07-30 17:18,2026-07-31,NBO→MBA,19:00,20:15,75,Jambojet,0,140.0,18200,html_scrape
2026-07-30 17:18,2026-07-31,NBO→MBA,14:00,15:10,70,Safarilink,0,152.0,19760,html_scrape
2026-07-30 17:18,2026-07-31,NBO→MBA,21:10,22:25,75,Jambojet,0,140.0,18200,html_scrape
2026-07-30 17:18,2026-07-31,NBO→MBA,14:45,15:50,65,Safarilink,0,193.0,25090,html_scrape
2026-07-30 17:18,2026-07-31,NBO→MBA,13:00,14:00,60,Unknown,0,197.0,25610,html_scrape
2026-07-30 17:18,2026-07-31,NBO→MBA,23:59,00:59,60,Unknown,0,149.0,19370,html_scrape
2026-07-30 17:18,2026-07-31,NBO→MBA,19:10,20:10,60,Unknown,0,192.0,24960,html_scrape
2026-07-30 17:18,2026-07-31,NBO→MBA,15:30,15:45,1455,Jambojet,2,304.0,39520,html_scrape
2026-07-30 17:18,2026-07-31,NBO→MBA,12:50,15:45,1615,Unknown,2,358.0,46540,html_scrape
2026-07-30 17:18,2026-08-01,NBO→MBA,19:20,20:35,75,Jambojet,0,94.0,12220,html_scrape
2026-07-30 17:18,2026-08-01,NBO→MBA,19:00,20:15,75,Jambojet,0,98.0,12740,html_scrape
2026-07-30 17:18,2026-08-01,NBO→MBA,21:10,22:25,75,Jambojet,0,94.0,12220,html_scrape
2026-07-30 17:18,2026-08-01,NBO→MBA,17:30,18:45,75,Jambojet,0,110.0,14300,html_scrape
2026-07-30 17:18,2026-08-01,NBO→MBA,08:25,09:40,75,Jambojet,0,110.0,14300,html_scrape
2026-07-30 17:18,2026-08-01,NBO→MBA,16:30,17:45,75,Jambojet,0,125.0,16250,html_scrape
2026-07-30 17:18,2026-08-01,NBO→MBA,09:35,10:50,75,Jambojet,0,125.0,16250,html_scrape
2026-07-30 17:18,2026-08-01,NBO→MBA,23:59,00:59,60,Unknown,0,93.0,12090,html_scrape
2026-07-30 17:18,2026-08-01,NBO→MBA,13:30,14:45,75,Jambojet,0,140.0,18200,html_scrape
2026-07-30 17:19,2026-08-02,NBO→MBA,19:20,20:35,75,Jambojet,0,83.0,10790,html_scrape
2026-07-30 17:19,2026-08-02,NBO→MBA,19:00,20:15,75,Jambojet,0,87.0,11310,html_scrape
2026-07-30 17:19,2026-08-02,NBO→MBA,21:10,22:25,75,Jambojet,0,79.0,10270,html_scrape
2026-07-30 17:19,2026-08-02,NBO→MBA,18:00,19:00,60,Unknown,0,101.0,13130,html_scrape
2026-07-30 17:19,2026-08-02,NBO→MBA,14:45,15:50,65,Safarilink,0,121.0,15730,html_scrape
2026-07-30 17:19,2026-08-02,NBO→MBA,14:00,15:10,70,Safarilink,0,121.0,15730,html_scrape
2026-07-30 17:19,2026-08-02,NBO→MBA,06:05,07:20,75,Jambojet,0,87.0,11310,html_scrape
2026-07-30 17:19,2026-08-02,NBO→MBA,16:00,17:00,60,Unknown,0,126.0,16380,html_scrape
2026-07-30 17:19,2026-08-02,NBO→MBA,08:30,09:30,60,Unknown,0,114.0,14820,html_scrape
2026-07-30 17:19,2026-08-02,NBO→MBA,20:35,21:35,60,Unknown,0,119.0,15470,html_scrape
2026-07-30 17:19,2026-08-03,NBO→MBA,21:10,22:25,75,Jambojet,0,94.0,12220,html_scrape
2026-07-30 17:19,2026-08-03,NBO→MBA,19:20,20:35,75,Jambojet,0,101.0,13130,html_scrape
2026-07-30 17:19,2026-08-03,NBO→MBA,18:15,19:30,75,Jambojet,0,110.0,14300,html_scrape
2026-07-30 17:19,2026-08-03,NBO→MBA,13:35,14:50,75,Jambojet,0,147.0,19110,html_scrape
2026-07-30 17:19,2026-08-04,NBO→MBA,18:15,19:30,75,Jambojet,0,90.0,11700,html_scrape
2026-07-30 17:19,2026-08-04,NBO→MBA,19:20,20:35,75,Jambojet,0,90.0,11700,html_scrape
2026-07-30 17:19,2026-08-04,NBO→MBA,17:05,18:20,75,Jambojet,0,98.0,12740,html_scrape
2026-07-30 17:19,2026-08-04,NBO→MBA,21:10,22:25,75,Jambojet,0,83.0,10790,html_scrape
2026-07-30 17:19,2026-08-04,NBO→MBA,17:30,18:45,75,Jambojet,0,98.0,12740,html_scrape
2026-07-30 17:19,2026-08-04,NBO→MBA,18:00,19:00,60,Unknown,0,126.0,16380,html_scrape
2026-07-30 17:19,2026-08-04,NBO→MBA,06:00,07:15,75,Jambojet,0,101.0,13130,html_scrape
2026-07-30 17:19,2026-08-04,NBO→MBA,12:00,13:00,60,Unknown,0,138.0,17940,html_scrape
2026-07-30 17:19,2026-08-04,NBO→MBA,19:25,20:25,60,Unknown,0,132.0,17160,html_scrape
2026-07-30 17:19,2026-08-04,NBO→MBA,07:00,08:00,60,Unknown,0,114.0,14820,html_scrape
2026-07-30 17:19,2026-08-05,NBO→MBA,18:15,19:30,75,Jambojet,0,94.0,12220,html_scrape
2026-07-30 17:19,2026-08-05,NBO→MBA,19:20,20:35,75,Jambojet,0,90.0,11700,html_scrape
2026-07-30 17:19,2026-08-05,NBO→MBA,21:10,22:25,75,Jambojet,0,87.0,11310,html_scrape
2026-07-30 17:19,2026-08-05,NBO→MBA,08:00,09:00,60,Unknown,0,108.0,14040,html_scrape
2026-07-30 17:19,2026-08-05,NBO→MBA,06:05,07:20,75,Jambojet,0,98.0,12740,html_scrape
2026-07-30 17:19,2026-08-06,NBO→MBA,18:00,19:00,60,Unknown,0,65.0,8450,html_scrape
2026-07-30 17:19,2026-08-06,NBO→MBA,20:00,21:00,60,Unknown,0,88.0,11440,html_scrape
2026-07-30 17:19,2026-08-06,NBO→MBA,19:20,20:35,75,Jambojet,0,87.0,11310,html_scrape
2026-07-30 17:19,2026-08-06,NBO→MBA,21:10,22:25,75,Jambojet,0,83.0,10790,html_scrape
2026-07-30 17:19,2026-08-06,NBO→MBA,17:30,18:45,75,Jambojet,0,98.0,12740,html_scrape
2026-07-30 17:19,2026-08-06,NBO→MBA,17:05,18:20,75,Jambojet,0,110.0,14300,html_scrape
2026-07-30 17:19,2026-08-06,NBO→MBA,12:00,13:00,60,Unknown,0,126.0,16380,html_scrape
2026-07-30 17:20,2026-07-30,NBO→KIS,18:00,18:50,50,Safarilink,0,157.0,20410,html_scrape
2026-07-30 17:20,2026-07-31,NBO→KIS,18:00,18:50,50,Safarilink,0,157.0,20410,html_scrape
2026-07-30 17:20,2026-08-01,NBO→KIS,18:00,19:00,60,Jambojet,0,90.0,11700,html_scrape
2026-07-30 17:20,2026-08-01,NBO→KIS,17:05,18:05,60,Jambojet,0,101.0,13130,html_scrape
2026-07-30 17:20,2026-08-01,NBO→KIS,16:40,17:30,50,Unknown,0,134.0,17420,html_scrape
2026-07-30 17:20,2026-08-01,NBO→KIS,12:50,13:50,60,Jambojet,0,147.0,19110,html_scrape
2026-07-30 17:20,2026-08-01,NBO→KIS,06:00,07:00,60,Jambojet,0,147.0,19110,html_scrape
2026-07-30 17:20,2026-08-01,NBO→KIS,07:00,07:50,50,Unknown,0,192.0,24960,html_scrape
2026-07-30 17:20,2026-08-02,NBO→KIS,17:10,18:10,60,Jambojet,0,94.0,12220,html_scrape
2026-07-30 17:20,2026-08-02,NBO→KIS,12:50,13:50,60,Jambojet,0,110.0,14300,html_scrape
2026-07-30 17:20,2026-08-02,NBO→KIS,09:10,10:10,60,Jambojet,0,101.0,13130,html_scrape
2026-07-30 17:20,2026-08-02,NBO→KIS,06:00,07:00,60,Jambojet,0,87.0,11310,html_scrape
2026-07-30 17:20,2026-08-02,NBO→KIS,15:30,16:30,60,Jambojet,0,133.0,17290,html_scrape
2026-07-30 17:20,2026-08-02,NBO→KIS,11:45,12:35,50,Unknown,0,151.0,19630,html_scrape
2026-07-30 17:21,2026-08-03,NBO→KIS,12:50,13:50,60,Jambojet,0,94.0,12220,html_scrape
2026-07-30 17:21,2026-08-03,NBO→KIS,15:30,16:30,60,Jambojet,0,94.0,12220,html_scrape
2026-07-30 17:21,2026-08-03,NBO→KIS,17:10,18:10,60,Jambojet,0,94.0,12220,html_scrape
2026-07-30 17:21,2026-08-03,NBO→KIS,09:20,10:20,60,Jambojet,0,110.0,14300,html_scrape
2026-07-30 17:21,2026-08-03,NBO→KIS,06:30,07:30,60,Jambojet,0,94.0,12220,html_scrape
2026-07-30 17:21,2026-08-03,NBO→KIS,10:55,11:45,50,Unknown,0,122.0,15860,html_scrape
2026-07-30 17:21,2026-08-03,NBO→KIS,06:50,07:40,50,Safarilink,0,105.0,13650,html_scrape
2026-07-30 17:21,2026-08-04,NBO→KIS,18:50,19:50,60,Jambojet,0,79.0,10270,html_scrape
2026-07-30 17:21,2026-08-04,NBO→KIS,15:30,16:30,60,Jambojet,0,87.0,11310,html_scrape
2026-07-30 17:21,2026-08-04,NBO→KIS,12:50,13:50,60,Jambojet,0,94.0,12220,html_scrape
2026-07-30 17:21,2026-08-04,NBO→KIS,09:20,10:20,60,Jambojet,0,94.0,12220,html_scrape
2026-07-30 17:21,2026-08-04,NBO→KIS,06:00,07:00,60,Jambojet,0,72.0,9360,html_scrape
2026-07-30 17:21,2026-08-04,NBO→KIS,06:30,07:30,60,Jambojet,0,79.0,10270,html_scrape
2026-07-30 17:21,2026-08-05,NBO→KIS,17:10,18:10,60,Jambojet,0,79.0,10270,html_scrape
2026-07-30 17:21,2026-08-05,NBO→KIS,15:30,16:30,60,Jambojet,0,87.0,11310,html_scrape
2026-07-30 17:21,2026-08-05,NBO→KIS,12:50,13:50,60,Jambojet,0,94.0,12220,html_scrape
2026-07-30 17:21,2026-08-05,NBO→KIS,09:20,10:20,60,Jambojet,0,87.0,11310,html_scrape
2026-07-30 17:21,2026-08-05,NBO→KIS,06:30,07:30,60,Jambojet,0,79.0,10270,html_scrape
2026-07-30 17:21,2026-08-05,NBO→KIS,06:00,07:00,60,Jambojet,0,79.0,10270,html_scrape
2026-07-30 17:21,2026-08-05,NBO→KIS,16:10,17:00,50,Unknown,0,192.0,24960,html_scrape
2026-07-30 17:21,2026-08-06,NBO→KIS,18:00,19:00,60,Jambojet,0,72.0,9360,html_scrape
2026-07-30 17:21,2026-08-06,NBO→KIS,15:30,16:30,60,Jambojet,0,87.0,11310,html_scrape
2026-07-30 17:21,2026-08-06,NBO→KIS,12:50,13:50,60,Jambojet,0,94.0,12220,html_scrape
2026-07-30 17:21,2026-08-06,NBO→KIS,09:20,10:20,60,Jambojet,0,87.0,11310,html_scrape
2026-07-30 17:21,2026-08-06,NBO→KIS,06:30,07:30,60,Jambojet,0,72.0,9360,html_scrape
2026-07-30 17:21,2026-08-06,NBO→KIS,06:00,07:00,60,Jambojet,0,72.0,9360,html_scrape
2026-07-30 17:21,2026-08-06,NBO→KIS,15:30,16:20,50,Unknown,0,122.0,15860,html_scrape
2026-07-30 17:21,2026-07-30,NBO→EDL,06:20,07:20,60,Jambojet,0,67.0,8710,html_scrape
2026-07-30 17:21,2026-07-30,NBO→EDL,19:10,20:10,60,Jambojet,0,67.0,8710,html_scrape
2026-07-30 17:21,2026-07-30,NBO→EDL,07:20,08:20,60,Jambojet,0,75.0,9750,html_scrape
2026-07-30 17:22,2026-08-01,NBO→EDL,16:00,17:00,60,Jambojet,0,75.0,9750,html_scrape
2026-07-30 17:22,2026-08-01,NBO→EDL,19:10,20:10,60,Jambojet,0,67.0,8710,html_scrape
2026-07-30 17:22,2026-08-01,NBO→EDL,06:20,07:20,60,Jambojet,0,67.0,8710,html_scrape
2026-07-30 17:22,2026-08-01,NBO→EDL,07:20,08:20,60,Jambojet,0,75.0,9750,html_scrape
2026-07-30 17:22,2026-08-01,NBO→EDL,12:20,13:20,60,Jambojet,0,98.0,12740,html_scrape
2026-07-30 17:22,2026-08-01,NBO→EDL,09:30,10:30,60,Jambojet,0,98.0,12740,html_scrape
2026-07-30 17:22,2026-08-02,NBO→EDL,16:00,17:00,60,Jambojet,0,72.0,9360,html_scrape
2026-07-30 17:22,2026-08-02,NBO→EDL,18:30,19:30,60,Jambojet,0,72.0,9360,html_scrape
2026-07-30 17:22,2026-08-02,NBO→EDL,10:10,11:10,60,Jambojet,0,87.0,11310,html_scrape
2026-07-30 17:22,2026-08-02,NBO→EDL,12:10,13:10,60,Jambojet,0,101.0,13130,html_scrape
2026-07-30 17:22,2026-08-02,NBO→EDL,21:10,09:00,710,Jambojet,2,221.0,28730,html_scrape
2026-07-30 17:22,2026-08-02,NBO→EDL,19:20,09:00,820,Jambojet,2,225.0,29250,html_scrape
2026-07-30 17:22,2026-08-03,NBO→EDL,18:30,19:30,60,Jambojet,0,64.0,8320,html_scrape
2026-07-30 17:22,2026-08-03,NBO→EDL,12:20,13:20,60,Jambojet,0,72.0,9360,html_scrape
2026-07-30 17:22,2026-08-03,NBO→EDL,16:00,17:00,60,Jambojet,0,75.0,9750,html_scrape
2026-07-30 17:22,2026-08-03,NBO→EDL,09:30,10:30,60,Jambojet,0,87.0,11310,html_scrape
2026-07-30 17:22,2026-08-03,NBO→EDL,06:20,07:20,60,Jambojet,0,72.0,9360,html_scrape
2026-07-30 17:22,2026-08-03,NBO→EDL,06:05,12:00,355,Jambojet,1,357.0,46410,html_scrape
2026-07-30 17:22,2026-08-03,NBO→EDL,21:10,12:00,890,Unknown,1,333.0,43290,html_scrape
2026-07-30 17:23,2026-08-04,NBO→EDL,12:20,13:20,60,Jambojet,0,64.0,8320,html_scrape
2026-07-30 17:23,2026-08-04,NBO→EDL,15:50,16:50,60,Jambojet,0,64.0,8320,html_scrape
2026-07-30 17:23,2026-08-04,NBO→EDL,09:30,10:30,60,Jambojet,0,64.0,8320,html_scrape
2026-07-30 17:23,2026-08-04,NBO→EDL,18:30,19:30,60,Jambojet,0,64.0,8320,html_scrape
2026-07-30 17:23,2026-08-04,NBO→EDL,06:20,07:20,60,Jambojet,0,64.0,8320,html_scrape
2026-07-30 17:23,2026-08-04,NBO→EDL,08:25,12:00,215,Unknown,1,390.0,50700,html_scrape
2026-07-30 17:23,2026-08-04,NBO→EDL,06:00,12:00,360,Unknown,1,346.0,44980,html_scrape
2026-07-30 17:23,2026-08-04,NBO→EDL,21:10,12:00,890,Unknown,1,331.0,43030,html_scrape
2026-07-30 17:23,2026-08-04,NBO→EDL,19:20,12:00,1000,Unknown,1,342.0,44460,html_scrape
2026-07-30 17:23,2026-08-05,NBO→EDL,17:00,17:40,40,Unknown,0,69.0,8970,html_scrape
2026-07-30 17:23,2026-08-05,NBO→EDL,12:20,13:20,60,Jambojet,0,64.0,8320,html_scrape
2026-07-30 17:23,2026-08-05,NBO→EDL,16:00,17:00,60,Jambojet,0,64.0,8320,html_scrape
2026-07-30 17:23,2026-08-05,NBO→EDL,09:30,10:30,60,Jambojet,0,64.0,8320,html_scrape
2026-07-30 17:23,2026-08-05,NBO→EDL,18:30,19:30,60,Jambojet,0,64.0,8320,html_scrape
2026-07-30 17:23,2026-08-05,NBO→EDL,06:20,07:20,60,Jambojet,0,64.0,8320,html_scrape
2026-07-30 17:23,2026-08-05,NBO→EDL,08:25,12:00,215,Unknown,1,399.0,51870,html_scrape
2026-07-30 17:23,2026-08-05,NBO→EDL,06:05,12:00,355,Unknown,1,344.0,44720,html_scrape
2026-07-30 17:23,2026-08-05,NBO→EDL,21:10,12:00,890,Unknown,1,340.0,44200,html_scrape
2026-07-30 17:23,2026-08-05,NBO→EDL,19:20,12:00,1000,Unknown,1,351.0,45630,html_scrape
2026-07-30 17:23,2026-08-06,NBO→EDL,12:20,13:20,60,Jambojet,0,64.0,8320,html_scrape
2026-07-30 17:23,2026-08-06,NBO→EDL,16:00,17:00,60,Jambojet,0,64.0,8320,html_scrape
2026-07-30 17:23,2026-08-06,NBO→EDL,18:30,19:30,60,Jambojet,0,64.0,8320,html_scrape
2026-07-30 17:23,2026-08-06,NBO→EDL,09:30,10:30,60,Jambojet,0,64.0,8320,html_scrape
2026-07-30 17:23,2026-08-06,NBO→EDL,07:20,08:20,60,Jambojet,0,64.0,8320,html_scrape
2026-07-30 17:23,2026-08-06,NBO→EDL,06:20,07:20,60,Jambojet,0,64.0,8320,html_scrape
2026-07-30 17:23,2026-08-06,NBO→EDL,06:00,12:00,360,Unknown,1,408.0,53040,html_scrape
2026-07-30 17:23,2026-08-06,NBO→EDL,21:10,12:00,890,Jambojet,1,294.0,38220,html_scrape
2026-07-31 06:38,2026-07-31,NBO→MBA,19:10,20:10,60,Unknown,0,197.0,25610,html_scrape
2026-07-31 06:38,2026-07-31,NBO→MBA,23:59,00:59,60,Unknown,0,192.0,24960,html_scrape
2026-07-31 06:38,2026-08-01,NBO→MBA,19:00,20:15,75,Jambojet,0,102.0,13260,html_scrape
2026-07-31 06:38,2026-08-01,NBO→MBA,21:10,22:25,75,Jambojet,0,95.0,12350,html_scrape
2026-07-31 06:38,2026-08-01,NBO→MBA,19:20,20:35,75,Jambojet,0,102.0,13260,html_scrape
2026-07-31 06:38,2026-08-01,NBO→MBA,09:35,10:50,75,Jambojet,0,119.0,15470,html_scrape
2026-07-31 06:38,2026-08-01,NBO→MBA,17:30,18:45,75,Jambojet,0,119.0,15470,html_scrape
2026-07-31 06:38,2026-08-01,NBO→MBA,16:30,17:45,75,Jambojet,0,126.0,16380,html_scrape
2026-07-31 06:38,2026-08-01,NBO→MBA,08:25,09:40,75,Jambojet,0,126.0,16380,html_scrape
2026-07-31 06:38,2026-08-01,NBO→MBA,06:45,07:55,70,Safarilink,0,121.0,15730,html_scrape
2026-07-31 06:38,2026-08-01,NBO→MBA,14:00,15:10,70,Safarilink,0,152.0,19760,html_scrape
2026-07-31 06:38,2026-08-01,NBO→MBA,14:45,15:50,65,Safarilink,0,152.0,19760,html_scrape
2026-07-31 06:38,2026-08-02,NBO→MBA,19:20,20:35,75,Jambojet,0,102.0,13260,html_scrape
2026-07-31 06:38,2026-08-02,NBO→MBA,21:10,22:25,75,Jambojet,0,99.0,12870,html_scrape
2026-07-31 06:38,2026-08-02,NBO→MBA,19:00,20:15,75,Jambojet,0,111.0,14430,html_scrape
2026-07-31 06:38,2026-08-02,NBO→MBA,06:05,07:20,75,Jambojet,0,99.0,12870,html_scrape
2026-07-31 06:38,2026-08-02,NBO→MBA,18:00,19:00,60,Unknown,0,127.0,16510,html_scrape
2026-07-31 06:38,2026-08-02,NBO→MBA,13:20,14:35,75,Jambojet,0,134.0,17420,html_scrape
2026-07-31 06:38,2026-08-02,NBO→MBA,19:30,20:30,60,Unknown,0,131.0,17030,html_scrape
2026-07-31 06:38,2026-08-02,NBO→MBA,13:35,14:50,75,Jambojet,0,141.0,18330,html_scrape
2026-07-31 06:38,2026-08-03,NBO→MBA,21:10,22:25,75,Jambojet,0,95.0,12350,html_scrape
2026-07-31 06:38,2026-08-03,NBO→MBA,19:20,20:35,75,Jambojet,0,102.0,13260,html_scrape
2026-07-31 06:38,2026-08-03,NBO→MBA,18:00,19:00,60,Unknown,0,127.0,16510,html_scrape
2026-07-31 06:38,2026-08-03,NBO→MBA,10:00,11:00,60,Unknown,0,139.0,18070,html_scrape
2026-07-31 06:38,2026-08-03,NBO→MBA,12:00,13:00,60,Unknown,0,152.0,19760,html_scrape
2026-07-31 06:39,2026-08-04,NBO→MBA,18:15,19:30,75,Jambojet,0,95.0,12350,html_scrape
2026-07-31 06:39,2026-08-04,NBO→MBA,19:20,20:35,75,Jambojet,0,91.0,11830,html_scrape
2026-07-31 06:39,2026-08-04,NBO→MBA,21:10,22:25,75,Jambojet,0,84.0,10920,html_scrape
2026-07-31 06:39,2026-08-04,NBO→MBA,17:30,18:45,75,Jambojet,0,99.0,12870,html_scrape
2026-07-31 06:39,2026-08-04,NBO→MBA,17:05,18:20,75,Jambojet,0,102.0,13260,html_scrape
2026-07-31 06:39,2026-08-04,NBO→MBA,18:00,19:00,60,Unknown,0,127.0,16510,html_scrape
2026-07-31 06:39,2026-08-04,NBO→MBA,06:00,07:15,75,Jambojet,0,102.0,13260,html_scrape
2026-07-31 06:39,2026-08-04,NBO→MBA,14:45,15:50,65,Safarilink,0,152.0,19760,html_scrape
2026-07-31 06:39,2026-08-04,NBO→MBA,12:00,13:00,60,Unknown,0,152.0,19760,html_scrape
2026-07-31 06:39,2026-08-04,NBO→MBA,19:25,20:25,60,Unknown,0,139.0,18070,html_scrape
2026-07-31 06:39,2026-08-05,NBO→MBA,18:15,19:30,75,Jambojet,0,95.0,12350,html_scrape
2026-07-31 06:39,2026-08-05,NBO→MBA,19:20,20:35,75,Jambojet,0,91.0,11830,html_scrape
2026-07-31 06:39,2026-08-05,NBO→MBA,21:10,22:25,75,Jambojet,0,88.0,11440,html_scrape
2026-07-31 06:39,2026-08-05,NBO→MBA,12:00,13:00,60,Unknown,0,115.0,14950,html_scrape
2026-07-31 06:39,2026-08-05,NBO→MBA,06:05,07:20,75,Jambojet,0,99.0,12870,html_scrape
2026-07-31 06:39,2026-08-05,NBO→MBA,08:00,09:00,60,Unknown,0,114.0,14820,html_scrape
2026-07-31 06:39,2026-08-06,NBO→MBA,18:00,19:00,60,Unknown,0,78.0,10140,html_scrape
2026-07-31 06:39,2026-08-06,NBO→MBA,19:20,20:35,75,Jambojet,0,88.0,11440,html_scrape
2026-07-31 06:39,2026-08-06,NBO→MBA,17:30,18:45,75,Jambojet,0,102.0,13260,html_scrape
2026-07-31 06:39,2026-08-06,NBO→MBA,21:10,22:25,75,Jambojet,0,88.0,11440,html_scrape
2026-07-31 06:39,2026-08-06,NBO→MBA,17:05,18:20,75,Jambojet,0,111.0,14430,html_scrape
2026-07-31 06:39,2026-08-06,NBO→MBA,12:00,13:00,60,Unknown,0,127.0,16510,html_scrape
2026-07-31 06:39,2026-08-07,NBO→MBA,16:00,17:00,60,Unknown,0,90.0,11700,html_scrape
2026-07-31 06:39,2026-08-07,NBO→MBA,18:00,19:00,60,Unknown,0,90.0,11700,html_scrape
2026-07-31 06:39,2026-08-07,NBO→MBA,15:00,16:00,60,Unknown,0,99.0,12870,html_scrape
2026-07-31 06:39,2026-08-07,NBO→MBA,19:20,20:35,75,Jambojet,0,88.0,11440,html_scrape
2026-07-31 06:39,2026-08-07,NBO→MBA,18:15,19:30,75,Jambojet,0,95.0,12350,html_scrape
2026-07-31 06:39,2026-08-07,NBO→MBA,21:10,22:25,75,Jambojet,0,84.0,10920,html_scrape
2026-07-31 06:39,2026-08-07,NBO→MBA,12:00,13:00,60,Unknown,0,102.0,13260,html_scrape
2026-07-31 06:39,2026-08-07,NBO→MBA,12:30,13:30,60,Unknown,0,119.0,15470,html_scrape
2026-07-31 06:39,2026-08-07,NBO→MBA,06:30,07:30,60,Unknown,0,93.0,12090,html_scrape
2026-07-31 06:39,2026-08-07,NBO→MBA,10:20,11:20,60,Unknown,0,119.0,15470,html_scrape
2026-07-31 06:40,2026-07-31,NBO→KIS,18:00,19:00,60,Jambojet,0,95.0,12350,html_scrape
2026-07-31 06:40,2026-08-01,NBO→KIS,18:00,19:00,60,Jambojet,0,95.0,12350,html_scrape
2026-07-31 06:40,2026-08-01,NBO→KIS,17:05,18:05,60,Jambojet,0,111.0,14430,html_scrape
2026-07-31 06:40,2026-08-01,NBO→KIS,16:40,17:30,50,Unknown,0,170.0,22100,html_scrape
2026-07-31 06:40,2026-08-01,NBO→KIS,06:30,07:30,60,Jambojet,0,148.0,19240,html_scrape
2026-07-31 06:40,2026-08-01,NBO→KIS,06:00,07:00,60,Jambojet,0,148.0,19240,html_scrape
2026-07-31 06:40,2026-08-01,NBO→KIS,07:00,07:50,50,Unknown,0,197.0,25610,html_scrape
2026-07-31 06:40,2026-08-01,NBO→KIS,23:59,10:10,611,Unknown,2,403.0,52390,html_scrape
2026-07-31 06:40,2026-08-02,NBO→KIS,17:10,18:10,60,Jambojet,0,102.0,13260,html_scrape
2026-07-31 06:40,2026-08-02,NBO→KIS,12:50,13:50,60,Jambojet,0,111.0,14430,html_scrape
2026-07-31 06:40,2026-08-02,NBO→KIS,06:00,07:00,60,Jambojet,0,88.0,11440,html_scrape
2026-07-31 06:40,2026-08-02,NBO→KIS,15:30,16:30,60,Jambojet,0,134.0,17420,html_scrape
2026-07-31 06:40,2026-08-02,NBO→KIS,11:45,12:35,50,Unknown,0,170.0,22100,html_scrape
2026-07-31 06:40,2026-08-02,NBO→KIS,17:20,18:10,50,Unknown,0,170.0,22100,html_scrape
2026-07-31 06:40,2026-08-03,NBO→KIS,17:10,18:10,60,Jambojet,0,95.0,12350,html_scrape
2026-07-31 06:40,2026-08-03,NBO→KIS,12:50,13:50,60,Jambojet,0,102.0,13260,html_scrape
2026-07-31 06:40,2026-08-03,NBO→KIS,09:20,10:20,60,Jambojet,0,111.0,14430,html_scrape
2026-07-31 06:40,2026-08-03,NBO→KIS,06:30,07:30,60,Jambojet,0,95.0,12350,html_scrape
2026-07-31 06:40,2026-08-03,NBO→KIS,06:00,07:00,60,Jambojet,0,102.0,13260,html_scrape
2026-07-31 06:40,2026-08-03,NBO→KIS,15:50,16:40,50,Unknown,0,165.0,21450,html_scrape
2026-07-31 06:40,2026-08-04,NBO→KIS,09:20,10:20,60,Jambojet,0,102.0,13260,html_scrape
2026-07-31 06:40,2026-08-04,NBO→KIS,16:10,17:00,50,Unknown,0,146.0,18980,html_scrape
2026-07-31 06:41,2026-08-05,NBO→KIS,12:50,13:50,60,Jambojet,0,95.0,12350,html_scrape
2026-07-31 06:41,2026-08-05,NBO→KIS,06:00,07:00,60,Jambojet,0,80.0,10400,html_scrape
2026-07-31 06:41,2026-08-06,NBO→KIS,15:30,16:30,60,Jambojet,0,88.0,11440,html_scrape
2026-07-31 06:41,2026-08-06,NBO→KIS,12:50,13:50,60,Jambojet,0,95.0,12350,html_scrape
2026-07-31 06:41,2026-08-06,NBO→KIS,06:00,07:00,60,Jambojet,0,73.0,9490,html_scrape
2026-07-31 06:41,2026-08-06,NBO→KIS,15:30,16:20,50,Unknown,0,134.0,17420,html_scrape
2026-07-31 06:41,2026-08-07,NBO→KIS,15:30,16:30,60,Jambojet,0,88.0,11440,html_scrape
2026-07-31 06:41,2026-08-07,NBO→KIS,17:10,18:10,60,Jambojet,0,88.0,11440,html_scrape
2026-07-31 06:41,2026-08-07,NBO→KIS,12:50,13:50,60,Jambojet,0,95.0,12350,html_scrape
2026-07-31 06:41,2026-08-07,NBO→KIS,09:20,10:20,60,Jambojet,0,88.0,11440,html_scrape
2026-07-31 06:41,2026-08-07,NBO→KIS,18:00,18:50,50,Safarilink,0,105.0,13650,html_scrape
2026-07-31 06:41,2026-08-07,NBO→KIS,06:30,07:30,60,Jambojet,0,80.0,10400,html_scrape
2026-07-31 06:41,2026-08-07,NBO→KIS,19:20,20:10,50,Safarilink,0,105.0,13650,html_scrape
2026-07-31 06:41,2026-08-07,NBO→KIS,06:00,07:00,60,Jambojet,0,80.0,10400,html_scrape
2026-07-31 06:41,2026-08-07,NBO→KIS,16:10,17:00,50,Unknown,0,134.0,17420,html_scrape
2026-07-31 06:41,2026-08-07,NBO→KIS,06:50,07:40,50,Safarilink,0,105.0,13650,html_scrape
2026-07-31 06:42,2026-07-31,NBO→EDL,18:30,19:30,60,Jambojet,0,73.0,9490,html_scrape
2026-07-31 06:42,2026-08-01,NBO→EDL,19:10,20:10,60,Jambojet,0,73.0,9490,html_scrape
2026-07-31 06:42,2026-08-01,NBO→EDL,16:00,17:00,60,Jambojet,0,84.0,10920,html_scrape
2026-07-31 06:42,2026-08-01,NBO→EDL,07:20,08:20,60,Jambojet,0,80.0,10400,html_scrape
2026-07-31 06:42,2026-08-01,NBO→EDL,06:20,07:20,60,Jambojet,0,80.0,10400,html_scrape
2026-07-31 06:42,2026-08-01,NBO→EDL,09:30,10:30,60,Jambojet,0,99.0,12870,html_scrape
2026-07-31 06:42,2026-08-02,NBO→EDL,10:10,11:10,60,Jambojet,0,88.0,11440,html_scrape
2026-07-31 06:42,2026-08-02,NBO→EDL,12:10,13:10,60,Jambojet,0,102.0,13260,html_scrape
2026-07-31 06:42,2026-08-02,NBO→EDL,21:10,09:00,710,Jambojet,2,240.0,31200,html_scrape
2026-07-31 06:42,2026-08-02,NBO→EDL,19:20,09:00,820,Jambojet,2,243.0,31590,html_scrape
2026-07-31 06:42,2026-08-03,NBO→EDL,16:00,17:00,60,Jambojet,0,76.0,9880,html_scrape
2026-07-31 06:42,2026-08-03,NBO→EDL,07:00,12:00,300,Unknown,1,349.0,45370,html_scrape
2026-07-31 06:42,2026-08-03,NBO→EDL,07:15,12:00,285,Unknown,1,402.0,52260,html_scrape
2026-07-31 06:42,2026-08-03,NBO→EDL,06:05,12:00,355,Jambojet,1,358.0,46540,html_scrape
2026-07-31 06:42,2026-08-03,NBO→EDL,21:10,12:00,890,Unknown,1,342.0,44460,html_scrape
2026-07-31 06:42,2026-08-04,NBO→EDL,12:20,13:20,60,Jambojet,0,65.0,8450,html_scrape
2026-07-31 06:42,2026-08-04,NBO→EDL,08:25,12:00,215,Unknown,1,399.0,51870,html_scrape
2026-07-31 06:42,2026-08-04,NBO→EDL,06:00,12:00,360,Unknown,1,355.0,46150,html_scrape
2026-07-31 06:43,2026-08-05,NBO→EDL,12:20,13:20,60,Jambojet,0,65.0,8450,html_scrape
2026-07-31 06:43,2026-08-06,NBO→EDL,16:00,17:00,60,Jambojet,0,65.0,8450,html_scrape
2026-07-31 06:43,2026-08-06,NBO→EDL,06:20,07:20,60,Jambojet,0,65.0,8450,html_scrape
2026-07-31 06:43,2026-08-06,NBO→EDL,21:10,12:00,890,Jambojet,1,301.0,39130,html_scrape
2026-07-31 06:43,2026-08-07,NBO→EDL,17:00,17:40,40,Unknown,0,61.0,7930,html_scrape
2026-07-31 06:43,2026-08-07,NBO→EDL,18:30,19:30,60,Jambojet,0,65.0,8450,html_scrape
2026-07-31 06:43,2026-08-07,NBO→EDL,16:00,17:00,60,Jambojet,0,76.0,9880,html_scrape
2026-07-31 06:43,2026-08-07,NBO→EDL,12:20,13:20,60,Jambojet,0,84.0,10920,html_scrape
2026-07-31 06:43,2026-08-07,NBO→EDL,06:20,07:20,60,Jambojet,0,68.0,8840,html_scrape
2026-07-31 06:43,2026-08-07,NBO→EDL,09:30,10:30,60,Jambojet,0,88.0,11440,html_scrape
2026-07-31 06:43,2026-08-07,NBO→EDL,07:00,12:00,300,Unknown,1,315.0,40950,html_scrape
2026-07-31 06:43,2026-08-07,NBO→EDL,06:30,12:00,330,Unknown,1,306.0,39780,html_scrape
2026-07-31 06:43,2026-08-07,NBO→EDL,23:59,12:00,721,Unknown,1,271.0,35230,html_scrape
2026-07-31 06:43,2026-08-07,NBO→EDL,21:10,12:00,890,Unknown,1,349.0,45370,html_scrape
2026-07-31 17:22,2026-07-31,NBO→MBA,19:20,20:35,75,Jambojet,0,134.0,17420,html_scrape
2026-07-31 17:22,2026-08-01,NBO→MBA,19:00,20:15,75,Jambojet,0,134.0,17420,html_scrape
2026-07-31 17:22,2026-08-01,NBO→MBA,19:20,20:35,75,Jambojet,0,134.0,17420,html_scrape
2026-07-31 17:22,2026-08-01,NBO→MBA,06:45,07:55,70,Safarilink,0,152.0,19760,html_scrape
2026-07-31 17:22,2026-08-01,NBO→MBA,21:10,22:25,75,Jambojet,0,141.0,18330,html_scrape
2026-07-31 17:22,2026-08-01,NBO→MBA,14:45,15:45,60,Unknown,0,197.0,25610,html_scrape
2026-07-31 17:22,2026-08-01,NBO→MBA,19:55,20:55,60,Unknown,0,171.0,22230,html_scrape
2026-07-31 17:22,2026-08-01,NBO→MBA,23:59,00:59,60,Unknown,0,144.0,18720,html_scrape
2026-07-31 17:22,2026-08-01,NBO→MBA,08:00,09:00,60,Unknown,0,236.0,30680,html_scrape
2026-07-31 17:22,2026-08-02,NBO→MBA,19:00,20:15,75,Jambojet,0,119.0,15470,html_scrape
2026-07-31 17:22,2026-08-02,NBO→MBA,19:20,20:35,75,Jambojet,0,119.0,15470,html_scrape
2026-07-31 17:22,2026-08-02,NBO→MBA,18:00,19:00,60,Unknown,0,139.0,18070,html_scrape
2026-07-31 17:22,2026-08-02,NBO→MBA,20:35,21:35,60,Unknown,0,131.0,17030,html_scrape
2026-07-31 17:22,2026-08-02,NBO→MBA,17:30,18:45,75,Jambojet,0,141.0,18330,html_scrape
2026-07-31 17:22,2026-08-02,NBO→MBA,19:30,20:30,60,Unknown,0,137.0,17810,html_scrape
2026-07-31 17:22,2026-08-02,NBO→MBA,14:00,15:10,70,Safarilink,0,152.0,19760,html_scrape
2026-07-31 17:22,2026-08-02,NBO→MBA,13:20,14:35,75,Jambojet,0,148.0,19240,html_scrape
2026-07-31 17:23,2026-08-03,NBO→MBA,21:10,22:25,75,Jambojet,0,99.0,12870,html_scrape
2026-07-31 17:23,2026-08-03,NBO→MBA,18:00,19:00,60,Unknown,0,139.0,18070,html_scrape
2026-07-31 17:23,2026-08-03,NBO→MBA,18:15,19:30,75,Jambojet,0,141.0,18330,html_scrape
2026-07-31 17:23,2026-08-03,NBO→MBA,19:20,20:35,75,Jambojet,0,141.0,18330,html_scrape
2026-07-31 17:23,2026-08-03,NBO→MBA,10:00,11:00,60,Unknown,0,163.0,21190,html_scrape
2026-07-31 17:23,2026-08-04,NBO→MBA,12:30,13:30,60,Unknown,0,94.0,12220,html_scrape
2026-07-31 17:23,2026-08-04,NBO→MBA,17:30,18:45,75,Jambojet,0,102.0,13260,html_scrape
2026-07-31 17:23,2026-08-04,NBO→MBA,19:20,20:35,75,Jambojet,0,99.0,12870,html_scrape
2026-07-31 17:23,2026-08-04,NBO→MBA,17:05,18:20,75,Jambojet,0,119.0,15470,html_scrape
2026-07-31 17:23,2026-08-04,NBO→MBA,13:30,14:45,75,Jambojet,0,148.0,19240,html_scrape
2026-07-31 17:23,2026-08-05,NBO→MBA,19:20,20:35,75,Jambojet,0,95.0,12350,html_scrape
2026-07-31 17:23,2026-08-05,NBO→MBA,18:15,19:30,75,Jambojet,0,99.0,12870,html_scrape
2026-07-31 17:23,2026-08-05,NBO→MBA,18:00,19:00,60,Unknown,0,115.0,14950,html_scrape
2026-07-31 17:23,2026-08-05,NBO→MBA,14:45,15:50,65,Safarilink,0,152.0,19760,html_scrape
2026-07-31 17:23,2026-08-05,NBO→MBA,06:45,07:55,70,Safarilink,0,121.0,15730,html_scrape
2026-07-31 17:23,2026-08-05,NBO→MBA,08:00,09:00,60,Unknown,0,139.0,18070,html_scrape
2026-07-31 17:23,2026-08-06,NBO→MBA,19:20,20:35,75,Jambojet,0,91.0,11830,html_scrape
2026-07-31 17:23,2026-08-06,NBO→MBA,18:00,19:00,60,Unknown,0,102.0,13260,html_scrape
2026-07-31 17:23,2026-08-06,NBO→MBA,17:05,18:20,75,Jambojet,0,119.0,15470,html_scrape
2026-07-31 17:23,2026-08-06,NBO→MBA,07:00,08:00,60,Unknown,0,115.0,14950,html_scrape
2026-07-31 17:23,2026-08-07,NBO→MBA,18:00,19:00,60,Unknown,0,65.0,8450,html_scrape
2026-07-31 17:23,2026-08-07,NBO→MBA,19:20,20:35,75,Jambojet,0,91.0,11830,html_scrape
2026-07-31 17:23,2026-08-07,NBO→MBA,16:00,17:00,60,Unknown,0,102.0,13260,html_scrape
2026-07-31 17:23,2026-08-07,NBO→MBA,21:10,22:25,75,Jambojet,0,88.0,11440,html_scrape
2026-07-31 17:23,2026-08-07,NBO→MBA,15:00,16:00,60,Unknown,0,119.0,15470,html_scrape
2026-07-31 17:23,2026-08-07,NBO→MBA,14:00,15:10,70,Safarilink,0,121.0,15730,html_scrape
2026-07-31 17:24,2026-07-31,NBO→KIS,16:40,17:30,50,Unknown,0,170.0,22100,html_scrape
2026-07-31 17:24,2026-08-01,NBO→KIS,23:59,07:30,1891,Unknown,2,390.0,50700,html_scrape
2026-07-31 17:24,2026-08-02,NBO→KIS,17:10,18:10,60,Jambojet,0,111.0,14430,html_scrape
2026-07-31 17:24,2026-08-02,NBO→KIS,06:00,07:00,60,Jambojet,0,95.0,12350,html_scrape
2026-07-31 17:24,2026-08-02,NBO→KIS,09:10,10:10,60,Jambojet,0,126.0,16380,html_scrape
2026-07-31 17:24,2026-08-02,NBO→KIS,11:45,12:35,50,Unknown,0,192.0,24960,html_scrape
2026-07-31 17:24,2026-08-02,NBO→KIS,18:00,07:30,810,Unknown,2,492.0,63960,html_scrape
2026-07-31 17:24,2026-08-03,NBO→KIS,17:10,18:10,60,Jambojet,0,102.0,13260,html_scrape
2026-07-31 17:24,2026-08-03,NBO→KIS,12:50,13:50,60,Jambojet,0,111.0,14430,html_scrape
2026-07-31 17:24,2026-08-03,NBO→KIS,15:30,16:30,60,Jambojet,0,119.0,15470,html_scrape
2026-07-31 17:24,2026-08-03,NBO→KIS,06:30,07:30,60,Jambojet,0,102.0,13260,html_scrape
2026-07-31 17:24,2026-08-03,NBO→KIS,09:20,10:20,60,Jambojet,0,126.0,16380,html_scrape
2026-07-31 17:25,2026-08-04,NBO→KIS,15:30,16:30,60,Jambojet,0,95.0,12350,html_scrape
2026-07-31 17:25,2026-08-04,NBO→KIS,18:50,19:50,60,Jambojet,0,95.0,12350,html_scrape
2026-07-31 17:25,2026-08-04,NBO→KIS,12:50,13:50,60,Jambojet,0,102.0,13260,html_scrape
2026-07-31 17:25,2026-08-04,NBO→KIS,06:00,07:00,60,Jambojet,0,80.0,10400,html_scrape
2026-07-31 17:25,2026-08-04,NBO→KIS,09:20,10:20,60,Jambojet,0,111.0,14430,html_scrape
2026-07-31 17:25,2026-08-05,NBO→KIS,12:50,13:50,60,Jambojet,0,102.0,13260,html_scrape
2026-07-31 17:25,2026-08-06,NBO→KIS,18:00,19:00,60,Jambojet,0,80.0,10400,html_scrape
2026-07-31 17:25,2026-08-06,NBO→KIS,15:30,16:30,60,Jambojet,0,95.0,12350,html_scrape
2026-07-31 17:25,2026-08-06,NBO→KIS,06:30,07:30,60,Jambojet,0,80.0,10400,html_scrape
2026-07-31 17:25,2026-08-07,NBO→KIS,06:30,07:30,60,Jambojet,0,84.0,10920,html_scrape
2026-07-31 17:25,2026-08-07,NBO→KIS,06:00,07:00,60,Jambojet,0,84.0,10920,html_scrape
2026-07-31 17:26,2026-07-31,NBO→EDL,19:10,20:10,60,Jambojet,0,84.0,10920,html_scrape
2026-07-31 17:26,2026-08-01,NBO→EDL,19:10,20:10,60,Jambojet,0,84.0,10920,html_scrape
2026-07-31 17:26,2026-08-02,NBO→EDL,10:10,11:10,60,Jambojet,0,95.0,12350,html_scrape
2026-07-31 17:26,2026-08-02,NBO→EDL,12:10,13:10,60,Jambojet,0,119.0,15470,html_scrape
2026-07-31 17:26,2026-08-02,NBO→EDL,20:35,13:20,1005,Unknown,2,260.0,33800,html_scrape
2026-07-31 17:26,2026-08-03,NBO→EDL,17:00,17:40,40,Unknown,0,78.0,10140,html_scrape
2026-07-31 17:26,2026-08-03,NBO→EDL,18:30,19:30,60,Jambojet,0,68.0,8840,html_scrape
2026-07-31 17:26,2026-08-03,NBO→EDL,12:20,13:20,60,Jambojet,0,84.0,10920,html_scrape
2026-07-31 17:26,2026-08-03,NBO→EDL,16:00,17:00,60,Jambojet,0,84.0,10920,html_scrape
2026-07-31 17:26,2026-08-03,NBO→EDL,09:30,10:30,60,Jambojet,0,95.0,12350,html_scrape
2026-07-31 17:26,2026-08-03,NBO→EDL,06:20,07:20,60,Jambojet,0,84.0,10920,html_scrape
2026-07-31 17:26,2026-08-03,NBO→EDL,07:00,12:00,300,Unknown,1,374.0,48620,html_scrape
2026-07-31 17:26,2026-08-03,NBO→EDL,21:10,12:00,890,Unknown,1,362.0,47060,html_scrape
2026-07-31 17:26,2026-08-04,NBO→EDL,06:00,12:00,360,Unknown,1,417.0,54210,html_scrape
2026-07-31 17:26,2026-08-04,NBO→EDL,19:20,12:00,1000,Unknown,1,344.0,44720,html_scrape
2026-07-31 17:26,2026-08-04,NBO→EDL,18:15,12:00,1065,Unknown,1,344.0,44720,html_scrape
2026-07-31 17:27,2026-08-05,NBO→EDL,06:05,12:00,355,Unknown,1,355.0,46150,html_scrape
2026-07-31 17:27,2026-08-05,NBO→EDL,21:10,12:00,890,Unknown,1,360.0,46800,html_scrape
2026-07-31 17:27,2026-08-05,NBO→EDL,19:20,12:00,1000,Unknown,1,360.0,46800,html_scrape
2026-07-31 17:27,2026-08-06,NBO→EDL,08:25,12:00,215,Unknown,1,417.0,54210,html_scrape
2026-07-31 17:27,2026-08-07,NBO→EDL,09:30,10:30,60,Jambojet,0,91.0,11830,html_scrape
2026-08-01 06:22,2026-08-01,NBO→MBA,20:35,21:35,60,Unknown,0,197.0,25610,html_scrape
2026-08-01 06:22,2026-08-02,NBO→MBA,14:45,15:50,65,Safarilink,0,152.0,19760,html_scrape
2026-08-01 06:22,2026-08-02,NBO→MBA,13:35,14:50,75,Jambojet,0,148.0,19240,html_scrape
2026-08-01 06:22,2026-08-02,NBO→MBA,08:00,09:00,60,Unknown,0,137.0,17810,html_scrape
2026-08-01 06:22,2026-08-02,NBO→MBA,17:30,18:45,75,Jambojet,0,148.0,19240,html_scrape
2026-08-01 06:22,2026-08-02,NBO→MBA,08:25,09:40,75,Jambojet,0,141.0,18330,html_scrape
2026-08-01 06:22,2026-08-03,NBO→MBA,21:10,22:25,75,Jambojet,0,102.0,13260,html_scrape
2026-08-01 06:22,2026-08-03,NBO→MBA,14:45,15:50,65,Safarilink,0,152.0,19760,html_scrape
2026-08-01 06:22,2026-08-03,NBO→MBA,13:35,14:50,75,Jambojet,0,148.0,19240,html_scrape
2026-08-01 06:22,2026-08-03,NBO→MBA,09:40,10:55,75,Jambojet,0,148.0,19240,html_scrape
2026-08-01 06:22,2026-08-03,NBO→MBA,18:15,19:30,75,Jambojet,0,148.0,19240,html_scrape
2026-08-01 06:22,2026-08-04,NBO→MBA,21:10,22:25,75,Jambojet,0,88.0,11440,html_scrape
2026-08-01 06:22,2026-08-04,NBO→MBA,12:30,13:30,60,Unknown,0,144.0,18720,html_scrape
2026-08-01 06:22,2026-08-04,NBO→MBA,19:25,20:25,60,Unknown,0,144.0,18720,html_scrape
2026-08-01 06:23,2026-08-05,NBO→MBA,06:05,07:20,75,Jambojet,0,111.0,14430,html_scrape
2026-08-01 06:23,2026-08-05,NBO→MBA,17:30,18:45,75,Jambojet,0,148.0,19240,html_scrape
2026-08-01 06:23,2026-08-06,NBO→MBA,18:00,19:00,60,Unknown,0,115.0,14950,html_scrape
2026-08-01 06:23,2026-08-07,NBO→MBA,18:00,19:00,60,Unknown,0,79.0,10270,html_scrape
2026-08-01 06:23,2026-08-08,NBO→MBA,12:00,13:00,60,Unknown,0,90.0,11700,html_scrape
2026-08-01 06:23,2026-08-08,NBO→MBA,16:30,17:45,75,Jambojet,0,88.0,11440,html_scrape
2026-08-01 06:23,2026-08-08,NBO→MBA,18:00,19:00,60,Unknown,0,90.0,11700,html_scrape
2026-08-01 06:23,2026-08-08,NBO→MBA,17:30,18:45,75,Jambojet,0,88.0,11440,html_scrape
2026-08-01 06:23,2026-08-08,NBO→MBA,08:30,09:30,60,Unknown,0,90.0,11700,html_scrape
2026-08-01 06:23,2026-08-08,NBO→MBA,10:00,11:00,60,Unknown,0,102.0,13260,html_scrape
2026-08-01 06:23,2026-08-08,NBO→MBA,19:20,20:35,75,Jambojet,0,88.0,11440,html_scrape
2026-08-01 06:23,2026-08-08,NBO→MBA,21:10,22:25,75,Jambojet,0,84.0,10920,html_scrape
2026-08-01 06:23,2026-08-08,NBO→MBA,19:40,20:40,60,Unknown,0,93.0,12090,html_scrape
2026-08-01 06:23,2026-08-08,NBO→MBA,13:30,14:45,75,Jambojet,0,111.0,14430,html_scrape
2026-08-01 06:24,2026-08-01,NBO→KIS,17:20,18:10,50,Unknown,0,170.0,22100,html_scrape
2026-08-01 06:24,2026-08-02,NBO→KIS,17:10,18:10,60,Jambojet,0,119.0,15470,html_scrape
2026-08-01 06:24,2026-08-02,NBO→KIS,12:50,13:50,60,Jambojet,0,134.0,17420,html_scrape
2026-08-01 06:24,2026-08-02,NBO→KIS,06:00,07:00,60,Jambojet,0,102.0,13260,html_scrape
2026-08-01 06:24,2026-08-02,NBO→KIS,09:10,10:10,60,Jambojet,0,134.0,17420,html_scrape
2026-08-01 06:24,2026-08-02,NBO→KIS,11:45,12:35,50,Unknown,0,197.0,25610,html_scrape
2026-08-01 06:24,2026-08-03,NBO→KIS,17:10,18:10,60,Jambojet,0,111.0,14430,html_scrape
2026-08-01 06:24,2026-08-03,NBO→KIS,12:50,13:50,60,Jambojet,0,119.0,15470,html_scrape
2026-08-01 06:24,2026-08-04,NBO→KIS,06:30,07:30,60,Jambojet,0,88.0,11440,html_scrape
2026-08-01 06:24,2026-08-05,NBO→KIS,17:10,18:10,60,Jambojet,0,88.0,11440,html_scrape
2026-08-01 06:24,2026-08-05,NBO→KIS,09:20,10:20,60,Jambojet,0,95.0,12350,html_scrape
2026-08-01 06:24,2026-08-05,NBO→KIS,06:30,07:30,60,Jambojet,0,88.0,11440,html_scrape
2026-08-01 06:25,2026-08-06,NBO→KIS,06:00,07:00,60,Jambojet,0,80.0,10400,html_scrape
2026-08-01 06:25,2026-08-06,NBO→KIS,15:30,16:20,50,Unknown,0,146.0,18980,html_scrape
2026-08-01 06:25,2026-08-07,NBO→KIS,15:30,16:30,60,Jambojet,0,91.0,11830,html_scrape
2026-08-01 06:25,2026-08-07,NBO→KIS,16:10,17:00,50,Unknown,0,139.0,18070,html_scrape
2026-08-01 06:25,2026-08-08,NBO→KIS,12:50,13:50,60,Jambojet,0,84.0,10920,html_scrape
2026-08-01 06:25,2026-08-08,NBO→KIS,18:00,19:00,60,Jambojet,0,76.0,9880,html_scrape
2026-08-01 06:25,2026-08-08,NBO→KIS,17:05,18:05,60,Jambojet,0,80.0,10400,html_scrape
2026-08-01 06:25,2026-08-08,NBO→KIS,09:20,10:20,60,Jambojet,0,95.0,12350,html_scrape
2026-08-01 06:25,2026-08-08,NBO→KIS,06:30,07:30,60,Jambojet,0,84.0,10920,html_scrape
2026-08-01 06:25,2026-08-08,NBO→KIS,18:00,18:50,50,Safarilink,0,105.0,13650,html_scrape
2026-08-01 06:25,2026-08-08,NBO→KIS,06:00,07:00,60,Jambojet,0,80.0,10400,html_scrape
2026-08-01 06:25,2026-08-08,NBO→KIS,19:20,20:10,50,Safarilink,0,105.0,13650,html_scrape
2026-08-01 06:25,2026-08-08,NBO→KIS,16:25,17:15,50,Unknown,0,127.0,16510,html_scrape
2026-08-01 06:25,2026-08-08,NBO→KIS,06:50,07:40,50,Safarilink,0,105.0,13650,html_scrape
2026-08-01 06:25,2026-08-01,NBO→EDL,16:00,17:00,60,Jambojet,0,73.0,9490,html_scrape
2026-08-01 06:25,2026-08-01,NBO→EDL,18:30,19:30,60,Jambojet,0,73.0,9490,html_scrape
2026-08-01 06:25,2026-08-01,NBO→EDL,10:10,11:10,60,Jambojet,0,111.0,14430,html_scrape
2026-08-01 06:26,2026-08-02,NBO→EDL,10:10,11:10,60,Jambojet,0,119.0,15470,html_scrape
2026-08-01 06:26,2026-08-03,NBO→EDL,17:00,17:40,40,Unknown,0,79.0,10270,html_scrape
2026-08-01 06:26,2026-08-03,NBO→EDL,21:10,12:00,890,Unknown,1,373.0,48490,html_scrape
2026-08-01 06:26,2026-08-03,NBO→EDL,19:20,12:00,1000,Unknown,1,417.0,54210,html_scrape
2026-08-01 06:26,2026-08-03,NBO→EDL,18:15,12:00,1065,Unknown,1,417.0,54210,html_scrape
2026-08-01 06:26,2026-08-04,NBO→EDL,17:00,17:40,40,Unknown,0,62.0,8060,html_scrape
2026-08-01 06:26,2026-08-04,NBO→EDL,09:45,17:40,475,Jambojet,2,280.0,36400,html_scrape
2026-08-01 06:26,2026-08-04,NBO→EDL,09:45,19:30,585,Jambojet,2,284.0,36920,html_scrape
2026-08-01 06:26,2026-08-04,NBO→EDL,21:10,12:00,890,Unknown,1,351.0,45630,html_scrape
2026-08-01 06:26,2026-08-05,NBO→EDL,08:25,12:00,215,Unknown,1,408.0,53040,html_scrape
2026-08-01 06:26,2026-08-05,NBO→EDL,06:05,12:00,355,Unknown,1,364.0,47320,html_scrape
2026-08-01 06:26,2026-08-06,NBO→EDL,17:00,17:40,40,Unknown,0,62.0,8060,html_scrape
2026-08-01 06:26,2026-08-06,NBO→EDL,23:59,12:00,721,Unknown,1,308.0,40040,html_scrape
2026-08-01 06:27,2026-08-07,NBO→EDL,17:00,17:40,40,Unknown,0,62.0,8060,html_scrape
2026-08-01 06:27,2026-08-07,NBO→EDL,07:00,12:00,300,Unknown,1,329.0,42770,html_scrape
2026-08-01 06:27,2026-08-07,NBO→EDL,06:30,12:00,330,Unknown,1,307.0,39910,html_scrape
2026-08-01 06:27,2026-08-08,NBO→EDL,12:20,13:20,60,Jambojet,0,65.0,8450,html_scrape
2026-08-01 06:27,2026-08-08,NBO→EDL,17:00,17:40,40,Unknown,0,69.0,8970,html_scrape
2026-08-01 06:27,2026-08-08,NBO→EDL,09:30,10:30,60,Jambojet,0,65.0,8450,html_scrape
2026-08-01 06:27,2026-08-08,NBO→EDL,19:10,20:10,60,Jambojet,0,65.0,8450,html_scrape
2026-08-01 06:27,2026-08-08,NBO→EDL,16:00,17:00,60,Jambojet,0,80.0,10400,html_scrape
2026-08-01 06:27,2026-08-08,NBO→EDL,07:20,08:20,60,Jambojet,0,65.0,8450,html_scrape
2026-08-01 06:27,2026-08-08,NBO→EDL,06:20,07:20,60,Jambojet,0,65.0,8450,html_scrape
2026-08-01 06:27,2026-08-08,NBO→EDL,08:25,12:00,215,Unknown,1,417.0,54210,html_scrape
2026-08-01 06:27,2026-08-08,NBO→EDL,06:00,12:00,360,Unknown,1,362.0,47060,html_scrape
2026-08-01 06:27,2026-08-08,NBO→EDL,23:59,12:00,721,Unknown,1,288.0,37440,html_scrape
2026-08-01 16:53,2026-08-02,NBO→MBA,19:20,20:35,75,Jambojet,0,134.0,17420,html_scrape
2026-08-01 16:53,2026-08-02,NBO→MBA,06:45,07:55,70,Safarilink,0,121.0,15730,html_scrape
2026-08-01 16:53,2026-08-02,NBO→MBA,19:00,20:15,75,Jambojet,0,141.0,18330,html_scrape
2026-08-01 16:53,2026-08-02,NBO→MBA,19:30,20:30,60,Unknown,0,149.0,19370,html_scrape
2026-08-01 16:53,2026-08-02,NBO→MBA,21:10,22:25,75,Jambojet,0,141.0,18330,html_scrape
2026-08-01 16:53,2026-08-02,NBO→MBA,20:35,21:35,60,Unknown,0,149.0,19370,html_scrape
2026-08-01 16:53,2026-08-02,NBO→MBA,08:00,09:00,60,Unknown,0,156.0,20280,html_scrape
2026-08-01 16:53,2026-08-02,NBO→MBA,15:00,16:00,60,Unknown,0,197.0,25610,html_scrape
2026-08-01 16:53,2026-08-03,NBO→MBA,14:00,15:10,70,Safarilink,0,152.0,19760,html_scrape
2026-08-01 16:53,2026-08-03,NBO→MBA,21:10,22:25,75,Jambojet,0,141.0,18330,html_scrape
2026-08-01 16:53,2026-08-03,NBO→MBA,19:20,20:35,75,Jambojet,0,148.0,19240,html_scrape
2026-08-01 16:53,2026-08-03,NBO→MBA,19:05,20:05,60,Unknown,0,192.0,24960,html_scrape
2026-08-01 16:53,2026-08-03,NBO→MBA,23:59,00:59,60,Unknown,0,166.0,21580,html_scrape
2026-08-01 16:53,2026-08-03,NBO→MBA,11:45,12:45,60,Unknown,0,255.0,33150,html_scrape
2026-08-01 16:53,2026-08-04,NBO→MBA,18:15,19:30,75,Jambojet,0,99.0,12870,html_scrape
2026-08-01 16:53,2026-08-04,NBO→MBA,21:10,22:25,75,Jambojet,0,95.0,12350,html_scrape
2026-08-01 16:53,2026-08-04,NBO→MBA,17:30,18:45,75,Jambojet,0,111.0,14430,html_scrape
2026-08-01 16:53,2026-08-04,NBO→MBA,18:00,19:00,60,Unknown,0,139.0,18070,html_scrape
2026-08-01 16:53,2026-08-04,NBO→MBA,17:05,18:20,75,Jambojet,0,141.0,18330,html_scrape
2026-08-01 16:53,2026-08-04,NBO→MBA,12:00,13:00,60,Unknown,0,164.0,21320,html_scrape
2026-08-01 16:53,2026-08-05,NBO→MBA,19:20,20:35,75,Jambojet,0,99.0,12870,html_scrape
2026-08-01 16:53,2026-08-05,NBO→MBA,21:10,22:25,75,Jambojet,0,91.0,11830,html_scrape
2026-08-01 16:53,2026-08-06,NBO→MBA,20:00,21:00,60,Unknown,0,94.0,12220,html_scrape
2026-08-01 16:53,2026-08-06,NBO→MBA,19:20,20:35,75,Jambojet,0,95.0,12350,html_scrape
2026-08-01 16:53,2026-08-06,NBO→MBA,17:30,18:45,75,Jambojet,0,111.0,14430,html_scrape
2026-08-01 16:53,2026-08-06,NBO→MBA,23:59,00:59,60,Unknown,0,94.0,12220,html_scrape
2026-08-01 16:53,2026-08-06,NBO→MBA,17:05,18:20,75,Jambojet,0,134.0,17420,html_scrape
2026-08-01 16:53,2026-08-06,NBO→MBA,13:30,14:45,75,Jambojet,0,148.0,19240,html_scrape
2026-08-01 16:54,2026-08-07,NBO→MBA,12:00,13:00,60,Unknown,0,115.0,14950,html_scrape
2026-08-01 16:54,2026-08-07,NBO→MBA,14:45,15:50,65,Safarilink,0,121.0,15730,html_scrape
2026-08-01 16:54,2026-08-07,NBO→MBA,15:00,16:00,60,Unknown,0,125.0,16250,html_scrape
2026-08-01 16:54,2026-08-01,NBO→KIS,11:45,12:35,50,Unknown,0,197.0,25610,html_scrape
2026-08-01 16:54,2026-08-02,NBO→KIS,06:50,07:40,50,Safarilink,0,120.0,15600,html_scrape
2026-08-01 16:54,2026-08-02,NBO→KIS,18:00,07:00,780,Unknown,2,504.0,65520,html_scrape
2026-08-01 16:54,2026-08-02,NBO→KIS,18:00,07:30,810,Unknown,2,493.0,64090,html_scrape
2026-08-01 16:54,2026-08-02,NBO→KIS,18:00,18:10,1450,Unknown,2,484.0,62920,html_scrape
2026-08-01 16:55,2026-08-03,NBO→KIS,15:30,16:30,60,Jambojet,0,111.0,14430,html_scrape
2026-08-01 16:55,2026-08-03,NBO→KIS,06:30,07:30,60,Jambojet,0,111.0,14430,html_scrape
2026-08-01 16:55,2026-08-03,NBO→KIS,06:00,07:00,60,Jambojet,0,111.0,14430,html_scrape
2026-08-01 16:55,2026-08-04,NBO→KIS,18:50,19:50,60,Jambojet,0,88.0,11440,html_scrape
2026-08-01 16:55,2026-08-04,NBO→KIS,12:50,13:50,60,Jambojet,0,111.0,14430,html_scrape
2026-08-01 16:55,2026-08-04,NBO→KIS,09:20,10:20,60,Jambojet,0,119.0,15470,html_scrape
2026-08-01 16:55,2026-08-05,NBO→KIS,06:00,07:00,60,Jambojet,0,88.0,11440,html_scrape
2026-08-01 16:55,2026-08-06,NBO→KIS,09:20,10:20,60,Jambojet,0,95.0,12350,html_scrape
2026-08-01 16:56,2026-08-08,NBO→KIS,09:20,10:20,60,Jambojet,0,99.0,12870,html_scrape
2026-08-01 16:56,2026-08-08,NBO→KIS,06:00,07:00,60,Jambojet,0,84.0,10920,html_scrape
2026-08-01 16:56,2026-08-01,NBO→EDL,17:00,17:40,40,Unknown,0,79.0,10270,html_scrape
2026-08-01 16:56,2026-08-01,NBO→EDL,18:30,19:30,60,Unknown,0,143.0,18590,html_scrape
2026-08-01 16:56,2026-08-02,NBO→EDL,13:45,13:20,1415,Jambojet,2,329.0,42770,html_scrape
2026-08-01 16:56,2026-08-02,NBO→EDL,13:45,17:40,1675,Jambojet,2,319.0,41470,html_scrape
2026-08-01 16:56,2026-08-02,NBO→EDL,13:45,17:00,1635,Jambojet,2,325.0,42250,html_scrape
2026-08-01 16:56,2026-08-03,NBO→EDL,18:30,19:30,60,Jambojet,0,80.0,10400,html_scrape
2026-08-01 16:56,2026-08-03,NBO→EDL,12:20,13:20,60,Jambojet,0,88.0,11440,html_scrape
2026-08-01 16:56,2026-08-03,NBO→EDL,09:30,10:30,60,Jambojet,0,102.0,13260,html_scrape
2026-08-01 16:56,2026-08-03,NBO→EDL,06:20,07:20,60,Jambojet,0,88.0,11440,html_scrape
2026-08-01 16:56,2026-08-03,NBO→EDL,21:10,12:00,890,Unknown,1,417.0,54210,html_scrape
2026-08-01 16:56,2026-08-03,NBO→EDL,18:00,07:20,800,Unknown,2,460.0,59800,html_scrape
2026-08-01 16:57,2026-08-04,NBO→EDL,21:10,12:00,890,Unknown,1,362.0,47060,html_scrape
2026-08-01 16:57,2026-08-05,NBO→EDL,08:25,12:00,215,Unknown,1,417.0,54210,html_scrape
2026-08-01 16:57,2026-08-05,NBO→EDL,06:05,12:00,355,Unknown,1,373.0,48490,html_scrape
2026-08-01 16:57,2026-08-05,NBO→EDL,19:20,12:00,1000,Unknown,1,362.0,47060,html_scrape
2026-08-01 16:57,2026-08-06,NBO→EDL,16:00,17:00,60,Jambojet,0,68.0,8840,html_scrape
2026-08-01 16:57,2026-08-06,NBO→EDL,06:00,12:00,360,Unknown,1,417.0,54210,html_scrape
2026-08-01 16:57,2026-08-07,NBO→EDL,06:20,07:20,60,Jambojet,0,76.0,9880,html_scrape
2026-08-01 16:57,2026-08-08,NBO→EDL,09:30,10:30,60,Jambojet,0,68.0,8840,html_scrape
2026-08-02 06:27,2026-08-02,NBO→MBA,19:30,20:30,60,Unknown,0,156.0,20280,html_scrape
2026-08-02 06:27,2026-08-02,NBO→MBA,23:59,00:59,60,Unknown,0,149.0,19370,html_scrape
2026-08-02 06:27,2026-08-03,NBO→MBA,06:45,07:55,70,Safarilink,0,152.0,19760,html_scrape
2026-08-02 06:27,2026-08-03,NBO→MBA,23:59,00:59,60,Unknown,0,151.0,19630,html_scrape
2026-08-02 06:27,2026-08-03,NBO→MBA,07:15,08:15,60,Unknown,0,255.0,33150,html_scrape
2026-08-02 06:27,2026-08-04,NBO→MBA,18:15,19:30,75,Jambojet,0,102.0,13260,html_scrape
2026-08-02 06:27,2026-08-04,NBO→MBA,19:20,20:35,75,Jambojet,0,102.0,13260,html_scrape
2026-08-02 06:27,2026-08-04,NBO→MBA,21:10,22:25,75,Jambojet,0,99.0,12870,html_scrape
2026-08-02 06:27,2026-08-04,NBO→MBA,17:30,18:45,75,Jambojet,0,126.0,16380,html_scrape
2026-08-02 06:27,2026-08-04,NBO→MBA,17:05,18:20,75,Jambojet,0,148.0,19240,html_scrape
2026-08-02 06:27,2026-08-04,NBO→MBA,19:25,20:25,60,Unknown,0,151.0,19630,html_scrape
2026-08-02 06:28,2026-08-05,NBO→MBA,23:59,00:59,60,Unknown,0,114.0,14820,html_scrape
2026-08-02 06:28,2026-08-06,NBO→MBA,21:10,22:25,75,Jambojet,0,91.0,11830,html_scrape
2026-08-02 06:28,2026-08-06,NBO→MBA,20:00,21:00,60,Unknown,0,108.0,14040,html_scrape
2026-08-02 06:28,2026-08-08,NBO→MBA,21:10,22:25,75,Jambojet,0,88.0,11440,html_scrape
2026-08-02 06:28,2026-08-09,NBO→MBA,18:15,19:30,75,Jambojet,0,80.0,10400,html_scrape
2026-08-02 06:28,2026-08-09,NBO→MBA,16:00,17:00,60,Unknown,0,90.0,11700,html_scrape
2026-08-02 06:28,2026-08-09,NBO→MBA,19:20,20:35,75,Jambojet,0,80.0,10400,html_scrape
2026-08-02 06:28,2026-08-09,NBO→MBA,21:10,22:25,75,Jambojet,0,80.0,10400,html_scrape
2026-08-02 06:28,2026-08-09,NBO→MBA,12:00,13:00,60,Unknown,0,102.0,13260,html_scrape
2026-08-02 06:28,2026-08-09,NBO→MBA,08:30,09:30,60,Unknown,0,90.0,11700,html_scrape
2026-08-02 06:28,2026-08-09,NBO→MBA,08:25,09:40,75,Jambojet,0,99.0,12870,html_scrape
2026-08-02 06:28,2026-08-09,NBO→MBA,14:45,15:50,65,Safarilink,0,121.0,15730,html_scrape
2026-08-02 06:28,2026-08-09,NBO→MBA,18:00,19:00,60,Unknown,0,115.0,14950,html_scrape
2026-08-02 06:28,2026-08-09,NBO→MBA,14:00,15:10,70,Safarilink,0,121.0,15730,html_scrape
2026-08-02 06:29,2026-08-03,NBO→KIS,06:30,07:30,60,Jambojet,0,119.0,15470,html_scrape
2026-08-02 06:29,2026-08-03,NBO→KIS,10:55,11:45,50,Unknown,0,165.0,21450,html_scrape
2026-08-02 06:29,2026-08-04,NBO→KIS,06:00,07:00,60,Jambojet,0,88.0,11440,html_scrape
2026-08-02 06:29,2026-08-04,NBO→KIS,16:10,17:00,50,Unknown,0,165.0,21450,html_scrape
2026-08-02 06:30,2026-08-06,NBO→KIS,15:30,16:20,50,Unknown,0,165.0,21450,html_scrape
2026-08-02 06:30,2026-08-07,NBO→KIS,17:10,18:10,60,Jambojet,0,91.0,11830,html_scrape
2026-08-02 06:30,2026-08-08,NBO→KIS,16:25,17:15,50,Unknown,0,134.0,17420,html_scrape
2026-08-02 06:30,2026-08-09,NBO→KIS,15:30,16:30,60,Jambojet,0,80.0,10400,html_scrape
2026-08-02 06:30,2026-08-09,NBO→KIS,09:10,10:10,60,Jambojet,0,73.0,9490,html_scrape
2026-08-02 06:30,2026-08-09,NBO→KIS,17:10,18:10,60,Jambojet,0,80.0,10400,html_scrape
2026-08-02 06:30,2026-08-09,NBO→KIS,12:50,13:50,60,Jambojet,0,88.0,11440,html_scrape
2026-08-02 06:30,2026-08-09,NBO→KIS,06:30,07:30,60,Jambojet,0,65.0,8450,html_scrape
2026-08-02 06:30,2026-08-09,NBO→KIS,18:00,18:50,50,Safarilink,0,105.0,13650,html_scrape
2026-08-02 06:30,2026-08-09,NBO→KIS,06:00,07:00,60,Jambojet,0,73.0,9490,html_scrape
2026-08-02 06:30,2026-08-09,NBO→KIS,19:20,20:10,50,Safarilink,0,105.0,13650,html_scrape
2026-08-02 06:30,2026-08-09,NBO→KIS,11:45,12:35,50,Unknown,0,134.0,17420,html_scrape
2026-08-02 06:30,2026-08-09,NBO→KIS,16:30,17:20,50,Unknown,0,134.0,17420,html_scrape
2026-08-02 06:31,2026-08-02,NBO→EDL,18:30,19:30,60,Jambojet,0,80.0,10400,html_scrape
2026-08-02 06:31,2026-08-02,NBO→EDL,16:00,17:00,60,Jambojet,0,84.0,10920,html_scrape
2026-08-02 06:31,2026-08-02,NBO→EDL,12:20,13:20,60,Jambojet,0,91.0,11830,html_scrape
2026-08-02 06:31,2026-08-03,NBO→EDL,12:20,13:20,60,Jambojet,0,91.0,11830,html_scrape
2026-08-02 06:31,2026-08-03,NBO→EDL,06:20,07:20,60,Jambojet,0,91.0,11830,html_scrape
2026-08-02 06:31,2026-08-03,NBO→EDL,09:30,10:30,60,Jambojet,0,111.0,14430,html_scrape
2026-08-02 06:31,2026-08-03,NBO→EDL,23:59,12:00,721,Jambojet,1,289.0,37570,html_scrape
2026-08-02 06:31,2026-08-03,NBO→EDL,21:10,12:00,890,Jambojet,1,290.0,37700,html_scrape
2026-08-02 06:31,2026-08-03,NBO→EDL,23:59,10:30,631,Unknown,2,406.0,52780,html_scrape
2026-08-02 06:31,2026-08-04,NBO→EDL,17:00,17:40,40,Unknown,0,70.0,9100,html_scrape
2026-08-02 06:31,2026-08-04,NBO→EDL,06:00,12:00,360,Jambojet,1,297.0,38610,html_scrape
2026-08-02 06:31,2026-08-04,NBO→EDL,09:45,17:40,475,Jambojet,2,289.0,37570,html_scrape
2026-08-02 06:31,2026-08-04,NBO→EDL,09:45,19:30,585,Jambojet,2,285.0,37050,html_scrape
2026-08-02 06:31,2026-08-05,NBO→EDL,17:00,17:40,40,Unknown,0,70.0,9100,html_scrape
2026-08-02 06:31,2026-08-05,NBO→EDL,23:59,12:00,721,Unknown,1,298.0,38740,html_scrape
2026-08-02 06:31,2026-08-05,NBO→EDL,23:59,10:30,631,Unknown,2,340.0,44200,html_scrape
2026-08-02 06:31,2026-08-06,NBO→EDL,07:00,12:00,300,Unknown,1,350.0,45500,html_scrape
2026-08-02 06:32,2026-08-07,NBO→EDL,18:30,19:30,60,Jambojet,0,68.0,8840,html_scrape
2026-08-02 06:32,2026-08-07,NBO→EDL,07:00,12:00,300,Unknown,1,330.0,42900,html_scrape
2026-08-02 06:32,2026-08-08,NBO→EDL,17:00,17:40,40,Unknown,0,70.0,9100,html_scrape
2026-08-02 06:32,2026-08-08,NBO→EDL,23:59,12:00,721,Unknown,1,289.0,37570,html_scrape
2026-08-02 06:32,2026-08-09,NBO→EDL,17:00,17:40,40,Unknown,0,62.0,8060,html_scrape
2026-08-02 06:32,2026-08-09,NBO→EDL,12:10,13:10,60,Jambojet,0,68.0,8840,html_scrape
2026-08-02 06:32,2026-08-09,NBO→EDL,16:00,17:00,60,Jambojet,0,73.0,9490,html_scrape
2026-08-02 06:32,2026-08-09,NBO→EDL,09:30,10:30,60,Jambojet,0,68.0,8840,html_scrape
2026-08-02 06:32,2026-08-09,NBO→EDL,18:30,19:30,60,Jambojet,0,80.0,10400,html_scrape
2026-08-02 06:32,2026-08-09,NBO→EDL,08:25,12:00,215,Unknown,1,362.0,47060,html_scrape
2026-08-02 06:32,2026-08-09,NBO→EDL,06:05,12:00,355,Unknown,1,360.0,46800,html_scrape
2026-08-02 06:32,2026-08-09,NBO→EDL,21:10,12:00,890,Unknown,1,325.0,42250,html_scrape
2026-08-02 06:32,2026-08-09,NBO→EDL,19:20,12:00,1000,Unknown,1,305.0,39650,html_scrape
2026-08-02 06:32,2026-08-09,NBO→EDL,18:15,12:00,1065,Unknown,1,314.0,40820,html_scrape
2026-08-02 16:52,2026-08-02,NBO→MBA,19:20,20:35,75,Jambojet,0,148.0,19240,html_scrape
2026-08-02 16:52,2026-08-02,NBO→MBA,21:10,22:25,75,Jambojet,0,148.0,19240,html_scrape
2026-08-02 16:52,2026-08-02,NBO→MBA,06:45,07:55,70,Safarilink,0,152.0,19760,html_scrape
2026-08-02 16:52,2026-08-03,NBO→MBA,21:10,22:25,75,Jambojet,0,148.0,19240,html_scrape
2026-08-02 16:52,2026-08-03,NBO→MBA,14:00,15:10,70,Safarilink,0,193.0,25090,html_scrape
2026-08-02 16:52,2026-08-03,NBO→MBA,19:05,20:05,60,Unknown,0,219.0,28470,html_scrape
2026-08-02 16:52,2026-08-03,NBO→MBA,23:59,00:59,60,Unknown,0,187.0,24310,html_scrape
2026-08-02 16:52,2026-08-04,NBO→MBA,18:15,19:30,75,Jambojet,0,111.0,14430,html_scrape
2026-08-02 16:52,2026-08-04,NBO→MBA,19:20,20:35,75,Jambojet,0,111.0,14430,html_scrape
2026-08-02 16:52,2026-08-04,NBO→MBA,21:10,22:25,75,Jambojet,0,111.0,14430,html_scrape
2026-08-02 16:52,2026-08-04,NBO→MBA,19:25,20:25,60,Unknown,0,166.0,21580,html_scrape
2026-08-02 16:52,2026-08-04,NBO→MBA,23:59,00:59,60,Unknown,0,139.0,18070,html_scrape
2026-08-02 16:52,2026-08-04,NBO→MBA,06:00,07:15,75,Jambojet,0,148.0,19240,html_scrape
2026-08-02 16:52,2026-08-04,NBO→MBA,14:00,15:10,70,Safarilink,0,193.0,25090,html_scrape
2026-08-02 16:52,2026-08-05,NBO→MBA,18:15,19:30,75,Jambojet,0,102.0,13260,html_scrape
2026-08-02 16:52,2026-08-05,NBO→MBA,23:59,00:59,60,Unknown,0,120.0,15600,html_scrape
2026-08-02 16:52,2026-08-06,NBO→MBA,19:20,20:35,75,Jambojet,0,99.0,12870,html_scrape
2026-08-02 16:52,2026-08-06,NBO→MBA,17:05,18:20,75,Jambojet,0,141.0,18330,html_scrape
2026-08-02 16:53,2026-08-07,NBO→MBA,18:15,19:30,75,Jambojet,0,99.0,12870,html_scrape
2026-08-02 16:53,2026-08-07,NBO→MBA,16:00,17:00,60,Unknown,0,115.0,14950,html_scrape
2026-08-02 16:53,2026-08-07,NBO→MBA,12:30,13:30,60,Unknown,0,131.0,17030,html_scrape
2026-08-02 16:53,2026-08-09,NBO→MBA,18:15,19:30,75,Jambojet,0,84.0,10920,html_scrape
2026-08-02 16:53,2026-08-09,NBO→MBA,06:05,07:20,75,Jambojet,0,88.0,11440,html_scrape
2026-08-02 16:54,2026-08-03,NBO→KIS,06:50,07:40,50,Safarilink,0,120.0,15600,html_scrape
2026-08-02 16:54,2026-08-03,NBO→KIS,23:59,12:55,776,Jambojet,1,289.0,37570,html_scrape
2026-08-02 16:54,2026-08-03,NBO→KIS,21:10,12:55,945,Jambojet,1,297.0,38610,html_scrape
2026-08-02 16:54,2026-08-03,NBO→KIS,23:59,17:00,1021,Unknown,2,317.0,41210,html_scrape
2026-08-02 16:54,2026-08-04,NBO→KIS,15:30,16:30,60,Jambojet,0,102.0,13260,html_scrape
2026-08-02 16:54,2026-08-05,NBO→KIS,17:10,18:10,60,Jambojet,0,95.0,12350,html_scrape
2026-08-02 16:54,2026-08-05,NBO→KIS,12:50,13:50,60,Jambojet,0,111.0,14430,html_scrape
2026-08-02 16:54,2026-08-07,NBO→KIS,17:10,18:10,60,Jambojet,0,95.0,12350,html_scrape
2026-08-02 16:54,2026-08-07,NBO→KIS,12:50,13:50,60,Jambojet,0,99.0,12870,html_scrape
2026-08-02 16:55,2026-08-08,NBO→KIS,09:20,10:20,60,Jambojet,0,102.0,13260,html_scrape
2026-08-02 16:55,2026-08-09,NBO→KIS,09:10,10:10,60,Jambojet,0,80.0,10400,html_scrape
2026-08-02 16:55,2026-08-09,NBO→KIS,12:50,13:50,60,Jambojet,0,95.0,12350,html_scrape
2026-08-02 16:55,2026-08-09,NBO→KIS,06:30,07:30,60,Jambojet,0,73.0,9490,html_scrape
2026-08-02 16:55,2026-08-02,NBO→EDL,06:20,07:20,60,Jambojet,0,65.0,8450,html_scrape
2026-08-02 16:55,2026-08-02,NBO→EDL,15:50,16:50,60,Jambojet,0,65.0,8450,html_scrape
2026-08-02 16:55,2026-08-02,NBO→EDL,09:30,10:30,60,Jambojet,0,65.0,8450,html_scrape
2026-08-02 16:55,2026-08-03,NBO→EDL,21:10,12:00,890,Jambojet,1,297.0,38610,html_scrape
2026-08-02 16:56,2026-08-04,NBO→EDL,15:50,16:50,60,Jambojet,0,68.0,8840,html_scrape
2026-08-02 16:56,2026-08-04,NBO→EDL,21:10,12:00,890,Unknown,1,373.0,48490,html_scrape
2026-08-02 16:56,2026-08-05,NBO→EDL,06:05,12:00,355,Unknown,1,399.0,51870,html_scrape
2026-08-02 16:56,2026-08-07,NBO→EDL,18:30,19:30,60,Jambojet,0,73.0,9490,html_scrape
2026-08-02 16:56,2026-08-07,NBO→EDL,21:10,12:00,890,Jambojet,1,267.0,34710,html_scrape
2026-08-02 16:56,2026-08-08,NBO→EDL,06:00,12:00,360,Unknown,1,334.0,43420,html_scrape
2026-08-02 16:57,2026-08-09,NBO→EDL,12:10,13:10,60,Jambojet,0,73.0,9490,html_scrape
2026-08-02 16:57,2026-08-09,NBO→EDL,09:30,10:30,60,Jambojet,0,73.0,9490,html_scrape
2026-08-03 06:53,2026-08-03,NBO→MBA,23:59,00:59,60,Unknown,0,255.0,33150,html_scrape
2026-08-03 06:53,2026-08-04,NBO→MBA,17:05,18:20,75,Jambojet,0,126.0,16380,html_scrape
2026-08-03 06:53,2026-08-04,NBO→MBA,19:25,20:25,60,Unknown,0,192.0,24960,html_scrape
2026-08-03 06:53,2026-08-04,NBO→MBA,23:59,00:59,60,Unknown,0,192.0,24960,html_scrape
2026-08-03 06:53,2026-08-04,NBO→MBA,09:45,19:30,585,Jambojet,2,338.0,43940,html_scrape
2026-08-03 06:54,2026-08-05,NBO→MBA,21:10,22:25,75,Jambojet,0,95.0,12350,html_scrape
2026-08-03 06:54,2026-08-05,NBO→MBA,18:00,19:00,60,Unknown,0,139.0,18070,html_scrape
2026-08-03 06:54,2026-08-05,NBO→MBA,06:05,07:20,75,Jambojet,0,126.0,16380,html_scrape
2026-08-03 06:54,2026-08-06,NBO→MBA,21:10,22:25,75,Jambojet,0,95.0,12350,html_scrape
2026-08-03 06:54,2026-08-06,NBO→MBA,19:20,20:35,75,Jambojet,0,102.0,13260,html_scrape
2026-08-03 06:54,2026-08-06,NBO→MBA,20:00,21:00,60,Unknown,0,114.0,14820,html_scrape
2026-08-03 06:54,2026-08-06,NBO→MBA,18:00,19:00,60,Unknown,0,139.0,18070,html_scrape
2026-08-03 06:54,2026-08-06,NBO→MBA,23:59,00:59,60,Unknown,0,108.0,14040,html_scrape
2026-08-03 06:54,2026-08-06,NBO→MBA,17:05,18:20,75,Jambojet,0,148.0,19240,html_scrape
2026-08-03 06:54,2026-08-07,NBO→MBA,19:20,20:35,75,Jambojet,0,95.0,12350,html_scrape
2026-08-03 06:54,2026-08-07,NBO→MBA,21:10,22:25,75,Jambojet,0,91.0,11830,html_scrape
2026-08-03 06:54,2026-08-07,NBO→MBA,23:59,00:59,60,Unknown,0,93.0,12090,html_scrape
2026-08-03 06:54,2026-08-08,NBO→MBA,17:30,18:45,75,Jambojet,0,91.0,11830,html_scrape
2026-08-03 06:54,2026-08-09,NBO→MBA,08:30,09:30,60,Unknown,0,102.0,13260,html_scrape
2026-08-03 06:55,2026-08-10,NBO→MBA,18:00,19:00,60,Unknown,0,90.0,11700,html_scrape
2026-08-03 06:55,2026-08-10,NBO→MBA,21:10,22:25,75,Jambojet,0,80.0,10400,html_scrape
2026-08-03 06:55,2026-08-10,NBO→MBA,18:15,19:30,75,Jambojet,0,99.0,12870,html_scrape
2026-08-03 06:55,2026-08-10,NBO→MBA,19:20,20:35,75,Jambojet,0,99.0,12870,html_scrape
2026-08-03 06:55,2026-08-10,NBO→MBA,14:45,15:50,65,Safarilink,0,121.0,15730,html_scrape
2026-08-03 06:55,2026-08-10,NBO→MBA,14:00,15:10,70,Safarilink,0,121.0,15730,html_scrape
2026-08-03 06:55,2026-08-10,NBO→MBA,12:00,13:00,60,Unknown,0,127.0,16510,html_scrape
2026-08-03 06:55,2026-08-10,NBO→MBA,13:00,14:00,60,Unknown,0,144.0,18720,html_scrape
2026-08-03 06:55,2026-08-10,NBO→MBA,10:00,11:00,60,Unknown,0,139.0,18070,html_scrape
2026-08-03 06:55,2026-08-10,NBO→MBA,07:00,08:00,60,Unknown,0,115.0,14950,html_scrape
2026-08-03 06:55,2026-08-04,NBO→KIS,15:30,16:30,60,Jambojet,0,111.0,14430,html_scrape
2026-08-03 06:55,2026-08-04,NBO→KIS,06:30,07:30,60,Jambojet,0,95.0,12350,html_scrape
2026-08-03 06:55,2026-08-04,NBO→KIS,06:00,07:00,60,Jambojet,0,95.0,12350,html_scrape
2026-08-03 06:55,2026-08-04,NBO→KIS,21:10,12:55,945,Jambojet,1,253.0,32890,html_scrape
2026-08-03 06:55,2026-08-05,NBO→KIS,15:30,16:30,60,Jambojet,0,95.0,12350,html_scrape
2026-08-03 06:55,2026-08-05,NBO→KIS,09:20,10:20,60,Jambojet,0,102.0,13260,html_scrape
2026-08-03 06:56,2026-08-06,NBO→KIS,18:00,19:00,60,Jambojet,0,88.0,11440,html_scrape
2026-08-03 06:56,2026-08-06,NBO→KIS,15:30,16:30,60,Jambojet,0,102.0,13260,html_scrape
2026-08-03 06:56,2026-08-06,NBO→KIS,12:50,13:50,60,Jambojet,0,102.0,13260,html_scrape
2026-08-03 06:56,2026-08-06,NBO→KIS,09:20,10:20,60,Jambojet,0,102.0,13260,html_scrape
2026-08-03 06:56,2026-08-06,NBO→KIS,15:30,16:20,50,Unknown,0,192.0,24960,html_scrape
2026-08-03 06:56,2026-08-07,NBO→KIS,15:30,16:30,60,Jambojet,0,95.0,12350,html_scrape
2026-08-03 06:56,2026-08-07,NBO→KIS,16:10,17:00,50,Unknown,0,151.0,19630,html_scrape
2026-08-03 06:56,2026-08-08,NBO→KIS,06:30,07:30,60,Jambojet,0,88.0,11440,html_scrape
2026-08-03 06:56,2026-08-08,NBO→KIS,09:20,10:20,60,Jambojet,0,111.0,14430,html_scrape
2026-08-03 06:56,2026-08-08,NBO→KIS,16:25,17:15,50,Unknown,0,139.0,18070,html_scrape
2026-08-03 06:56,2026-08-09,NBO→KIS,11:45,12:35,50,Unknown,0,139.0,18070,html_scrape
2026-08-03 06:56,2026-08-09,NBO→KIS,16:30,17:20,50,Unknown,0,139.0,18070,html_scrape
2026-08-03 06:56,2026-08-10,NBO→KIS,17:10,18:10,60,Jambojet,0,73.0,9490,html_scrape
2026-08-03 06:56,2026-08-10,NBO→KIS,09:20,10:20,60,Jambojet,0,80.0,10400,html_scrape
2026-08-03 06:56,2026-08-10,NBO→KIS,12:50,13:50,60,Jambojet,0,88.0,11440,html_scrape
2026-08-03 06:56,2026-08-10,NBO→KIS,15:30,16:30,60,Jambojet,0,88.0,11440,html_scrape
2026-08-03 06:56,2026-08-10,NBO→KIS,06:00,07:00,60,Jambojet,0,73.0,9490,html_scrape
2026-08-03 06:56,2026-08-10,NBO→KIS,06:30,07:30,60,Jambojet,0,80.0,10400,html_scrape
2026-08-03 06:56,2026-08-10,NBO→KIS,18:00,18:50,50,Safarilink,0,105.0,13650,html_scrape
2026-08-03 06:56,2026-08-10,NBO→KIS,19:20,20:10,50,Safarilink,0,105.0,13650,html_scrape
2026-08-03 06:56,2026-08-10,NBO→KIS,17:20,18:10,50,Unknown,0,122.0,15860,html_scrape
2026-08-03 06:56,2026-08-10,NBO→KIS,11:45,12:35,50,Unknown,0,134.0,17420,html_scrape
2026-08-03 06:57,2026-08-03,NBO→EDL,06:20,07:20,60,Jambojet,0,65.0,8450,html_scrape
2026-08-03 06:57,2026-08-03,NBO→EDL,09:30,10:30,60,Jambojet,0,65.0,8450,html_scrape
2026-08-03 06:57,2026-08-04,NBO→EDL,09:30,10:30,60,Jambojet,0,68.0,8840,html_scrape
2026-08-03 06:57,2026-08-04,NBO→EDL,12:20,13:20,60,Jambojet,0,76.0,9880,html_scrape
2026-08-03 06:57,2026-08-04,NBO→EDL,15:50,16:50,60,Jambojet,0,76.0,9880,html_scrape
2026-08-03 06:57,2026-08-04,NBO→EDL,06:20,07:20,60,Jambojet,0,68.0,8840,html_scrape
2026-08-03 06:57,2026-08-04,NBO→EDL,09:45,19:30,585,Jambojet,2,292.0,37960,html_scrape
2026-08-03 06:57,2026-08-04,NBO→EDL,09:45,12:00,1575,Jambojet,3,600.0,78000,html_scrape
2026-08-03 06:57,2026-08-05,NBO→EDL,16:00,17:00,60,Jambojet,0,68.0,8840,html_scrape
2026-08-03 06:57,2026-08-05,NBO→EDL,12:20,13:20,60,Jambojet,0,73.0,9490,html_scrape
2026-08-03 06:57,2026-08-05,NBO→EDL,21:10,12:00,890,Unknown,1,362.0,47060,html_scrape
2026-08-03 06:57,2026-08-06,NBO→EDL,12:20,13:20,60,Jambojet,0,68.0,8840,html_scrape
2026-08-03 06:57,2026-08-06,NBO→EDL,07:00,12:00,300,Unknown,1,363.0,47190,html_scrape
2026-08-03 06:58,2026-08-07,NBO→EDL,17:00,17:40,40,Unknown,0,70.0,9100,html_scrape
2026-08-03 06:58,2026-08-07,NBO→EDL,16:00,17:00,60,Jambojet,0,80.0,10400,html_scrape
2026-08-03 06:58,2026-08-07,NBO→EDL,12:20,13:20,60,Jambojet,0,91.0,11830,html_scrape
2026-08-03 06:58,2026-08-07,NBO→EDL,21:10,12:00,890,Jambojet,1,270.0,35100,html_scrape
2026-08-03 06:58,2026-08-08,NBO→EDL,12:20,13:20,60,Jambojet,0,68.0,8840,html_scrape
2026-08-03 06:58,2026-08-08,NBO→EDL,21:10,12:00,890,Unknown,1,349.0,45370,html_scrape
2026-08-03 06:58,2026-08-09,NBO→EDL,16:00,17:00,60,Jambojet,0,76.0,9880,html_scrape
2026-08-03 06:58,2026-08-09,NBO→EDL,09:30,10:30,60,Jambojet,0,76.0,9880,html_scrape
2026-08-03 06:58,2026-08-09,NBO→EDL,18:30,19:30,60,Jambojet,0,84.0,10920,html_scrape
2026-08-03 06:58,2026-08-09,NBO→EDL,08:25,12:00,215,Unknown,1,373.0,48490,html_scrape
2026-08-03 06:58,2026-08-09,NBO→EDL,21:10,12:00,890,Unknown,1,314.0,40820,html_scrape
2026-08-03 06:58,2026-08-09,NBO→EDL,18:15,12:00,1065,Unknown,1,325.0,42250,html_scrape
2026-08-03 06:58,2026-08-10,NBO→EDL,17:00,17:40,40,Unknown,0,70.0,9100,html_scrape
2026-08-03 06:58,2026-08-10,NBO→EDL,16:00,17:00,60,Jambojet,0,65.0,8450,html_scrape
2026-08-03 06:58,2026-08-10,NBO→EDL,09:30,10:30,60,Jambojet,0,65.0,8450,html_scrape
2026-08-03 06:58,2026-08-10,NBO→EDL,18:30,19:30,60,Jambojet,0,65.0,8450,html_scrape
2026-08-03 06:58,2026-08-10,NBO→EDL,12:20,13:20,60,Jambojet,0,73.0,9490,html_scrape
2026-08-03 06:58,2026-08-10,NBO→EDL,06:20,07:20,60,Jambojet,0,65.0,8450,html_scrape
2026-08-03 06:58,2026-08-10,NBO→EDL,08:25,12:00,215,Unknown,1,382.0,49660,html_scrape
2026-08-03 06:58,2026-08-10,NBO→EDL,06:05,12:00,355,Unknown,1,382.0,49660,html_scrape
2026-08-03 06:58,2026-08-10,NBO→EDL,21:10,13:20,970,Jambojet,2,227.0,29510,html_scrape
2026-08-03 06:58,2026-08-10,NBO→EDL,21:10,12:00,890,Unknown,1,322.0,41860,html_scrape
2026-08-03 17:46,2026-08-03,NBO→MBA,19:20,20:35,75,Jambojet,0,134.0,17420,html_scrape
2026-08-03 17:46,2026-08-03,NBO→MBA,21:10,22:25,75,Jambojet,0,134.0,17420,html_scrape
2026-08-03 17:46,2026-08-04,NBO→MBA,19:20,20:35,75,Jambojet,0,134.0,17420,html_scrape
2026-08-03 17:46,2026-08-04,NBO→MBA,21:10,22:25,75,Jambojet,0,134.0,17420,html_scrape
2026-08-03 17:46,2026-08-04,NBO→MBA,14:45,15:50,65,Safarilink,0,193.0,25090,html_scrape
2026-08-03 17:46,2026-08-04,NBO→MBA,09:45,20:35,650,Jambojet,2,361.0,46930,html_scrape
2026-08-03 17:46,2026-08-04,NBO→MBA,09:45,19:30,585,Jambojet,2,385.0,50050,html_scrape
2026-08-03 17:46,2026-08-05,NBO→MBA,18:15,19:30,75,Jambojet,0,119.0,15470,html_scrape
2026-08-03 17:46,2026-08-05,NBO→MBA,21:10,22:25,75,Jambojet,0,111.0,14430,html_scrape
2026-08-03 17:46,2026-08-05,NBO→MBA,19:20,20:35,75,Jambojet,0,126.0,16380,html_scrape
2026-08-03 17:46,2026-08-05,NBO→MBA,06:05,07:20,75,Jambojet,0,148.0,19240,html_scrape
2026-08-03 17:46,2026-08-05,NBO→MBA,08:00,09:00,60,Unknown,0,192.0,24960,html_scrape
2026-08-03 17:46,2026-08-05,NBO→MBA,19:25,20:25,60,Unknown,0,192.0,24960,html_scrape
2026-08-03 17:47,2026-08-06,NBO→MBA,21:10,22:25,75,Jambojet,0,102.0,13260,html_scrape
2026-08-03 17:47,2026-08-06,NBO→MBA,19:20,20:35,75,Jambojet,0,126.0,16380,html_scrape
2026-08-03 17:47,2026-08-06,NBO→MBA,17:30,18:45,75,Jambojet,0,148.0,19240,html_scrape
2026-08-03 17:47,2026-08-06,NBO→MBA,12:00,13:00,60,Unknown,0,164.0,21320,html_scrape
2026-08-03 17:47,2026-08-06,NBO→MBA,08:25,09:40,75,Jambojet,0,148.0,19240,html_scrape
2026-08-03 17:47,2026-08-06,NBO→MBA,10:00,11:00,60,Unknown,0,164.0,21320,html_scrape
2026-08-03 17:47,2026-08-07,NBO→MBA,18:15,19:30,75,Jambojet,0,102.0,13260,html_scrape
2026-08-03 17:47,2026-08-07,NBO→MBA,21:10,22:25,75,Jambojet,0,95.0,12350,html_scrape
2026-08-03 17:47,2026-08-07,NBO→MBA,19:20,20:35,75,Jambojet,0,102.0,13260,html_scrape
2026-08-03 17:47,2026-08-07,NBO→MBA,18:00,19:00,60,Unknown,0,127.0,16510,html_scrape
2026-08-03 17:47,2026-08-07,NBO→MBA,12:00,13:00,60,Unknown,0,152.0,19760,html_scrape
2026-08-03 17:47,2026-08-07,NBO→MBA,06:45,07:55,70,Safarilink,0,121.0,15730,html_scrape
2026-08-03 17:47,2026-08-07,NBO→MBA,07:00,08:00,60,Unknown,0,127.0,16510,html_scrape
2026-08-03 17:47,2026-08-07,NBO→MBA,17:30,18:45,75,Jambojet,0,148.0,19240,html_scrape
2026-08-03 17:47,2026-08-08,NBO→MBA,18:00,19:00,60,Unknown,0,66.0,8580,html_scrape
2026-08-03 17:47,2026-08-08,NBO→MBA,12:00,13:00,60,Unknown,0,79.0,10270,html_scrape
2026-08-03 17:47,2026-08-08,NBO→MBA,08:30,09:30,60,Unknown,0,79.0,10270,html_scrape
2026-08-03 17:47,2026-08-08,NBO→MBA,16:30,17:45,75,Jambojet,0,91.0,11830,html_scrape
2026-08-03 17:47,2026-08-08,NBO→MBA,10:00,11:00,60,Unknown,0,115.0,14950,html_scrape
2026-08-03 17:47,2026-08-08,NBO→MBA,14:45,15:50,65,Safarilink,0,121.0,15730,html_scrape
2026-08-03 17:47,2026-08-08,NBO→MBA,14:00,15:10,70,Safarilink,0,121.0,15730,html_scrape
2026-08-03 17:47,2026-08-09,NBO→MBA,12:00,13:00,60,Unknown,0,66.0,8580,html_scrape
2026-08-03 17:47,2026-08-09,NBO→MBA,16:00,17:00,60,Unknown,0,79.0,10270,html_scrape
2026-08-03 17:47,2026-08-09,NBO→MBA,08:30,09:30,60,Unknown,0,66.0,8580,html_scrape
2026-08-03 17:47,2026-08-09,NBO→MBA,18:15,19:30,75,Jambojet,0,95.0,12350,html_scrape
2026-08-03 17:47,2026-08-09,NBO→MBA,19:20,20:35,75,Jambojet,0,88.0,11440,html_scrape
2026-08-03 17:47,2026-08-09,NBO→MBA,21:10,22:25,75,Jambojet,0,91.0,11830,html_scrape
2026-08-03 17:47,2026-08-09,NBO→MBA,08:25,09:40,75,Jambojet,0,102.0,13260,html_scrape
2026-08-03 17:47,2026-08-09,NBO→MBA,06:05,07:20,75,Jambojet,0,91.0,11830,html_scrape
2026-08-03 17:47,2026-08-10,NBO→MBA,18:00,19:00,60,Unknown,0,66.0,8580,html_scrape
2026-08-03 17:47,2026-08-10,NBO→MBA,21:10,22:25,75,Jambojet,0,88.0,11440,html_scrape
2026-08-03 17:47,2026-08-10,NBO→MBA,19:20,20:35,75,Jambojet,0,102.0,13260,html_scrape
2026-08-03 17:47,2026-08-10,NBO→MBA,18:15,19:30,75,Jambojet,0,111.0,14430,html_scrape
2026-08-03 17:47,2026-08-10,NBO→MBA,12:00,13:00,60,Unknown,0,139.0,18070,html_scrape
2026-08-03 17:48,2026-08-03,NBO→KIS,16:10,17:00,50,Unknown,0,165.0,21450,html_scrape
2026-08-03 17:48,2026-08-04,NBO→KIS,21:10,12:55,945,Jambojet,1,283.0,36790,html_scrape
2026-08-03 17:48,2026-08-04,NBO→KIS,09:45,19:50,605,Jambojet,2,322.0,41860,html_scrape
2026-08-03 17:48,2026-08-04,NBO→KIS,23:59,12:55,776,Jambojet,1,340.0,44200,html_scrape
2026-08-03 17:48,2026-08-05,NBO→KIS,06:30,07:30,60,Jambojet,0,95.0,12350,html_scrape
2026-08-03 17:48,2026-08-05,NBO→KIS,09:20,10:20,60,Jambojet,0,119.0,15470,html_scrape
2026-08-03 17:48,2026-08-05,NBO→KIS,06:00,07:00,60,Jambojet,0,95.0,12350,html_scrape
2026-08-03 17:48,2026-08-06,NBO→KIS,18:00,19:00,60,Jambojet,0,95.0,12350,html_scrape
2026-08-03 17:48,2026-08-06,NBO→KIS,15:30,16:30,60,Jambojet,0,111.0,14430,html_scrape
2026-08-03 17:48,2026-08-06,NBO→KIS,12:50,13:50,60,Jambojet,0,111.0,14430,html_scrape
2026-08-03 17:48,2026-08-06,NBO→KIS,06:30,07:30,60,Jambojet,0,88.0,11440,html_scrape
2026-08-03 17:48,2026-08-06,NBO→KIS,09:20,10:20,60,Jambojet,0,111.0,14430,html_scrape
2026-08-03 17:48,2026-08-06,NBO→KIS,06:00,07:00,60,Jambojet,0,88.0,11440,html_scrape
2026-08-03 17:48,2026-08-06,NBO→KIS,15:30,16:20,50,Unknown,0,187.0,24310,html_scrape
2026-08-03 17:49,2026-08-07,NBO→KIS,15:30,16:30,60,Jambojet,0,102.0,13260,html_scrape
2026-08-03 17:49,2026-08-07,NBO→KIS,09:20,10:20,60,Jambojet,0,99.0,12870,html_scrape
2026-08-03 17:49,2026-08-07,NBO→KIS,17:10,18:10,60,Jambojet,0,102.0,13260,html_scrape
2026-08-03 17:49,2026-08-07,NBO→KIS,12:50,13:50,60,Jambojet,0,111.0,14430,html_scrape
2026-08-03 17:49,2026-08-07,NBO→KIS,06:30,07:30,60,Jambojet,0,88.0,11440,html_scrape
2026-08-03 17:49,2026-08-07,NBO→KIS,06:00,07:00,60,Jambojet,0,88.0,11440,html_scrape
2026-08-03 17:49,2026-08-07,NBO→KIS,08:00,08:50,50,Unknown,0,134.0,17420,html_scrape
2026-08-03 17:49,2026-08-08,NBO→KIS,18:00,19:00,60,Jambojet,0,80.0,10400,html_scrape
2026-08-03 17:49,2026-08-08,NBO→KIS,16:25,17:15,50,Unknown,0,109.0,14170,html_scrape
2026-08-03 17:49,2026-08-08,NBO→KIS,06:30,07:30,60,Jambojet,0,91.0,11830,html_scrape
2026-08-03 17:49,2026-08-08,NBO→KIS,06:00,07:00,60,Jambojet,0,88.0,11440,html_scrape
2026-08-03 17:49,2026-08-08,NBO→KIS,09:20,10:20,60,Jambojet,0,119.0,15470,html_scrape
2026-08-03 17:49,2026-08-08,NBO→KIS,06:50,07:40,50,Safarilink,0,120.0,15600,html_scrape
2026-08-03 17:49,2026-08-09,NBO→KIS,17:10,18:10,60,Jambojet,0,90.0,11700,html_scrape
2026-08-03 17:49,2026-08-09,NBO→KIS,09:10,10:10,60,Jambojet,0,88.0,11440,html_scrape
2026-08-03 17:49,2026-08-09,NBO→KIS,16:30,17:20,50,Unknown,0,104.0,13520,html_scrape
2026-08-03 17:49,2026-08-09,NBO→KIS,12:50,13:50,60,Jambojet,0,102.0,13260,html_scrape
2026-08-03 17:49,2026-08-09,NBO→KIS,11:45,12:35,50,Unknown,0,122.0,15860,html_scrape
2026-08-03 17:49,2026-08-10,NBO→KIS,12:50,13:50,60,Jambojet,0,95.0,12350,html_scrape
2026-08-03 17:49,2026-08-10,NBO→KIS,17:20,18:10,50,Unknown,0,99.0,12870,html_scrape
2026-08-03 17:49,2026-08-10,NBO→KIS,11:45,12:35,50,Unknown,0,117.0,15210,html_scrape
2026-08-03 17:50,2026-08-03,NBO→EDL,07:20,08:20,60,Jambojet,0,65.0,8450,html_scrape
2026-08-03 17:50,2026-08-05,NBO→EDL,12:20,13:20,60,Jambojet,0,76.0,9880,html_scrape
2026-08-03 17:50,2026-08-05,NBO→EDL,16:00,17:00,60,Jambojet,0,76.0,9880,html_scrape
2026-08-03 17:50,2026-08-05,NBO→EDL,09:30,10:30,60,Jambojet,0,73.0,9490,html_scrape
2026-08-03 17:50,2026-08-05,NBO→EDL,06:20,07:20,60,Jambojet,0,80.0,10400,html_scrape
2026-08-03 17:50,2026-08-05,NBO→EDL,21:10,12:00,890,Unknown,1,382.0,49660,html_scrape
2026-08-03 17:50,2026-08-06,NBO→EDL,17:00,17:40,40,Unknown,0,70.0,9100,html_scrape
2026-08-03 17:50,2026-08-06,NBO→EDL,18:30,19:30,60,Jambojet,0,73.0,9490,html_scrape
2026-08-03 17:50,2026-08-06,NBO→EDL,16:00,17:00,60,Jambojet,0,85.0,11050,html_scrape
2026-08-03 17:50,2026-08-06,NBO→EDL,09:30,10:30,60,Jambojet,0,81.0,10530,html_scrape
2026-08-03 17:50,2026-08-06,NBO→EDL,12:20,13:20,60,Jambojet,0,88.0,11440,html_scrape
2026-08-03 17:50,2026-08-06,NBO→EDL,07:20,08:20,60,Jambojet,0,73.0,9490,html_scrape
2026-08-03 17:50,2026-08-06,NBO→EDL,06:20,07:20,60,Jambojet,0,72.0,9360,html_scrape
2026-08-03 17:50,2026-08-06,NBO→EDL,07:00,12:00,300,Unknown,1,375.0,48750,html_scrape
2026-08-03 17:50,2026-08-06,NBO→EDL,18:00,07:20,800,Unknown,2,424.0,55120,html_scrape
2026-08-03 17:50,2026-08-07,NBO→EDL,18:30,19:30,60,Jambojet,0,76.0,9880,html_scrape
2026-08-03 17:50,2026-08-07,NBO→EDL,16:00,17:00,60,Jambojet,0,88.0,11440,html_scrape
2026-08-03 17:50,2026-08-07,NBO→EDL,12:20,13:20,60,Jambojet,0,102.0,13260,html_scrape
2026-08-03 17:50,2026-08-07,NBO→EDL,09:30,10:30,60,Jambojet,0,99.0,12870,html_scrape
2026-08-03 17:50,2026-08-07,NBO→EDL,06:20,07:20,60,Jambojet,0,84.0,10920,html_scrape
2026-08-03 17:50,2026-08-07,NBO→EDL,07:00,12:00,300,Unknown,1,342.0,44460,html_scrape
2026-08-03 17:50,2026-08-07,NBO→EDL,21:10,12:00,890,Jambojet,1,274.0,35620,html_scrape
2026-08-03 17:50,2026-08-07,NBO→EDL,23:59,12:00,721,Unknown,1,322.0,41860,html_scrape
2026-08-03 17:51,2026-08-08,NBO→EDL,17:00,17:40,40,Unknown,0,62.0,8060,html_scrape
2026-08-03 17:51,2026-08-08,NBO→EDL,12:20,13:20,60,Jambojet,0,76.0,9880,html_scrape
2026-08-03 17:51,2026-08-08,NBO→EDL,09:30,10:30,60,Jambojet,0,73.0,9490,html_scrape
2026-08-03 17:51,2026-08-08,NBO→EDL,19:10,20:10,60,Jambojet,0,68.0,8840,html_scrape
2026-08-03 17:51,2026-08-08,NBO→EDL,07:20,08:20,60,Jambojet,0,73.0,9490,html_scrape
2026-08-03 17:51,2026-08-08,NBO→EDL,06:00,12:00,360,Unknown,1,345.0,44850,html_scrape
2026-08-03 17:51,2026-08-08,NBO→EDL,21:10,12:00,890,Jambojet,1,284.0,36920,html_scrape
2026-08-03 17:51,2026-08-09,NBO→EDL,12:10,13:10,60,Jambojet,0,76.0,9880,html_scrape
2026-08-03 17:51,2026-08-09,NBO→EDL,09:30,10:30,60,Jambojet,0,84.0,10920,html_scrape
2026-08-03 17:51,2026-08-09,NBO→EDL,21:10,12:00,890,Unknown,1,327.0,42510,html_scrape
2026-08-03 17:51,2026-08-09,NBO→EDL,19:20,12:00,1000,Unknown,1,325.0,42250,html_scrape
2026-08-03 17:51,2026-08-09,NBO→EDL,18:15,12:00,1065,Unknown,1,327.0,42510,html_scrape
2026-08-03 17:51,2026-08-10,NBO→EDL,17:00,17:40,40,Unknown,0,62.0,8060,html_scrape
2026-08-03 17:51,2026-08-10,NBO→EDL,16:00,17:00,60,Jambojet,0,68.0,8840,html_scrape
2026-08-03 17:51,2026-08-10,NBO→EDL,09:30,10:30,60,Jambojet,0,68.0,8840,html_scrape
2026-08-03 17:51,2026-08-10,NBO→EDL,18:00,13:20,1160,Unknown,2,212.0,27560,html_scrape
2026-08-03 17:51,2026-08-10,NBO→EDL,21:10,12:00,890,Unknown,1,331.0,43030,html_scrape
2026-08-04 06:21,2026-08-04,NBO→MBA,20:00,21:00,60,Unknown,0,255.0,33150,html_scrape
2026-08-04 06:21,2026-08-05,NBO→MBA,18:15,19:30,75,Jambojet,0,148.0,19240,html_scrape
2026-08-04 06:21,2026-08-05,NBO→MBA,21:10,22:25,75,Jambojet,0,141.0,18330,html_scrape
2026-08-04 06:21,2026-08-05,NBO→MBA,19:20,20:35,75,Jambojet,0,148.0,19240,html_scrape
2026-08-04 06:21,2026-08-05,NBO→MBA,14:00,15:10,70,Safarilink,0,193.0,25090,html_scrape
2026-08-04 06:21,2026-08-05,NBO→MBA,15:25,16:25,60,Unknown,0,255.0,33150,html_scrape
2026-08-04 06:22,2026-08-06,NBO→MBA,21:10,22:25,75,Jambojet,0,111.0,14430,html_scrape
2026-08-04 06:22,2026-08-06,NBO→MBA,14:00,15:10,70,Safarilink,0,152.0,19760,html_scrape
2026-08-04 06:22,2026-08-06,NBO→MBA,19:20,20:35,75,Jambojet,0,141.0,18330,html_scrape
2026-08-04 06:22,2026-08-06,NBO→MBA,09:35,10:50,75,Jambojet,0,148.0,19240,html_scrape
2026-08-04 06:22,2026-08-07,NBO→MBA,21:10,22:25,75,Jambojet,0,99.0,12870,html_scrape
2026-08-04 06:22,2026-08-07,NBO→MBA,18:15,19:30,75,Jambojet,0,111.0,14430,html_scrape
2026-08-04 06:22,2026-08-08,NBO→MBA,12:00,13:00,60,Unknown,0,102.0,13260,html_scrape
2026-08-04 06:22,2026-08-08,NBO→MBA,17:30,18:45,75,Jambojet,0,95.0,12350,html_scrape
2026-08-04 06:22,2026-08-09,NBO→MBA,18:15,19:30,75,Jambojet,0,99.0,12870,html_scrape
2026-08-04 06:22,2026-08-09,NBO→MBA,21:10,22:25,75,Jambojet,0,95.0,12350,html_scrape
2026-08-04 06:22,2026-08-09,NBO→MBA,06:05,07:20,75,Jambojet,0,95.0,12350,html_scrape
2026-08-04 06:22,2026-08-10,NBO→MBA,18:00,19:00,60,Unknown,0,79.0,10270,html_scrape
2026-08-04 06:22,2026-08-10,NBO→MBA,06:05,07:20,75,Jambojet,0,102.0,13260,html_scrape
2026-08-04 06:22,2026-08-10,NBO→MBA,14:45,15:50,65,Safarilink,0,152.0,19760,html_scrape
2026-08-04 06:22,2026-08-10,NBO→MBA,06:45,07:55,70,Safarilink,0,121.0,15730,html_scrape
2026-08-04 06:23,2026-08-11,NBO→MBA,18:15,19:30,75,Jambojet,0,91.0,11830,html_scrape
2026-08-04 06:23,2026-08-11,NBO→MBA,19:20,20:35,75,Jambojet,0,88.0,11440,html_scrape
2026-08-04 06:23,2026-08-11,NBO→MBA,21:10,22:25,75,Jambojet,0,84.0,10920,html_scrape
2026-08-04 06:23,2026-08-11,NBO→MBA,17:30,18:45,75,Jambojet,0,99.0,12870,html_scrape
2026-08-04 06:23,2026-08-11,NBO→MBA,18:00,19:00,60,Unknown,0,102.0,13260,html_scrape
2026-08-04 06:23,2026-08-11,NBO→MBA,17:05,18:20,75,Jambojet,0,102.0,13260,html_scrape
2026-08-04 06:23,2026-08-11,NBO→MBA,14:00,15:10,70,Safarilink,0,121.0,15730,html_scrape
2026-08-04 06:23,2026-08-11,NBO→MBA,19:10,20:10,60,Unknown,0,120.0,15600,html_scrape
2026-08-04 06:23,2026-08-11,NBO→MBA,06:00,07:15,75,Jambojet,0,102.0,13260,html_scrape
2026-08-04 06:23,2026-08-11,NBO→MBA,07:00,08:00,60,Unknown,0,115.0,14950,html_scrape
2026-08-04 06:23,2026-08-04,NBO→KIS,16:45,17:35,50,Unknown,0,165.0,21450,html_scrape
2026-08-04 06:23,2026-08-05,NBO→KIS,17:10,18:10,60,Jambojet,0,102.0,13260,html_scrape
2026-08-04 06:23,2026-08-06,NBO→KIS,12:50,13:50,60,Jambojet,0,119.0,15470,html_scrape
2026-08-04 06:23,2026-08-06,NBO→KIS,06:30,07:30,60,Jambojet,0,95.0,12350,html_scrape
2026-08-04 06:23,2026-08-06,NBO→KIS,15:30,16:20,50,Unknown,0,180.0,23400,html_scrape
2026-08-04 06:24,2026-08-07,NBO→KIS,17:10,18:10,60,Jambojet,0,111.0,14430,html_scrape
2026-08-04 06:24,2026-08-08,NBO→KIS,07:00,07:50,50,Unknown,0,109.0,14170,html_scrape
2026-08-04 06:24,2026-08-09,NBO→KIS,17:10,18:10,60,Jambojet,0,95.0,12350,html_scrape
2026-08-04 06:24,2026-08-10,NBO→KIS,09:20,10:20,60,Jambojet,0,88.0,11440,html_scrape
2026-08-04 06:24,2026-08-10,NBO→KIS,06:00,07:00,60,Jambojet,0,80.0,10400,html_scrape
2026-08-04 06:24,2026-08-11,NBO→KIS,18:50,19:50,60,Jambojet,0,73.0,9490,html_scrape
2026-08-04 06:24,2026-08-11,NBO→KIS,12:50,13:50,60,Jambojet,0,80.0,10400,html_scrape
2026-08-04 06:24,2026-08-11,NBO→KIS,15:30,16:30,60,Jambojet,0,80.0,10400,html_scrape
2026-08-04 06:24,2026-08-11,NBO→KIS,09:20,10:20,60,Jambojet,0,80.0,10400,html_scrape
2026-08-04 06:24,2026-08-11,NBO→KIS,06:30,07:30,60,Jambojet,0,73.0,9490,html_scrape
2026-08-04 06:24,2026-08-11,NBO→KIS,17:20,18:10,50,Unknown,0,99.0,12870,html_scrape
2026-08-04 06:24,2026-08-11,NBO→KIS,06:00,07:00,60,Jambojet,0,73.0,9490,html_scrape
2026-08-04 06:24,2026-08-11,NBO→KIS,18:00,18:50,50,Safarilink,0,105.0,13650,html_scrape
2026-08-04 06:24,2026-08-11,NBO→KIS,19:20,20:10,50,Safarilink,0,105.0,13650,html_scrape
2026-08-04 06:24,2026-08-11,NBO→KIS,06:50,07:40,50,Safarilink,0,105.0,13650,html_scrape
2026-08-04 06:25,2026-08-04,NBO→EDL,16:00,17:00,60,Jambojet,0,76.0,9880,html_scrape
2026-08-04 06:25,2026-08-04,NBO→EDL,09:30,10:30,60,Jambojet,0,80.0,10400,html_scrape
2026-08-04 06:25,2026-08-05,NBO→EDL,12:20,13:20,60,Jambojet,0,80.0,10400,html_scrape
2026-08-04 06:25,2026-08-05,NBO→EDL,09:30,10:30,60,Jambojet,0,80.0,10400,html_scrape
2026-08-04 06:25,2026-08-05,NBO→EDL,06:20,07:20,60,Jambojet,0,84.0,10920,html_scrape
2026-08-04 06:25,2026-08-05,NBO→EDL,21:10,12:00,890,Jambojet,1,352.0,45760,html_scrape
2026-08-04 06:25,2026-08-06,NBO→EDL,17:00,17:40,40,Unknown,0,69.0,8970,html_scrape
2026-08-04 06:25,2026-08-06,NBO→EDL,18:30,19:30,60,Jambojet,0,76.0,9880,html_scrape
2026-08-04 06:25,2026-08-06,NBO→EDL,09:30,10:30,60,Jambojet,0,84.0,10920,html_scrape
2026-08-04 06:25,2026-08-06,NBO→EDL,16:00,17:00,60,Jambojet,0,91.0,11830,html_scrape
2026-08-04 06:25,2026-08-06,NBO→EDL,06:20,07:20,60,Jambojet,0,76.0,9880,html_scrape
2026-08-04 06:25,2026-08-06,NBO→EDL,06:00,12:00,360,Jambojet,1,359.0,46670,html_scrape
2026-08-04 06:25,2026-08-06,NBO→EDL,18:00,19:30,1530,Unknown,2,416.0,54080,html_scrape
2026-08-04 06:25,2026-08-07,NBO→EDL,17:00,17:40,40,Unknown,0,79.0,10270,html_scrape
2026-08-04 06:25,2026-08-07,NBO→EDL,18:30,19:30,60,Jambojet,0,80.0,10400,html_scrape
2026-08-04 06:25,2026-08-07,NBO→EDL,06:20,07:20,60,Jambojet,0,88.0,11440,html_scrape
2026-08-04 06:25,2026-08-07,NBO→EDL,07:00,12:00,300,Unknown,1,341.0,44330,html_scrape
2026-08-04 06:25,2026-08-07,NBO→EDL,21:10,12:00,890,Jambojet,1,278.0,36140,html_scrape
2026-08-04 06:26,2026-08-08,NBO→EDL,19:10,20:10,60,Jambojet,0,73.0,9490,html_scrape
2026-08-04 06:26,2026-08-08,NBO→EDL,06:20,07:20,60,Jambojet,0,73.0,9490,html_scrape
2026-08-04 06:26,2026-08-08,NBO→EDL,06:00,12:00,360,Unknown,1,389.0,50570,html_scrape
2026-08-04 06:26,2026-08-08,NBO→EDL,23:59,12:00,721,Unknown,1,294.0,38220,html_scrape
2026-08-04 06:26,2026-08-09,NBO→EDL,09:30,10:30,60,Jambojet,0,80.0,10400,html_scrape
2026-08-04 06:26,2026-08-09,NBO→EDL,17:30,12:00,1110,Unknown,1,382.0,49660,html_scrape
2026-08-04 06:26,2026-08-09,NBO→EDL,09:40,12:00,1580,Unknown,1,382.0,49660,html_scrape
2026-08-04 06:26,2026-08-10,NBO→EDL,06:05,12:00,355,Unknown,1,338.0,43940,html_scrape
2026-08-04 06:26,2026-08-10,NBO→EDL,19:20,12:00,1000,Unknown,1,344.0,44720,html_scrape
2026-08-04 06:26,2026-08-11,NBO→EDL,17:00,17:40,40,Unknown,0,62.0,8060,html_scrape
2026-08-04 06:26,2026-08-11,NBO→EDL,09:30,10:30,60,Jambojet,0,65.0,8450,html_scrape
2026-08-04 06:26,2026-08-11,NBO→EDL,15:50,16:50,60,Jambojet,0,68.0,8840,html_scrape
2026-08-04 06:26,2026-08-11,NBO→EDL,18:30,19:30,60,Jambojet,0,65.0,8450,html_scrape
2026-08-04 06:26,2026-08-11,NBO→EDL,12:20,13:20,60,Jambojet,0,84.0,10920,html_scrape
2026-08-04 06:26,2026-08-11,NBO→EDL,06:20,07:20,60,Jambojet,0,65.0,8450,html_scrape
2026-08-04 06:26,2026-08-11,NBO→EDL,08:25,12:00,215,Unknown,1,399.0,51870,html_scrape
2026-08-04 06:26,2026-08-11,NBO→EDL,06:00,12:00,360,Unknown,1,344.0,44720,html_scrape
2026-08-04 06:26,2026-08-11,NBO→EDL,21:10,12:00,890,Unknown,1,322.0,41860,html_scrape
2026-08-04 06:26,2026-08-11,NBO→EDL,19:20,12:00,1000,Unknown,1,322.0,41860,html_scrape
2026-08-04 17:37,2026-08-04,NBO→MBA,21:10,22:25,75,Jambojet,0,148.0,19240,html_scrape
2026-08-04 17:37,2026-08-04,NBO→MBA,06:45,07:55,70,Safarilink,0,152.0,19760,html_scrape
2026-08-04 17:38,2026-08-05,NBO→MBA,06:45,07:55,70,Safarilink,0,152.0,19760,html_scrape
2026-08-04 17:38,2026-08-05,NBO→MBA,21:10,22:25,75,Jambojet,0,148.0,19240,html_scrape
2026-08-04 17:38,2026-08-05,NBO→MBA,23:59,00:59,60,Unknown,0,192.0,24960,html_scrape
2026-08-04 17:38,2026-08-05,NBO→MBA,12:30,00:59,749,Jambojet,2,377.0,49010,html_scrape
2026-08-04 17:38,2026-08-05,NBO→MBA,12:30,22:25,595,Jambojet,2,437.0,56810,html_scrape
2026-08-04 17:38,2026-08-05,NBO→MBA,07:40,07:15,1415,Unknown,2,822.0,106860,html_scrape
2026-08-04 17:38,2026-08-06,NBO→MBA,21:10,22:25,75,Jambojet,0,141.0,18330,html_scrape
2026-08-04 17:38,2026-08-06,NBO→MBA,19:20,20:35,75,Jambojet,0,148.0,19240,html_scrape
2026-08-04 17:38,2026-08-06,NBO→MBA,06:00,07:15,75,Jambojet,0,148.0,19240,html_scrape
2026-08-04 17:38,2026-08-06,NBO→MBA,20:00,21:00,60,Unknown,0,192.0,24960,html_scrape
2026-08-04 17:38,2026-08-06,NBO→MBA,23:59,00:59,60,Unknown,0,166.0,21580,html_scrape
2026-08-04 17:38,2026-08-06,NBO→MBA,14:45,15:50,65,Safarilink,0,221.0,28730,html_scrape
2026-08-04 17:38,2026-08-06,NBO→MBA,14:00,15:10,70,Safarilink,0,221.0,28730,html_scrape
2026-08-04 17:38,2026-08-06,NBO→MBA,08:00,09:00,60,Unknown,0,255.0,33150,html_scrape
2026-08-04 17:38,2026-08-07,NBO→MBA,21:10,22:25,75,Jambojet,0,111.0,14430,html_scrape
2026-08-04 17:38,2026-08-07,NBO→MBA,19:20,20:35,75,Jambojet,0,126.0,16380,html_scrape
2026-08-04 17:38,2026-08-07,NBO→MBA,18:15,19:30,75,Jambojet,0,148.0,19240,html_scrape
2026-08-04 17:38,2026-08-07,NBO→MBA,08:25,09:40,75,Jambojet,0,148.0,19240,html_scrape
2026-08-04 17:38,2026-08-07,NBO→MBA,07:00,08:00,60,Unknown,0,152.0,19760,html_scrape
2026-08-04 17:38,2026-08-08,NBO→MBA,17:30,18:45,75,Jambojet,0,99.0,12870,html_scrape
2026-08-04 17:38,2026-08-08,NBO→MBA,16:30,17:45,75,Jambojet,0,102.0,13260,html_scrape
2026-08-04 17:38,2026-08-08,NBO→MBA,12:00,13:00,60,Unknown,0,115.0,14950,html_scrape
2026-08-04 17:38,2026-08-08,NBO→MBA,19:20,20:35,75,Jambojet,0,99.0,12870,html_scrape
2026-08-04 17:38,2026-08-08,NBO→MBA,21:10,22:25,75,Jambojet,0,91.0,11830,html_scrape
2026-08-04 17:38,2026-08-08,NBO→MBA,08:30,09:30,60,Unknown,0,127.0,16510,html_scrape
2026-08-04 17:38,2026-08-08,NBO→MBA,06:45,07:55,70,Safarilink,0,121.0,15730,html_scrape
2026-08-04 17:38,2026-08-09,NBO→MBA,16:00,17:00,60,Unknown,0,115.0,14950,html_scrape
2026-08-04 17:38,2026-08-09,NBO→MBA,19:20,20:35,75,Jambojet,0,102.0,13260,html_scrape
2026-08-04 17:38,2026-08-09,NBO→MBA,12:00,13:00,60,Unknown,0,127.0,16510,html_scrape
2026-08-04 17:38,2026-08-09,NBO→MBA,21:10,22:25,75,Jambojet,0,119.0,15470,html_scrape
2026-08-04 17:38,2026-08-09,NBO→MBA,18:15,19:30,75,Jambojet,0,134.0,17420,html_scrape
2026-08-04 17:38,2026-08-09,NBO→MBA,18:00,19:00,60,Unknown,0,139.0,18070,html_scrape
2026-08-04 17:39,2026-08-10,NBO→MBA,18:00,19:00,60,Unknown,0,102.0,13260,html_scrape
2026-08-04 17:39,2026-08-10,NBO→MBA,07:00,08:00,60,Unknown,0,127.0,16510,html_scrape
2026-08-04 17:39,2026-08-10,NBO→MBA,17:30,18:45,75,Jambojet,0,148.0,19240,html_scrape
2026-08-04 17:39,2026-08-10,NBO→MBA,18:15,19:30,75,Jambojet,0,148.0,19240,html_scrape
2026-08-04 17:39,2026-08-10,NBO→MBA,12:00,13:00,60,Unknown,0,164.0,21320,html_scrape
2026-08-04 17:39,2026-08-10,NBO→MBA,08:00,09:00,60,Unknown,0,151.0,19630,html_scrape
2026-08-04 17:39,2026-08-10,NBO→MBA,10:00,11:00,60,Unknown,0,164.0,21320,html_scrape
2026-08-04 17:39,2026-08-11,NBO→MBA,19:20,20:35,75,Jambojet,0,91.0,11830,html_scrape
2026-08-04 17:39,2026-08-11,NBO→MBA,21:10,22:25,75,Jambojet,0,88.0,11440,html_scrape
2026-08-04 17:39,2026-08-11,NBO→MBA,19:10,20:10,60,Unknown,0,126.0,16380,html_scrape
2026-08-04 17:39,2026-08-11,NBO→MBA,06:45,07:55,70,Safarilink,0,121.0,15730,html_scrape
2026-08-04 17:39,2026-08-04,NBO→KIS,16:10,17:00,50,Unknown,0,192.0,24960,html_scrape
2026-08-04 17:39,2026-08-05,NBO→KIS,06:05,12:55,410,Jambojet,1,315.0,40950,html_scrape
2026-08-04 17:39,2026-08-05,NBO→KIS,17:30,16:20,1370,Unknown,2,376.0,48880,html_scrape
2026-08-04 17:39,2026-08-05,NBO→KIS,15:25,16:20,1495,Unknown,2,385.0,50050,html_scrape
2026-08-04 17:40,2026-08-06,NBO→KIS,18:00,19:00,60,Jambojet,0,111.0,14430,html_scrape
2026-08-04 17:40,2026-08-06,NBO→KIS,18:00,18:50,50,Safarilink,0,120.0,15600,html_scrape
2026-08-04 17:40,2026-08-06,NBO→KIS,19:20,20:10,50,Safarilink,0,120.0,15600,html_scrape
2026-08-04 17:40,2026-08-06,NBO→KIS,12:50,13:50,60,Jambojet,0,126.0,16380,html_scrape
2026-08-04 17:40,2026-08-06,NBO→KIS,06:00,07:00,60,Jambojet,0,102.0,13260,html_scrape
2026-08-04 17:40,2026-08-06,NBO→KIS,06:30,07:30,60,Jambojet,0,111.0,14430,html_scrape
2026-08-04 17:40,2026-08-06,NBO→KIS,09:20,10:20,60,Jambojet,0,134.0,17420,html_scrape
2026-08-04 17:40,2026-08-06,NBO→KIS,06:50,07:40,50,Safarilink,0,120.0,15600,html_scrape
2026-08-04 17:40,2026-08-07,NBO→KIS,15:30,16:30,60,Jambojet,0,119.0,15470,html_scrape
2026-08-04 17:40,2026-08-07,NBO→KIS,18:00,18:50,50,Safarilink,0,120.0,15600,html_scrape
2026-08-04 17:40,2026-08-07,NBO→KIS,09:20,10:20,60,Jambojet,0,111.0,14430,html_scrape
2026-08-04 17:40,2026-08-07,NBO→KIS,17:10,18:10,60,Jambojet,0,119.0,15470,html_scrape
2026-08-04 17:40,2026-08-07,NBO→KIS,06:30,07:30,60,Jambojet,0,99.0,12870,html_scrape
2026-08-04 17:40,2026-08-07,NBO→KIS,06:00,07:00,60,Jambojet,0,99.0,12870,html_scrape
2026-08-04 17:40,2026-08-07,NBO→KIS,06:50,07:40,50,Safarilink,0,120.0,15600,html_scrape
2026-08-04 17:40,2026-08-08,NBO→KIS,12:50,13:50,60,Jambojet,0,91.0,11830,html_scrape
2026-08-04 17:40,2026-08-08,NBO→KIS,17:05,18:05,60,Jambojet,0,84.0,10920,html_scrape
2026-08-04 17:40,2026-08-08,NBO→KIS,06:30,07:30,60,Jambojet,0,99.0,12870,html_scrape
2026-08-04 17:40,2026-08-08,NBO→KIS,06:00,07:00,60,Jambojet,0,95.0,12350,html_scrape
2026-08-04 17:40,2026-08-08,NBO→KIS,07:00,07:50,50,Unknown,0,122.0,15860,html_scrape
2026-08-04 17:40,2026-08-09,NBO→KIS,15:30,16:30,60,Jambojet,0,95.0,12350,html_scrape
2026-08-04 17:40,2026-08-09,NBO→KIS,06:30,07:30,60,Jambojet,0,80.0,10400,html_scrape
2026-08-04 17:40,2026-08-09,NBO→KIS,06:00,07:00,60,Jambojet,0,80.0,10400,html_scrape
2026-08-04 17:40,2026-08-09,NBO→KIS,09:10,10:10,60,Jambojet,0,111.0,14430,html_scrape
2026-08-04 17:40,2026-08-09,NBO→KIS,11:45,12:35,50,Unknown,0,127.0,16510,html_scrape
2026-08-04 17:40,2026-08-09,NBO→KIS,12:50,13:50,60,Jambojet,0,126.0,16380,html_scrape
2026-08-04 17:40,2026-08-10,NBO→KIS,17:10,18:10,60,Jambojet,0,80.0,10400,html_scrape
2026-08-04 17:40,2026-08-10,NBO→KIS,09:20,10:20,60,Jambojet,0,95.0,12350,html_scrape
2026-08-04 17:40,2026-08-10,NBO→KIS,06:30,07:30,60,Jambojet,0,88.0,11440,html_scrape
2026-08-04 17:40,2026-08-10,NBO→KIS,11:45,12:35,50,Unknown,0,122.0,15860,html_scrape
2026-08-04 17:41,2026-08-11,NBO→KIS,18:50,19:50,60,Jambojet,0,80.0,10400,html_scrape
2026-08-04 17:41,2026-08-04,NBO→EDL,07:20,08:20,60,Jambojet,0,84.0,10920,html_scrape
2026-08-04 17:41,2026-08-04,NBO→EDL,06:20,07:20,60,Jambojet,0,84.0,10920,html_scrape
2026-08-04 17:41,2026-08-04,NBO→EDL,18:30,19:30,60,Jambojet,0,84.0,10920,html_scrape
2026-08-04 17:41,2026-08-05,NBO→EDL,21:10,12:00,890,Jambojet,1,359.0,46670,html_scrape
2026-08-04 17:41,2026-08-06,NBO→EDL,18:30,19:30,60,Jambojet,0,84.0,10920,html_scrape
2026-08-04 17:41,2026-08-06,NBO→EDL,12:20,13:20,60,Jambojet,0,91.0,11830,html_scrape
2026-08-04 17:41,2026-08-06,NBO→EDL,09:30,10:30,60,Jambojet,0,95.0,12350,html_scrape
2026-08-04 17:41,2026-08-06,NBO→EDL,07:20,08:20,60,Jambojet,0,84.0,10920,html_scrape
2026-08-04 17:41,2026-08-06,NBO→EDL,06:20,07:20,60,Jambojet,0,84.0,10920,html_scrape
2026-08-04 17:41,2026-08-06,NBO→EDL,06:00,19:30,810,Jambojet,2,425.0,55250,html_scrape
2026-08-04 17:41,2026-08-06,NBO→EDL,17:30,07:20,830,Jambojet,2,433.0,56290,html_scrape
2026-08-04 17:42,2026-08-07,NBO→EDL,17:00,17:40,40,Unknown,0,86.0,11180,html_scrape
2026-08-04 17:42,2026-08-07,NBO→EDL,18:30,19:30,60,Jambojet,0,91.0,11830,html_scrape
2026-08-04 17:42,2026-08-07,NBO→EDL,16:00,17:00,60,Jambojet,0,99.0,12870,html_scrape
2026-08-04 17:42,2026-08-07,NBO→EDL,09:30,10:30,60,Jambojet,0,111.0,14430,html_scrape
2026-08-04 17:42,2026-08-07,NBO→EDL,06:20,07:20,60,Jambojet,0,99.0,12870,html_scrape
2026-08-04 17:42,2026-08-07,NBO→EDL,12:20,13:20,60,Jambojet,0,126.0,16380,html_scrape
2026-08-04 17:42,2026-08-08,NBO→EDL,12:20,13:20,60,Jambojet,0,80.0,10400,html_scrape
2026-08-04 17:42,2026-08-08,NBO→EDL,09:30,10:30,60,Jambojet,0,76.0,9880,html_scrape
2026-08-04 17:42,2026-08-08,NBO→EDL,16:00,17:00,60,Jambojet,0,84.0,10920,html_scrape
2026-08-04 17:42,2026-08-08,NBO→EDL,19:10,20:10,60,Jambojet,0,80.0,10400,html_scrape
2026-08-04 17:42,2026-08-08,NBO→EDL,07:20,08:20,60,Jambojet,0,76.0,9880,html_scrape
2026-08-04 17:42,2026-08-08,NBO→EDL,06:20,07:20,60,Jambojet,0,76.0,9880,html_scrape
2026-08-04 17:42,2026-08-09,NBO→EDL,12:10,13:10,60,Jambojet,0,84.0,10920,html_scrape
2026-08-04 17:42,2026-08-09,NBO→EDL,16:00,17:00,60,Jambojet,0,84.0,10920,html_scrape
2026-08-04 17:42,2026-08-09,NBO→EDL,18:30,19:30,60,Jambojet,0,88.0,11440,html_scrape
2026-08-04 17:42,2026-08-09,NBO→EDL,21:10,12:00,890,Unknown,1,363.0,47190,html_scrape
2026-08-04 17:42,2026-08-09,NBO→EDL,19:20,12:00,1000,Unknown,1,346.0,44980,html_scrape
2026-08-04 17:42,2026-08-09,NBO→EDL,18:15,12:00,1065,Unknown,1,390.0,50700,html_scrape
2026-08-04 17:42,2026-08-09,NBO→EDL,17:30,12:00,1110,Unknown,1,390.0,50700,html_scrape
2026-08-04 17:42,2026-08-09,NBO→EDL,09:40,12:00,1580,Unknown,1,390.0,50700,html_scrape
2026-08-04 17:42,2026-08-10,NBO→EDL,09:30,10:30,60,Jambojet,0,73.0,9490,html_scrape
2026-08-04 17:42,2026-08-10,NBO→EDL,06:20,07:20,60,Jambojet,0,68.0,8840,html_scrape
2026-08-04 17:42,2026-08-10,NBO→EDL,06:05,12:00,355,Unknown,1,390.0,50700,html_scrape
2026-08-04 17:42,2026-08-10,NBO→EDL,21:10,12:00,890,Unknown,1,340.0,44200,html_scrape
2026-08-04 17:42,2026-08-10,NBO→EDL,19:20,12:00,1000,Unknown,1,364.0,47320,html_scrape
2026-08-04 17:42,2026-08-10,NBO→EDL,18:15,12:00,1065,Unknown,1,372.0,48360,html_scrape
2026-08-04 17:42,2026-08-11,NBO→EDL,09:30,10:30,60,Jambojet,0,68.0,8840,html_scrape
2026-08-04 17:42,2026-08-11,NBO→EDL,15:50,16:50,60,Jambojet,0,73.0,9490,html_scrape
2026-08-04 17:42,2026-08-11,NBO→EDL,08:25,12:00,215,Unknown,1,408.0,53040,html_scrape
2026-08-04 17:42,2026-08-11,NBO→EDL,06:00,12:00,360,Unknown,1,364.0,47320,html_scrape
2026-08-04 17:42,2026-08-11,NBO→EDL,21:10,12:00,890,Unknown,1,342.0,44460,html_scrape
2026-08-04 17:42,2026-08-11,NBO→EDL,19:20,12:00,1000,Unknown,1,342.0,44460,html_scrape
